brand,ram_gb,storage_gb,battery_mah,main_camera_mp,selfie_camera_mp,screen_size_in,refresh_rate_hz,five_g,fast_charging_w,processor_score,price_inr
Infinix,6,256,4759,50,16,6.48,120,1,25,97,72500
Infinix,8,128,6010,50,16,6.48,120,1,150,33,54500
Motorola,24,128,4710,108,16,6.69,120,0,240,47,73000
Google,4,128,4483,200,20,6.27,144,1,67,65,80500
Apple,8,512,6099,50,20,6.83,90,1,100,55,92000
Tecno,24,256,5782,32,16,6.39,144,1,100,31,71000
Honor,6,256,5517,50,16,6.69,120,1,67,65,75000
Samsung,16,256,7275,64,16,6.42,120,1,240,27,85500
Realme,8,256,6882,50,12,6.96,90,1,240,100,91000
Samsung,12,256,4622,50,20,6.17,90,1,25,78,88500
Tecno,8,512,7127,50,8,6.87,120,1,100,72,93500
Honor,8,1024,4363,12,16,6.75,165,1,80,57,98000
Infinix,6,64,7073,50,16,6.83,90,1,25,79,71500
Motorola,16,256,5224,50,32,6.24,120,1,18,47,72500
Oppo,4,256,7120,108,8,7.0,120,1,100,55,66500
Motorola,8,512,5958,108,50,6.82,60,1,33,55,74000
OnePlus,8,256,4534,50,12,6.49,120,1,100,49,70000
Poco,8,128,6077,50,16,6.97,144,1,120,80,85000
Samsung,12,1024,5128,50,16,6.59,60,0,33,89,108500
Samsung,16,256,4787,32,20,6.22,120,1,67,91,105500
Honor,4,256,6590,108,12,6.53,90,1,240,96,87500
Nothing,6,256,5517,50,20,6.65,144,1,100,77,74000
Apple,6,128,7289,50,20,6.76,144,1,25,32,80000
iQOO,12,128,5986,32,16,6.83,120,1,67,80,86000
Oppo,6,512,4443,64,16,6.34,90,1,45,33,60500
Redmi,24,256,4098,50,16,6.76,120,1,150,46,81500
Honor,6,256,6129,32,8,6.22,120,1,150,62,69500
Motorola,4,256,6328,50,16,6.93,120,1,150,42,65500
Honor,8,1024,5031,50,50,6.35,120,1,240,54,98500
Apple,12,128,4699,50,20,6.7,120,1,18,78,104500
Tecno,16,128,6255,48,8,6.71,120,1,45,49,67000
Google,12,256,5189,50,8,6.39,120,1,45,48,79500
Redmi,8,256,5681,16,16,6.77,165,0,120,60,77000
Poco,8,128,6773,48,32,6.2,60,1,120,52,60000
Motorola,6,256,4808,32,12,6.19,144,1,18,65,77000
Poco,8,512,4392,50,20,6.8,120,1,25,84,83500
Nothing,8,1024,5270,50,16,6.24,144,1,18,89,107500
Honor,8,64,6644,50,32,6.93,60,1,33,88,80500
Oppo,6,256,5406,50,20,6.89,120,1,67,66,79500
Nothing,8,256,5478,12,16,6.55,120,1,10,77,71500
Motorola,16,256,4823,50,32,6.35,120,1,67,66,77000
Apple,8,128,4548,50,32,6.33,144,1,45,99,103000
OnePlus,4,256,7385,200,12,6.16,90,1,10,71,82500
Google,6,256,4202,108,32,6.62,120,0,80,85,85500
Tecno,6,128,4064,50,16,6.54,144,1,25,69,65000
OnePlus,6,128,6731,64,16,6.31,120,1,67,63,67000
Oppo,12,128,6970,48,12,6.48,120,0,18,44,56500
Infinix,12,128,7178,50,16,6.1,90,1,120,26,62000
Motorola,16,256,5895,108,12,6.56,90,1,67,89,93500
Infinix,4,128,5215,50,8,6.51,90,1,80,47,46500
Motorola,6,1024,4370,64,32,6.21,90,1,67,80,98000
Samsung,24,128,7043,200,8,6.65,60,1,80,78,113000
Oppo,4,512,6018,200,20,6.17,90,1,18,78,92000
Infinix,8,128,6987,16,20,6.45,120,1,67,59,66500
Apple,4,256,5435,200,12,6.39,90,1,120,72,105000
Honor,12,256,7229,64,32,6.22,120,1,150,46,75500
Apple,24,128,6365,108,20,6.11,90,1,10,30,93000
Apple,8,128,6803,64,16,6.61,90,1,33,96,111000
Apple,8,256,4028,16,12,6.95,90,1,33,85,94000
Poco,12,256,5665,48,16,6.47,120,1,240,41,79000
Samsung,12,128,6118,32,12,6.8,90,0,80,77,84000
Realme,8,128,6194,48,8,6.15,120,0,150,53,56500
Vivo,8,256,4193,50,8,6.85,120,0,150,70,71000
Motorola,4,128,4899,16,32,6.75,120,1,67,50,54000
Google,24,128,4107,64,20,6.76,60,0,100,83,95500
Oppo,8,512,5739,108,20,6.17,120,1,18,32,77500
OnePlus,6,64,4591,16,20,6.68,60,1,25,65,64500
OnePlus,16,256,7000,50,12,6.97,144,1,25,63,89000
Tecno,6,64,7109,108,12,6.8,60,0,25,35,49500
Poco,8,128,7070,16,20,6.32,165,1,150,91,91000
Tecno,8,128,5599,200,20,6.98,120,1,240,28,67000
Realme,8,128,6394,48,16,6.96,90,1,150,96,83000
Infinix,8,64,4742,108,32,6.33,120,1,33,40,54500
Vivo,8,64,5589,50,16,6.67,120,0,67,83,71500
Motorola,6,256,4785,48,16,6.52,120,1,67,91,84500
Realme,12,128,7127,64,16,6.43,120,1,45,52,69500
Apple,6,512,5166,64,12,6.68,120,1,33,98,119500
Poco,6,256,4486,108,8,6.94,90,1,25,78,77500
Tecno,12,256,7299,50,32,6.65,120,1,100,70,79500
Google,12,64,7385,12,8,6.69,120,1,45,93,95000
Oppo,6,512,4715,50,16,6.28,120,1,18,57,71500
Nothing,16,128,7106,50,16,6.67,120,1,33,86,101000
Poco,12,512,7286,16,32,6.4,120,1,25,35,70000
Infinix,16,256,4311,200,16,6.9,90,1,33,54,78500
Oppo,6,512,6529,64,8,6.42,165,1,240,98,107500
Tecno,6,512,6151,200,16,6.43,120,1,10,96,89000
Xiaomi,6,512,7291,50,20,6.6,144,0,33,71,83500
Poco,12,256,5600,50,12,6.38,120,1,25,43,64000
iQOO,16,512,7234,50,16,6.45,120,1,120,89,99500
Motorola,4,256,5493,200,20,6.51,165,1,100,65,82500
Tecno,8,256,5495,64,16,6.18,90,1,67,46,55500
iQOO,24,128,6105,50,16,6.55,120,1,100,43,76500
iQOO,12,128,6174,64,50,6.39,120,1,45,100,93000
OnePlus,4,128,5925,32,8,6.57,120,1,25,74,70000
Oppo,8,256,6260,50,12,6.73,120,1,10,27,48500
Realme,24,128,5124,50,16,6.15,60,1,10,48,72000
Vivo,16,512,7338,64,32,6.38,90,1,120,78,105000
Vivo,8,256,6081,48,16,6.17,120,1,120,94,95500
Honor,16,256,4966,50,32,6.52,120,1,18,28,67000
iQOO,6,256,5551,50,16,6.45,120,1,100,83,84000
Nothing,16,256,4526,32,32,6.58,90,1,120,90,98500
Apple,8,256,4339,200,8,6.85,120,1,100,69,110000
Google,16,512,4693,50,8,6.19,90,1,33,69,91500
Motorola,8,512,4948,50,16,6.7,120,1,80,89,83500
Apple,8,128,4306,50,32,6.28,144,1,67,60,79000
Honor,12,128,5807,50,16,6.44,120,0,120,41,65500
Xiaomi,8,256,6916,50,32,6.39,90,1,45,60,65500
Infinix,12,128,4025,108,16,6.66,120,1,240,78,74500
Lava,8,128,4211,64,50,6.18,120,1,120,37,52000
iQOO,8,128,6443,32,8,6.73,90,1,25,32,46500
Tecno,16,256,4409,48,12,6.45,120,1,100,47,74000
Apple,12,512,6159,48,50,6.6,120,1,150,47,109500
Redmi,8,512,6303,32,12,6.93,120,1,67,26,67500
Google,12,128,4338,50,16,6.15,120,1,18,47,61500
Poco,16,128,5804,48,12,6.56,120,1,67,97,84500
Tecno,4,256,6000,50,20,6.84,120,1,33,56,66500
Vivo,8,128,6741,50,32,6.35,144,1,25,56,66500
iQOO,6,256,4499,50,12,6.55,120,1,80,87,77000
OnePlus,16,256,5417,50,32,6.63,120,1,240,39,80000
Poco,12,256,7127,16,16,6.28,90,1,25,45,63000
Infinix,12,256,5363,108,16,6.23,120,1,240,62,77000
Apple,8,128,6535,64,32,6.48,120,0,240,37,81000
Poco,4,256,5466,48,8,6.67,120,1,150,85,68500
Motorola,16,256,7248,48,12,6.12,60,1,33,25,62500
Vivo,16,512,7206,50,16,6.49,144,1,100,27,83000
OnePlus,16,256,5751,32,16,6.7,120,1,80,69,86000
Google,6,256,6997,50,16,6.45,120,1,150,64,78000
Tecno,8,128,4235,108,16,6.89,90,1,150,76,72000
Realme,8,256,5555,64,12,6.72,120,1,120,68,76500
Poco,24,256,6812,64,16,6.25,144,0,18,37,85000
Infinix,6,1024,5005,50,20,6.25,120,1,10,61,87000
OnePlus,8,256,6389,48,32,6.45,90,1,25,48,72500
Nothing,12,1024,6074,50,32,6.22,120,1,240,86,117000
Tecno,12,256,6756,64,8,6.29,120,1,120,66,81500
Vivo,8,256,4899,48,8,6.71,120,1,67,68,78500
Nothing,8,1024,4538,200,16,6.64,120,1,100,52,100500
Honor,12,256,5654,200,16,6.97,120,1,18,30,70500
Oppo,6,256,7336,64,32,6.58,90,0,25,42,61500
iQOO,6,512,4240,48,32,6.54,120,1,18,39,69500
Samsung,6,1024,6706,50,50,6.16,90,1,150,96,121500
Infinix,12,256,5719,16,32,6.77,120,1,25,60,72000
OnePlus,6,256,6343,48,16,6.76,120,1,45,72,82000
Samsung,6,1024,7337,32,12,6.46,90,1,67,84,108500
Honor,6,1024,7150,50,32,6.82,90,1,45,65,94000
iQOO,12,1024,4319,48,8,6.65,90,1,240,80,116500
Xiaomi,6,256,4007,12,32,6.88,60,1,33,77,70000
Xiaomi,8,256,5502,200,16,6.45,90,1,120,66,78500
Poco,12,128,5825,64,12,6.2,144,1,18,48,62000
Samsung,12,128,5033,48,8,6.55,90,1,10,77,80000
Realme,8,128,5737,50,16,6.13,120,0,10,58,56000
Redmi,12,512,5913,200,12,6.62,120,0,80,43,76500
OnePlus,6,128,4881,48,12,6.38,165,1,33,84,76000
Tecno,24,512,6177,200,12,6.88,60,0,33,37,92000
Infinix,6,256,6670,200,16,6.44,120,1,150,49,76500
Realme,12,64,4643,200,16,6.36,120,1,120,47,69000
iQOO,12,128,4742,108,16,6.28,90,1,25,30,61000
Tecno,12,128,5598,50,8,6.59,144,1,80,92,91500
Tecno,8,128,5562,50,20,6.85,90,1,10,69,64000
Oppo,16,64,6006,50,32,6.37,120,0,100,54,68500
Xiaomi,6,128,5028,48,20,6.32,120,1,67,57,59500
Poco,6,512,7157,200,16,6.48,120,1,80,60,96000
Poco,6,128,4093,48,12,6.81,60,0,67,89,74000
OnePlus,8,64,6463,48,8,6.94,90,0,80,72,78000
Vivo,24,256,6915,50,8,6.95,120,1,240,100,118500
Xiaomi,12,256,5473,48,16,6.75,144,0,25,95,84500
OnePlus,8,512,5227,50,16,6.29,120,1,45,72,81500
Tecno,16,128,6133,108,32,6.25,120,1,100,59,83500
Oppo,6,512,7402,50,16,6.52,120,1,18,86,99000
Xiaomi,16,256,6060,48,12,6.67,120,1,67,35,71000
iQOO,8,128,6375,200,16,6.84,144,1,100,81,89000
Vivo,8,64,7303,50,32,6.36,165,1,33,65,82000
Redmi,12,512,4700,12,12,6.33,144,1,18,32,65500
iQOO,24,256,5475,48,12,6.48,120,1,100,37,81000
Xiaomi,6,256,5023,48,32,6.81,120,1,67,57,73500
Honor,6,1024,6319,48,50,6.51,120,1,45,72,100500
Lava,16,64,6530,108,20,6.8,165,1,25,73,82000
Realme,16,512,4031,48,20,6.15,120,1,120,44,82500
Oppo,12,128,4094,48,32,6.22,60,1,10,25,51500
Tecno,24,256,6285,48,16,6.92,144,1,45,84,109500
Tecno,6,256,6673,64,20,6.49,90,1,25,33,61500
Samsung,6,128,5293,50,16,6.23,90,0,25,79,71500
Motorola,6,128,6099,16,16,6.37,120,1,150,27,47000
Poco,6,128,7443,32,20,6.49,120,1,25,36,53000
Motorola,12,256,7196,108,16,6.88,120,1,120,43,66000
Tecno,24,128,5593,50,16,6.64,120,1,67,30,66000
Google,6,512,5958,64,16,6.71,120,1,120,42,77500
Oppo,4,512,5566,48,12,6.61,120,1,18,31,64000
Motorola,6,256,5433,50,20,6.48,90,1,100,90,86000
Vivo,24,128,4638,32,16,6.18,120,1,100,60,85000
Oppo,12,256,5930,50,32,6.88,120,0,120,65,83000
Tecno,16,512,5535,48,32,6.13,120,1,10,32,65500
Samsung,6,128,7118,50,20,6.46,165,0,80,32,56000
Xiaomi,6,512,6784,50,32,6.82,120,1,25,100,101500
Oppo,4,256,5226,48,32,6.45,144,1,67,52,64000
Motorola,16,256,7023,12,8,6.53,90,1,18,46,60500
Google,8,128,5039,50,12,6.61,120,1,150,25,58500
Nothing,4,128,4165,50,16,6.82,120,1,67,46,52000
Poco,6,256,6577,16,32,6.63,120,1,18,81,71500
Nothing,6,256,7057,64,16,6.42,90,1,10,58,69500
iQOO,4,128,6044,108,12,6.95,60,1,150,92,90500
Infinix,6,128,5276,50,8,6.79,60,1,67,30,48000
Motorola,12,256,5959,108,12,6.29,90,1,120,75,88000
Google,4,256,5106,50,16,6.68,120,1,240,58,87000
Google,6,256,7016,48,8,6.87,120,1,25,88,79000
Motorola,4,64,5391,50,12,6.3,90,1,240,52,62000
Motorola,16,256,7148,64,16,6.2,120,1,80,77,89000
Motorola,12,256,6548,64,8,6.99,144,1,18,83,86000
Samsung,6,128,5833,48,16,6.9,90,1,80,60,72000
Vivo,12,256,5396,32,32,6.19,120,1,150,31,66500
Poco,16,256,6185,50,8,6.63,144,1,45,34,75000
Google,8,256,5233,16,16,6.85,90,1,10,40,76000
Samsung,8,128,5534,48,16,6.37,144,1,45,49,61000
Motorola,8,512,5299,48,8,6.42,120,1,33,88,99500
Nothing,6,512,4411,64,12,6.78,120,1,120,80,87500
Google,4,256,6685,50,12,6.71,90,1,33,80,79000
Redmi,8,256,6389,48,32,6.16,120,1,67,51,56000
Realme,8,64,6726,50,16,6.68,165,1,240,44,71500
Samsung,8,512,7438,50,32,6.49,120,1,10,89,101000
Poco,4,128,5724,48,20,6.84,120,1,25,65,65000
Realme,6,256,5989,50,8,6.81,90,1,100,88,80000
Tecno,6,256,4434,16,12,6.98,165,1,18,35,47000
Samsung,16,512,4589,48,16,6.8,60,1,80,100,111000
Google,12,256,5875,16,32,6.83,120,1,120,34,71500
Nothing,12,128,4668,108,12,6.39,60,1,240,92,92500
Samsung,6,256,4699,16,16,6.3,90,1,150,71,75500
iQOO,6,64,7172,48,16,6.24,144,1,45,79,74500
Tecno,8,256,7387,50,20,6.4,120,1,10,71,75000
Vivo,12,128,5985,200,12,6.3,120,1,100,38,70000
Xiaomi,8,256,7290,108,20,6.63,120,1,80,32,69500
Vivo,8,256,4577,50,8,6.6,90,1,18,93,81000
Lava,12,256,5052,50,20,6.51,165,1,80,35,66500
iQOO,4,512,4497,50,12,6.65,120,1,240,39,72000
Samsung,6,128,4146,200,16,6.43,60,0,240,45,68500
Vivo,8,256,4851,50,32,6.46,120,1,120,39,71500
Realme,8,256,4745,48,16,6.49,90,1,80,38,65500
Vivo,8,512,4771,48,12,6.32,90,1,45,95,95500
Poco,4,256,4014,50,16,6.89,120,1,80,92,83000
Oppo,8,256,6330,16,16,7.0,90,1,25,84,85000
iQOO,8,512,4774,50,16,6.22,120,1,45,36,63500
Honor,12,256,6327,48,20,6.57,60,1,120,67,73000
Infinix,8,256,7476,64,16,6.56,60,1,240,35,63000
Oppo,6,256,5444,200,16,6.98,165,1,80,98,103500
Realme,12,128,5910,48,12,6.89,120,1,45,80,82000
Vivo,8,128,5556,48,12,6.65,120,1,240,28,58500
Nothing,8,1024,5194,64,12,6.97,120,0,10,72,104000
Tecno,8,256,6980,50,32,6.11,120,1,18,99,85000
Vivo,8,256,6777,50,20,6.41,90,1,150,82,78000
Google,12,128,5646,50,12,6.86,60,1,18,49,80500
Redmi,4,128,6849,64,16,6.88,144,1,240,32,63000
Realme,24,256,7283,108,32,6.56,90,1,150,77,98000
Infinix,6,256,6331,12,16,6.88,120,1,80,64,65500
Nothing,6,128,6414,200,16,6.46,120,0,240,57,80000
Vivo,12,512,6775,50,32,6.16,90,1,33,85,90500
Vivo,12,128,4777,50,12,6.8,120,1,25,86,78500
OnePlus,12,256,7197,48,8,6.28,120,1,33,39,67500
Oppo,8,128,4125,64,16,6.78,120,0,45,90,75000
Realme,8,128,5531,50,12,6.73,90,1,240,65,68000
Tecno,12,128,7412,200,16,6.13,120,1,18,83,96000
Poco,8,256,6916,48,12,6.87,120,1,45,50,57500
iQOO,12,256,4734,108,32,6.72,120,1,25,33,67500
Infinix,8,64,4122,50,12,6.97,120,1,10,84,73000
Oppo,24,128,5725,64,32,6.56,120,1,80,94,99000
Tecno,6,64,6756,108,12,6.34,120,0,25,93,72000
Realme,16,512,6438,64,20,6.27,120,1,120,86,102500
Poco,8,64,5667,48,50,6.93,120,1,150,32,59500
Infinix,4,256,5860,50,16,6.88,120,1,120,69,71500
Honor,8,256,7211,16,16,6.31,120,1,10,75,79000
Samsung,8,128,5872,48,16,6.47,144,1,150,99,100000
Motorola,8,256,6287,64,12,6.71,120,1,150,51,67500
Nothing,8,128,4932,108,32,6.34,60,1,100,58,66000
Oppo,12,1024,4133,48,16,6.67,90,0,67,83,96000
Infinix,8,512,5693,50,32,6.19,120,1,33,38,63500
Google,8,512,4551,50,16,6.44,60,1,45,32,64000
Google,8,128,5810,48,12,6.48,90,1,45,25,57500
Redmi,6,128,4384,50,32,6.97,120,1,45,44,56500
Samsung,8,256,5485,50,50,6.65,120,1,45,92,89500
Lava,6,64,5205,200,16,6.46,120,1,150,93,79500
Lava,16,512,5438,50,50,6.9,60,1,100,28,75000
Honor,4,128,6384,50,20,6.57,60,1,45,57,48000
Xiaomi,16,512,6851,50,20,6.46,60,0,10,32,62500
Honor,8,512,6260,50,32,6.9,120,1,240,81,95000
Apple,6,256,4007,48,32,6.74,90,1,45,48,88000
Motorola,8,128,6750,64,32,6.29,60,1,25,46,58500
Apple,8,1024,6207,200,32,6.99,120,0,33,30,115500
Motorola,16,128,4249,50,20,6.29,90,1,33,93,85000
Vivo,4,256,6811,108,16,6.56,144,1,240,92,90500
iQOO,8,256,4358,200,16,6.5,90,1,240,42,76500
iQOO,8,256,6612,50,12,6.9,120,1,67,75,77500
Samsung,8,512,4847,200,32,6.21,165,1,80,28,85000
OnePlus,4,128,7152,50,50,6.99,90,1,25,35,64500
Vivo,6,512,5859,64,12,6.19,120,0,33,68,83000
Poco,8,256,5858,64,16,6.7,165,1,100,57,75500
iQOO,16,256,6750,32,32,6.28,165,1,80,32,73500
iQOO,12,256,7063,48,16,6.45,90,1,10,97,92000
Google,8,256,7145,48,12,6.33,120,1,100,81,93500
Realme,16,512,7444,50,16,6.55,144,1,150,27,87500
Infinix,8,256,5649,50,32,6.25,90,1,33,73,77000
Google,8,512,4710,50,20,6.54,120,1,10,70,86000
Samsung,12,128,6302,50,12,6.21,120,1,120,29,64500
OnePlus,4,256,6169,50,12,6.54,120,1,45,71,70500
Vivo,12,256,6483,200,16,6.31,120,0,25,48,77000
Tecno,12,256,4105,48,32,6.49,120,1,45,50,70000
Oppo,16,128,6244,200,8,6.68,90,1,240,89,105000
Tecno,12,64,5896,50,16,6.79,165,1,120,85,96500
Honor,4,256,6271,48,12,6.24,165,1,25,65,70500
Oppo,16,128,6646,50,16,6.19,120,0,45,39,72000
Poco,12,1024,5229,50,32,6.14,120,1,45,95,117000
iQOO,12,256,6801,50,32,6.13,120,0,25,97,89000
OnePlus,12,64,6550,50,8,6.51,90,1,150,45,71500
Tecno,8,512,4472,48,16,6.12,60,0,150,55,73500
Lava,12,256,5641,50,32,6.27,60,1,33,32,54500
Samsung,8,128,5798,32,16,6.86,120,1,240,70,77000
Lava,6,256,5050,200,32,6.75,120,1,33,95,88000
Poco,8,128,6944,50,12,6.58,165,0,150,85,76500
Samsung,4,512,5674,32,32,6.38,90,0,45,79,90500
Redmi,6,128,6672,64,16,6.72,90,1,45,58,69000
Lava,8,256,5759,50,32,6.71,120,1,240,52,77500
Vivo,6,64,4271,50,8,6.19,120,0,240,66,59500
Realme,8,256,5271,50,12,6.53,144,1,150,31,63500
Vivo,8,256,7330,48,20,6.15,120,1,18,72,78500
Google,12,1024,7165,48,32,6.72,120,1,240,94,128000
Motorola,8,1024,7448,50,20,6.11,60,1,45,84,103000
Motorola,6,512,5339,48,50,6.84,90,1,150,72,76000
Xiaomi,4,256,6506,50,16,6.36,120,1,18,39,59500
Redmi,12,256,5418,16,8,6.85,120,0,80,56,68500
Lava,8,1024,5167,50,12,6.27,120,1,80,91,99500
Oppo,12,128,6784,108,32,6.76,120,1,67,59,85000
Realme,12,128,4931,12,12,6.1,90,1,33,67,67500
Vivo,12,512,7275,50,12,6.99,120,1,150,100,111000
Honor,8,512,5204,64,50,6.29,90,1,150,90,93500
Xiaomi,12,128,4564,50,32,6.97,90,1,67,81,81500
Nothing,16,256,6388,50,32,6.62,60,0,10,62,73500
iQOO,12,512,6357,108,16,6.71,120,1,45,76,91000
Honor,16,512,6442,50,32,6.72,165,1,80,97,105000
Xiaomi,8,256,6946,50,20,6.46,90,1,80,41,62500
Honor,12,256,4282,50,16,6.11,120,1,80,35,64000
Infinix,4,1024,4952,200,50,7.0,120,1,33,74,103500
Lava,24,512,7288,200,20,6.44,60,1,80,58,94000
Google,6,1024,6150,48,12,6.16,120,1,25,97,115500
Tecno,4,128,4187,200,12,6.84,120,0,240,26,63500
Apple,4,128,6734,50,32,6.56,120,1,18,72,85500
Redmi,12,256,7443,108,32,6.1,120,1,25,90,98000
Samsung,12,512,4316,50,32,6.73,120,1,33,49,87000
OnePlus,16,512,7335,50,12,6.94,60,1,33,68,91000
Samsung,8,128,6912,48,12,6.87,120,1,67,39,61500
Samsung,8,128,5638,16,32,6.36,90,1,10,39,66000
Xiaomi,8,512,4466,48,16,6.29,144,1,67,36,70000
Redmi,6,256,5750,50,32,6.13,144,1,25,42,60500
Poco,16,512,5939,32,16,6.63,120,1,80,91,101000
Realme,8,128,6727,200,16,6.68,120,0,100,89,88000
Poco,4,256,6695,12,20,6.35,90,1,80,87,69500
OnePlus,6,256,5227,50,32,6.38,144,1,25,30,48000
iQOO,8,256,7247,108,32,6.26,144,1,10,69,86000
iQOO,8,128,4885,50,32,6.29,165,1,45,58,75500
Google,8,128,6829,108,12,6.93,120,1,100,52,77000
Nothing,8,128,5700,12,8,6.63,120,1,120,92,80000
Vivo,8,128,4180,64,8,6.1,120,0,240,29,51000
Lava,12,64,6427,50,8,6.15,90,1,18,74,64000
Nothing,8,64,7002,50,16,6.98,90,1,80,83,78500
Infinix,12,64,5214,50,16,6.1,165,1,10,29,50500
iQOO,6,128,4618,50,16,6.41,120,1,25,56,70000
Apple,8,128,5458,200,12,6.21,60,1,25,35,74000
Infinix,4,256,4493,50,32,6.77,90,1,67,90,69000
Lava,8,256,6728,48,20,6.19,120,1,80,81,79000
Oppo,8,128,5763,64,50,6.67,90,1,150,78,85500
Realme,8,512,6052,50,16,6.56,90,1,25,35,63500
Redmi,6,512,6261,50,20,6.68,120,1,45,84,85500
Redmi,8,256,6714,48,8,6.53,90,1,120,69,72500
Oppo,8,128,5397,50,8,6.59,120,1,18,67,66000
Redmi,16,512,6523,64,32,6.18,90,1,18,87,96500
Motorola,12,128,5734,200,12,6.41,120,1,18,64,74500
Samsung,8,512,4766,50,32,6.95,120,1,33,94,112000
Samsung,6,256,6374,64,50,6.52,165,1,25,60,74000
Honor,8,512,5270,50,32,6.33,144,0,67,81,80000
iQOO,4,256,6391,50,12,6.97,90,1,100,34,53500
Poco,16,256,6676,200,20,6.99,120,1,33,78,93500
Tecno,6,256,6059,64,8,6.89,120,1,120,53,74500
Oppo,12,512,6576,50,8,6.65,120,1,25,29,73000
Apple,8,256,7265,50,12,6.76,120,1,80,61,102000
Realme,6,128,6055,200,8,6.68,120,1,45,50,64000
Nothing,8,128,4074,50,20,6.51,60,1,10,99,79000
Poco,24,128,4701,50,32,6.77,60,1,67,68,80500
Samsung,12,1024,6661,108,32,6.14,144,1,33,28,103000
Xiaomi,12,128,7464,50,16,6.92,144,1,10,49,63500
Honor,8,512,5137,50,20,6.92,60,1,10,87,89500
Apple,6,512,5843,12,12,6.31,90,1,33,34,78500
Tecno,8,128,7208,50,8,6.58,144,1,120,89,83000
Realme,12,512,5336,48,16,6.36,120,1,18,41,63500
Samsung,16,256,5407,50,20,6.55,120,1,120,95,98000
Nothing,12,256,5718,48,12,6.99,144,1,67,46,74500
Nothing,12,128,4157,64,20,6.64,120,1,10,29,58000
Motorola,8,256,7209,200,8,6.28,120,0,45,79,81500
Redmi,6,256,5930,32,32,6.49,90,1,45,99,80000
Infinix,8,256,6257,108,32,6.84,120,1,25,95,89500
Realme,8,512,6178,50,16,6.13,120,1,25,41,63000
Lava,6,512,5427,48,12,6.84,90,1,240,35,62000
Xiaomi,8,64,6136,48,8,6.32,60,1,100,70,60500
Poco,8,512,4876,50,8,6.9,90,1,120,55,78000
Google,16,64,4306,50,50,6.26,120,1,10,81,86500
Lava,16,256,4101,48,32,6.68,120,1,120,50,75000
iQOO,16,512,4814,32,16,6.69,90,1,67,43,89000
Infinix,8,512,5246,50,50,6.93,90,1,80,86,93500
Nothing,12,256,4074,50,32,6.93,90,1,18,61,84500
Vivo,16,1024,4166,48,12,6.35,90,1,80,76,111000
Realme,8,256,6694,12,32,6.58,120,1,120,36,57500
Realme,4,256,7175,50,32,6.93,120,1,18,30,46500
Poco,6,128,4646,48,12,6.97,60,1,25,70,68000
Motorola,6,128,4845,50,20,6.13,120,1,150,76,76500
Realme,8,256,4249,48,12,6.32,120,1,25,84,84000
Xiaomi,12,128,7343,48,16,6.39,90,1,80,88,89000
Oppo,12,256,4131,12,12,6.83,90,1,150,49,68500
Motorola,8,256,4746,64,32,6.73,120,0,25,84,72500
Realme,4,128,5107,108,32,7.0,60,0,10,57,58000
Samsung,12,512,6309,50,12,6.61,120,1,10,92,104000
Motorola,8,256,6700,48,16,6.6,144,1,45,91,88500
Realme,8,128,4552,48,32,6.29,120,1,45,77,73500
Realme,4,256,7219,50,32,6.84,120,1,10,52,68500
Redmi,16,128,5091,108,50,6.94,120,1,150,47,80500
Nothing,24,256,5000,48,32,6.69,90,1,10,89,102000
OnePlus,4,128,6413,50,12,6.14,90,0,45,80,60000
Vivo,6,256,4515,200,16,6.8,165,1,80,25,65000
Vivo,8,256,7214,50,20,6.85,120,0,120,63,83500
Google,12,128,6543,108,50,6.73,90,1,25,77,87000
iQOO,16,128,4846,108,20,6.35,60,1,33,44,62500
Vivo,6,256,4984,64,8,6.22,165,1,25,48,71000
Honor,6,256,4087,50,20,6.7,90,0,67,70,77000
Samsung,4,128,5585,64,12,6.71,120,1,18,90,94000
iQOO,8,128,6845,12,12,6.96,120,1,10,56,71000
iQOO,6,256,6125,48,16,6.98,120,1,240,45,74000
Poco,8,256,7344,48,32,6.76,120,1,33,83,87000
Google,12,512,4769,48,12,6.24,120,1,100,55,91000
Vivo,8,256,5144,48,16,6.49,120,1,120,73,80500
Honor,4,512,6346,50,32,6.12,90,1,45,54,74000
Xiaomi,4,256,6434,64,16,6.91,144,1,25,94,81500
Redmi,8,128,4054,50,8,6.46,90,1,120,94,84000
Samsung,12,128,5584,50,32,6.97,60,1,120,41,70000
Honor,6,128,7091,12,12,6.19,60,1,10,45,50500
OnePlus,12,256,5531,50,16,7.0,144,1,120,78,91000
Xiaomi,8,512,6168,48,8,6.84,120,1,100,86,90500
Google,8,128,4254,50,32,6.94,120,1,67,45,51000
Infinix,12,128,7000,48,16,6.26,144,1,120,51,67000
Motorola,8,512,5552,64,16,6.98,90,1,120,40,77500
OnePlus,16,512,5750,50,12,6.75,144,1,33,28,75000
OnePlus,8,128,4248,12,20,6.49,144,1,18,76,76000
Realme,6,256,7063,48,32,6.81,144,1,100,28,64500
Vivo,4,256,5890,50,16,6.21,144,1,150,88,88000
OnePlus,4,256,5604,50,8,6.53,120,1,18,63,69000
Xiaomi,24,128,5380,50,32,6.7,120,1,45,87,92000
Tecno,16,64,6916,50,16,6.28,120,0,67,58,72500
iQOO,24,512,5688,108,50,6.74,120,1,10,32,92500
OnePlus,4,256,4310,12,50,6.33,120,1,120,91,83500
Google,12,128,4055,50,16,6.75,165,1,80,85,94000
OnePlus,12,512,4625,108,16,6.59,120,0,25,92,105500
OnePlus,12,256,5888,50,12,6.48,120,1,67,50,73000
Nothing,8,128,6357,108,16,7.0,144,1,150,37,69500
Samsung,6,128,5539,64,12,6.79,60,1,45,52,55000
Vivo,8,256,4345,64,16,6.3,90,1,80,33,52500
Tecno,12,512,5198,48,16,6.79,120,1,25,45,71000
Xiaomi,16,64,5310,12,12,6.88,120,0,10,83,81000
Google,12,256,5014,48,12,6.57,120,1,80,75,85500
Motorola,8,512,4632,50,32,6.99,120,1,67,44,75000
Xiaomi,12,512,6742,48,16,6.68,120,0,150,27,76500
Motorola,12,256,5377,50,32,6.64,120,0,150,80,84000
Nothing,4,128,5366,48,16,6.69,60,1,100,89,77500
Oppo,8,512,4045,48,20,6.11,120,1,80,92,85500
OnePlus,6,256,6952,50,32,6.69,120,1,100,86,91500
Google,8,512,4892,48,12,6.89,120,1,100,25,68000
OnePlus,8,1024,4652,50,8,6.27,120,1,100,93,120000
Xiaomi,6,128,5889,48,12,6.24,90,1,33,33,49000
iQOO,8,1024,4706,50,8,6.97,90,1,120,93,109500
Google,8,512,5848,50,16,6.73,60,1,67,70,88000
OnePlus,6,128,7110,108,16,6.9,120,1,240,95,101000
Poco,12,512,6207,32,8,6.79,60,1,10,86,90500
Honor,6,512,4967,64,50,6.83,120,1,80,72,72000
Vivo,8,256,6228,48,32,6.13,144,1,240,71,99000
OnePlus,16,512,6847,48,12,6.69,60,1,150,42,84000
Redmi,8,256,4690,64,12,6.63,144,1,33,48,62000
Oppo,16,256,6910,50,16,6.21,144,1,80,84,95000
Honor,16,1024,4664,50,8,6.54,144,1,25,76,112000
Poco,4,128,4296,48,20,6.88,60,1,80,86,64500
Google,6,256,4174,50,16,6.46,120,0,10,34,61500
Redmi,8,256,4222,64,8,6.32,120,1,100,77,69500
Infinix,8,128,7033,50,16,6.65,120,1,120,25,55000
Lava,4,512,7483,50,16,6.89,120,1,33,50,70500
Motorola,4,64,5635,48,16,6.74,90,1,33,62,61500
Xiaomi,6,512,7465,50,12,6.1,120,1,18,66,88500
Google,12,128,7280,50,32,6.85,90,1,10,70,90500
Lava,8,1024,6977,48,16,6.56,120,1,100,42,78500
Realme,12,128,6204,48,32,6.97,120,1,33,76,78500
OnePlus,12,256,4271,50,16,6.84,120,1,18,98,90500
Tecno,16,512,6206,64,12,6.43,144,1,45,80,86500
Poco,8,128,7338,64,16,6.92,120,1,80,88,87500
Redmi,8,256,6307,50,50,6.84,120,1,80,56,69000
Nothing,12,256,7293,48,32,6.12,144,1,33,76,85500
Honor,8,128,6357,48,50,6.2,90,1,120,47,57000
Vivo,8,256,6452,48,32,6.9,90,1,45,40,62000
Google,16,64,6904,200,20,6.61,144,1,45,52,96500
OnePlus,4,256,5752,50,8,6.19,90,0,150,40,54000
Nothing,8,512,6500,50,20,6.21,120,1,10,69,85000
Nothing,24,128,5736,48,12,6.63,144,1,18,76,90500
Google,12,256,6839,200,32,6.99,60,1,33,83,104000
Poco,12,128,6917,108,12,6.75,60,1,67,33,67500
Poco,12,512,6200,50,32,6.21,120,1,18,27,64500
Lava,12,128,6768,50,16,6.2,120,1,150,82,83000
Google,16,512,7405,50,32,6.32,60,1,25,45,86000
Apple,4,256,7393,48,8,6.22,120,1,18,87,98500
Motorola,8,256,6019,64,16,6.59,120,1,100,80,82000
OnePlus,6,256,6048,200,32,6.56,120,1,150,90,96500
OnePlus,8,512,6468,64,32,6.17,120,1,45,63,87500
iQOO,12,512,4530,50,20,6.3,120,0,25,59,74500
Vivo,16,256,5896,50,16,6.53,90,1,18,47,72000
Redmi,12,256,5530,108,32,6.27,165,1,120,33,73500
Poco,6,512,4818,64,16,6.91,120,1,120,98,85000
OnePlus,6,128,6282,48,8,6.81,120,1,10,75,72000
Oppo,8,256,5617,50,32,6.21,120,1,10,68,70500
iQOO,24,256,7212,50,8,6.99,90,1,240,70,98500
Tecno,4,256,6888,50,16,6.24,90,1,45,27,49500
Tecno,8,256,6283,200,32,6.49,120,1,120,57,81000
Samsung,16,512,5972,50,8,6.36,144,1,100,51,95000
Lava,8,512,6797,48,32,6.19,60,1,25,61,73500
Nothing,16,128,6376,200,16,6.25,120,1,80,49,82000
Realme,8,256,6185,50,16,6.18,144,1,100,90,87500
iQOO,16,256,6322,50,12,6.31,120,0,80,72,82500
Nothing,6,512,7355,32,12,6.9,165,1,67,58,87000
Honor,4,1024,5808,50,8,6.49,120,1,18,30,80500
OnePlus,12,256,6969,50,12,6.76,165,1,80,65,98000
Apple,8,256,5932,50,16,6.62,120,1,18,28,81000
iQOO,8,256,6003,64,16,6.82,120,1,33,90,85000
iQOO,12,128,4290,50,20,6.31,60,1,25,99,79500
Honor,8,128,7237,50,16,6.76,120,0,240,95,89000
Nothing,8,256,5472,50,16,6.83,60,0,33,92,76500
Poco,6,128,6775,12,8,6.58,60,1,10,60,59000
Infinix,4,256,4675,50,20,6.37,90,0,100,66,55000
iQOO,8,256,6844,48,12,6.76,120,1,120,54,69500
Google,8,128,5927,50,12,6.25,120,1,10,75,76500
Xiaomi,8,256,6896,50,16,6.96,120,1,33,55,71000
Apple,8,512,5651,50,20,6.51,120,1,33,55,105000
Infinix,12,1024,6103,48,20,6.1,120,0,25,64,98500
Redmi,12,128,6091,50,16,6.26,90,1,18,90,75000
Tecno,12,1024,6292,64,8,6.24,120,1,10,56,95000
iQOO,12,256,6434,32,16,6.64,120,1,67,72,81500
Oppo,8,512,4714,48,32,6.82,120,1,80,86,106000
Nothing,16,64,4670,50,16,6.19,120,1,10,72,82500
Oppo,8,256,6338,50,16,6.57,165,1,67,68,80500
Honor,6,256,6332,50,32,6.88,120,1,240,92,94500
Tecno,24,256,6017,50,32,6.61,60,1,18,33,70500
Vivo,8,512,5800,48,12,6.13,90,1,33,83,92500
Google,6,128,6399,12,12,6.82,120,1,25,27,55000
Redmi,6,128,6046,48,20,6.51,90,1,10,42,49500
Apple,12,128,5895,32,20,6.44,120,1,80,93,111500
Poco,8,256,7024,48,50,6.21,90,1,80,91,80000
Redmi,8,512,4407,48,12,6.53,90,1,67,57,76000
Samsung,12,512,4215,48,8,6.47,165,1,80,65,94500
Honor,16,128,4135,50,32,6.36,90,1,25,38,72000
Redmi,12,256,5439,108,8,6.61,120,1,45,33,72000
Redmi,12,512,7260,108,16,6.17,120,1,120,65,93000
OnePlus,24,128,4293,50,32,6.87,144,1,120,69,96000
OnePlus,6,256,7379,108,32,6.96,165,0,100,87,94000
Xiaomi,8,128,5356,50,20,6.88,120,1,120,95,85000
Google,12,256,4639,50,16,6.66,120,1,100,68,94000
Xiaomi,4,128,6073,16,16,6.45,120,1,45,57,58500
Xiaomi,24,128,4282,50,16,6.51,144,1,45,31,71000
Google,12,256,7477,50,32,6.56,120,1,45,50,85000
Honor,16,1024,4893,200,32,6.74,120,1,150,35,110000
Lava,4,128,6130,48,16,6.45,120,1,150,27,48500
Nothing,12,256,7089,32,16,6.46,60,1,100,54,70000
Motorola,8,128,4761,12,16,6.33,90,1,67,59,61500
Poco,16,512,5812,50,8,6.83,90,1,120,92,100500
Lava,8,512,6945,50,32,6.48,144,0,80,76,78500
Infinix,6,256,5418,50,20,6.21,90,1,80,98,71000
Samsung,8,256,4528,50,16,6.44,165,1,67,89,79500
Realme,6,512,6066,108,12,6.86,120,0,18,36,67000
Samsung,12,128,4434,108,20,6.28,120,1,10,26,62000
Infinix,12,128,7079,48,16,6.82,120,1,80,95,85500
Apple,8,1024,5323,48,8,6.94,90,1,45,27,97000
Poco,8,512,6040,50,50,6.85,120,1,67,81,82000
Redmi,8,256,7063,108,12,6.95,90,0,25,65,70500
Vivo,8,512,6296,50,16,6.29,60,1,10,55,76000
Tecno,6,256,5197,200,16,6.75,144,1,240,84,84000
Motorola,8,128,5494,50,32,6.28,60,1,33,35,55500
Lava,8,128,5098,50,16,6.74,144,1,45,48,61000
Infinix,8,256,5055,50,8,6.89,120,1,150,91,82500
Samsung,12,512,7495,50,12,6.28,120,0,33,84,101500
OnePlus,8,512,4603,50,16,6.7,144,1,100,28,73000
Tecno,12,64,6749,50,32,6.51,120,1,100,28,50500
Lava,8,128,6287,200,16,6.32,165,1,100,42,67000
Oppo,6,256,4527,108,50,6.69,120,0,150,89,88000
Nothing,16,256,4806,50,16,6.18,120,1,150,43,74500
OnePlus,8,256,5374,50,20,6.79,144,1,25,94,98500
Apple,12,256,6590,200,16,6.11,120,1,150,60,108000
Nothing,8,512,5557,64,32,6.5,120,1,150,35,78500
Tecno,6,256,4302,32,8,6.33,120,1,10,49,54500
Tecno,8,64,6375,108,16,6.15,165,1,80,80,76000
Infinix,4,512,7112,48,16,6.99,60,1,120,99,97000
Apple,12,256,4374,50,12,6.4,90,0,150,53,95500
Oppo,8,256,6365,48,32,6.79,120,1,150,69,89500
Samsung,6,512,5881,48,8,6.84,144,1,150,91,101000
OnePlus,12,256,7263,50,12,6.33,120,1,80,43,71500
Xiaomi,8,512,6987,108,20,6.42,60,1,45,41,72500
Lava,16,128,6613,50,50,6.77,120,1,67,95,87000
iQOO,8,256,5222,200,16,6.76,120,0,33,63,76000
Honor,16,256,6285,108,16,6.9,60,1,25,41,71500
Realme,6,128,7276,64,12,6.76,90,1,120,26,62500
Apple,4,128,4519,48,32,6.5,144,0,67,50,75500
Motorola,8,512,6503,200,16,6.98,120,1,25,64,93500
iQOO,12,512,5829,48,16,6.83,90,1,45,83,87000
Oppo,6,128,7417,64,16,6.39,120,1,25,59,66000
Xiaomi,8,256,4097,200,16,6.1,90,1,240,28,65000
Apple,6,256,7384,108,16,6.71,144,1,240,85,116500
Poco,6,256,4184,48,50,6.5,144,1,25,47,59500
Apple,6,128,6982,50,16,6.49,120,1,45,93,103500
Redmi,4,256,6866,48,16,6.35,120,1,150,54,63500
Honor,4,1024,7345,50,16,6.26,90,1,10,70,91500
Honor,8,512,6266,48,12,6.41,120,1,100,26,66000
iQOO,8,256,4444,50,32,6.49,120,1,18,32,59500
Apple,12,128,7406,50,16,6.46,120,0,45,64,90500
Xiaomi,6,256,6651,50,32,6.9,90,1,33,72,76500
Xiaomi,12,128,5217,50,16,6.4,90,1,10,83,79500
Lava,6,512,4969,108,32,6.88,144,0,150,73,86500
Redmi,12,256,7221,48,16,6.9,90,1,120,52,69000
Honor,24,512,4394,50,20,6.11,120,1,10,57,85500
Poco,12,128,5562,48,8,6.3,120,1,150,77,78000
Apple,8,128,6356,48,16,6.54,120,1,120,54,88500
Apple,8,256,4783,50,16,6.1,120,1,25,68,87500
Redmi,12,256,7339,50,16,6.55,120,1,10,25,58000
Nothing,8,256,4501,48,32,6.49,120,1,150,28,58500
Nothing,12,128,5171,16,32,6.69,90,1,150,36,66500
Vivo,16,256,6338,200,16,6.92,90,1,80,25,82000
Lava,8,128,6292,50,12,7.0,120,1,45,32,50500
Tecno,16,512,5210,64,20,6.7,120,0,67,42,74500
Realme,6,256,6346,48,50,6.12,60,1,33,35,54000
Motorola,6,1024,5048,12,16,6.17,120,1,150,46,92500
Apple,4,256,4947,64,8,6.41,60,1,45,39,77500
Vivo,8,256,7463,64,20,6.51,120,1,240,56,87500
Infinix,8,256,5844,12,20,6.57,90,1,100,99,82000
Lava,8,256,7165,108,16,6.19,120,0,80,100,87500
Motorola,8,128,5779,50,16,6.85,60,0,150,38,53000
Infinix,12,128,5219,64,12,6.86,120,1,240,80,89000
Lava,6,256,6988,48,12,6.75,120,0,150,36,61000
Nothing,16,128,7342,64,16,6.75,90,1,67,28,68000
Realme,8,256,5446,200,12,6.44,120,1,240,33,77500
Motorola,6,256,6603,50,20,6.29,144,1,25,59,69500
Xiaomi,12,256,4832,32,8,6.85,90,1,10,70,70000
Samsung,8,128,5582,32,12,6.94,120,1,150,53,70000
Infinix,12,256,7480,50,16,6.24,144,1,240,52,83000
iQOO,8,512,4091,50,20,6.19,120,1,150,47,76500
Apple,12,256,6109,50,16,6.62,120,1,80,86,108500
Redmi,8,128,4997,16,16,6.29,120,1,240,87,85000
Xiaomi,8,256,4692,64,8,6.14,120,1,100,85,81500
OnePlus,8,256,4834,64,16,6.23,90,1,67,46,70500
Nothing,8,256,6272,50,32,6.75,120,1,120,67,75000
Realme,16,128,5476,64,8,6.45,120,1,18,36,63500
OnePlus,16,256,6590,64,50,6.62,120,1,240,61,94500
Xiaomi,16,128,4923,48,20,6.95,60,1,80,99,92000
Vivo,8,1024,4696,200,32,6.75,120,0,240,30,100500
Oppo,12,512,6729,50,16,6.6,120,0,10,70,83000
Nothing,8,256,6738,64,50,6.34,120,1,80,95,94500
Honor,6,256,6831,200,20,6.79,90,1,45,49,73000
Vivo,8,512,6900,50,16,6.1,120,0,67,69,83000
OnePlus,8,256,5620,50,12,6.35,120,1,33,80,80000
Poco,8,512,6128,32,16,6.38,60,1,240,89,94500
Tecno,16,128,5018,50,16,6.94,144,1,67,44,68000
Apple,24,128,5769,12,20,6.12,165,1,120,99,124000
Lava,6,256,5867,108,16,6.99,60,1,80,42,63500
Lava,12,128,6616,48,8,6.17,144,1,33,51,68000
Oppo,6,128,6582,200,16,6.37,120,1,25,49,65500
Realme,6,256,4618,108,32,6.97,90,1,25,76,76000
Google,24,256,5525,48,16,6.79,120,1,25,59,94500
Apple,4,256,6066,200,32,6.35,144,0,67,29,82000
Oppo,6,128,4770,48,32,6.74,144,1,80,78,77000
Xiaomi,12,64,6859,50,32,6.68,90,1,67,34,59500
Oppo,6,64,5194,48,16,6.29,60,1,18,65,54000
Lava,16,128,5396,32,32,6.21,90,1,120,90,82000
Google,8,256,4434,48,12,6.16,120,1,45,74,83500
Redmi,8,128,4804,50,20,6.15,90,1,25,36,50000
Honor,8,256,6323,48,50,6.21,120,1,100,90,79500
Lava,8,256,4669,50,12,6.54,120,0,150,38,53000
Xiaomi,8,128,4040,16,32,6.39,60,1,10,26,48500
Realme,8,128,6542,50,16,6.55,120,1,33,95,80000
Realme,16,256,6054,50,8,6.76,90,0,120,42,70000
Honor,8,512,4617,48,16,6.39,120,0,240,69,80000
Xiaomi,8,64,4369,16,32,6.41,120,0,10,52,60500
Redmi,8,64,6925,50,16,6.17,120,1,33,28,46500
Xiaomi,6,256,5211,50,8,6.96,120,1,240,35,60500
Google,8,256,4996,48,16,6.83,120,1,25,50,70500
Nothing,8,128,5743,48,12,6.75,120,1,45,81,78000
Lava,6,256,7214,50,16,6.68,165,1,67,47,73000
Google,8,256,5145,50,20,6.28,120,1,33,75,90500
Samsung,6,256,6507,50,12,6.18,120,1,150,48,75000
Motorola,8,512,5869,50,32,6.82,120,1,18,76,85500
Motorola,4,512,4312,64,16,6.66,144,1,150,76,84500
Samsung,12,256,6124,50,16,6.49,90,1,45,76,93000
Poco,8,256,7176,50,16,6.66,120,1,100,43,61000
Oppo,6,128,4594,50,16,6.23,120,0,100,28,47000
Motorola,12,128,4638,200,16,6.1,120,1,45,26,58500
Tecno,4,256,4739,50,16,6.71,90,1,18,95,73500
Motorola,6,256,5321,50,32,6.66,120,1,10,35,58500
Realme,6,64,5424,50,20,6.65,144,1,150,78,71500
iQOO,6,1024,4811,50,16,6.47,60,1,18,37,74500
Google,6,128,5553,108,16,6.48,90,1,150,99,88500
Redmi,6,256,6387,12,16,6.79,120,1,150,26,49500
Apple,12,256,4052,50,8,6.11,90,1,10,87,103500
OnePlus,4,256,6853,50,32,6.14,60,1,240,92,99500
Redmi,24,256,5751,108,50,6.79,120,1,100,58,90500
Tecno,8,128,5745,64,12,6.12,120,1,240,65,65000
Motorola,8,64,5713,50,20,6.98,144,1,100,50,64500
Infinix,16,256,5034,48,16,6.17,120,1,150,41,73000
Motorola,8,256,4108,50,50,6.56,120,1,10,71,71000
Motorola,8,256,4059,50,32,6.99,120,1,45,55,63000
Nothing,8,128,7051,50,16,6.24,60,1,10,62,67000
Vivo,12,128,4906,50,16,6.19,120,1,25,97,83000
Tecno,6,256,5031,200,32,6.38,120,1,150,97,96000
OnePlus,16,512,5930,64,12,6.75,120,1,100,83,108000
Redmi,6,512,7098,50,16,6.73,90,1,45,53,73500
Samsung,8,256,7358,64,16,6.28,144,1,120,65,88000
Infinix,8,128,6427,108,16,6.54,144,0,33,74,65500
iQOO,8,128,6530,50,16,6.75,165,1,10,81,93000
Realme,8,128,6381,108,32,6.82,120,1,100,56,72000
Realme,4,256,7177,16,20,6.69,120,1,33,96,79500
Poco,8,256,4923,50,8,6.29,120,0,80,60,70000
Infinix,8,128,5174,48,16,6.34,90,1,100,34,49500
Realme,12,128,4090,64,32,6.13,144,1,10,40,58500
Apple,8,256,5869,16,12,6.83,120,1,150,39,93000
iQOO,12,128,4569,50,32,6.8,144,1,33,41,60500
OnePlus,8,512,7118,50,16,6.46,165,1,25,54,83000
Realme,8,256,5756,48,12,6.81,120,1,80,61,65000
Google,8,256,7414,50,16,6.2,120,1,18,82,86000
Lava,16,512,5002,48,8,6.4,120,1,150,88,98000
iQOO,16,512,7216,64,16,6.51,60,0,25,78,93500
Redmi,12,256,5301,108,8,6.53,120,1,120,74,88000
Redmi,6,1024,6626,50,16,6.8,120,0,45,46,94000
iQOO,8,256,5937,50,12,6.76,120,1,80,44,61000
Motorola,8,64,5965,64,32,6.59,144,1,67,62,64500
Poco,12,1024,6447,50,32,6.98,60,1,33,35,90500
Samsung,12,256,6354,64,32,6.79,90,0,18,64,82000
Realme,8,512,4070,108,32,7.0,120,1,18,34,70000
Google,8,256,4253,50,32,6.32,120,1,240,86,99000
Redmi,8,256,7030,108,16,6.13,90,0,67,60,67000
Infinix,12,64,7038,50,20,6.84,120,1,150,91,86500
iQOO,4,256,6607,48,20,6.13,120,0,25,40,53500
Tecno,8,128,6476,50,16,6.27,120,1,100,84,76000
iQOO,12,128,7376,50,32,6.53,120,1,67,30,58000
Realme,16,512,6718,50,20,6.92,165,1,67,66,101000
Xiaomi,16,256,4535,64,12,6.45,120,1,45,45,68500
Vivo,8,128,6662,48,8,6.2,60,1,67,64,69000
Vivo,8,128,5119,32,16,6.37,120,1,45,30,54000
Nothing,4,1024,6545,48,8,6.52,144,1,67,57,93000
Honor,16,256,4706,48,32,6.46,90,1,10,68,81000
Oppo,16,128,5119,50,32,6.17,165,0,80,52,74000
iQOO,6,128,5845,16,12,6.38,165,1,25,89,77000
Nothing,6,512,4342,48,32,6.68,120,0,120,49,72500
Honor,4,1024,4367,12,12,6.11,120,1,150,50,81500
Poco,8,128,7261,48,16,6.42,120,1,120,82,72500
Xiaomi,24,128,7400,48,16,6.5,120,1,10,36,72500
Vivo,4,256,6655,50,8,6.88,120,1,100,27,65500
Infinix,16,512,5189,108,50,6.6,144,0,100,93,106500
Honor,16,1024,7481,50,32,6.44,120,0,80,32,85500
Poco,8,128,7099,50,20,6.36,120,1,18,55,61000
Motorola,16,1024,7094,48,32,6.13,120,1,18,28,89500
Honor,8,128,6572,64,16,6.24,120,0,25,62,62000
Oppo,8,1024,4664,48,12,6.14,120,1,67,37,92000
Apple,8,256,6680,64,12,6.34,60,1,25,35,84500
Apple,12,256,5805,48,20,6.98,120,1,10,71,100000
Nothing,16,128,5027,50,12,6.46,120,1,67,96,91500
OnePlus,12,64,5962,200,16,6.23,120,0,100,99,101500
Lava,4,64,4388,50,16,6.7,144,1,18,28,31500
Poco,8,64,5247,48,16,6.25,144,1,18,62,61000
OnePlus,6,256,6928,50,12,6.11,120,1,240,40,63500
Apple,8,128,6253,200,12,6.7,60,1,67,99,118000
Nothing,8,128,7179,12,32,6.45,144,1,10,52,71500
OnePlus,8,256,5934,48,16,6.49,144,1,120,78,87000
Vivo,12,128,6137,50,16,6.52,120,0,80,48,73500
Google,6,128,6475,108,50,6.56,120,1,100,69,83500
Samsung,8,128,6751,50,20,6.94,60,1,100,78,87500
Motorola,12,256,6312,12,16,6.4,90,1,45,52,66000
Google,12,256,6576,48,8,6.99,144,1,120,61,90000
Google,8,256,6353,200,16,6.32,120,1,120,82,95000
Poco,8,128,4417,200,12,6.41,120,1,25,99,87500
Redmi,8,256,4740,48,50,6.68,90,0,33,73,73500
Tecno,12,128,4684,50,12,6.25,165,1,25,27,55500
Poco,8,256,6522,48,20,6.49,90,1,33,58,67000
iQOO,8,256,5185,48,8,6.74,144,1,25,54,64500
Tecno,16,128,7094,50,16,6.45,90,1,80,37,67500
Poco,6,256,4297,48,8,6.47,120,1,100,96,84000
Google,16,512,5175,108,32,6.66,90,1,45,53,92500
Nothing,4,64,6864,12,8,6.92,144,1,33,35,54000
Redmi,6,256,5134,16,16,6.3,60,1,150,86,73500
Poco,6,512,7185,50,16,6.4,60,1,10,46,67000
Oppo,6,256,5868,108,12,6.52,120,1,67,34,62500
Nothing,6,512,6790,12,20,6.81,120,1,80,84,89000
Oppo,8,256,6000,48,32,6.62,60,1,18,42,62000
Redmi,12,128,4862,50,20,6.43,120,1,45,86,81500
Xiaomi,12,128,6565,50,20,6.59,120,1,80,72,82500
Realme,12,128,4751,108,16,7.0,90,1,10,87,78000
Apple,8,512,5016,64,32,6.57,120,0,80,96,117000
Infinix,8,256,5866,50,32,6.48,120,1,80,61,76500
Poco,12,256,4497,50,32,6.73,120,1,45,57,74000
Motorola,12,256,6149,50,20,6.39,60,1,80,95,84000
Honor,8,512,6263,200,20,6.81,60,1,150,85,107000
Samsung,12,128,4650,108,20,6.43,144,1,10,36,73500
Redmi,12,1024,5122,48,8,6.2,120,1,33,89,110500
iQOO,8,256,5637,64,8,6.87,60,1,67,78,74500
Apple,12,256,6176,48,16,6.8,120,1,45,83,114500
OnePlus,8,256,5350,50,8,6.28,90,1,240,83,92000
Tecno,8,128,4735,50,8,6.32,120,1,100,27,44000
Nothing,8,512,4981,48,16,6.96,120,1,45,30,74000
Realme,8,64,4436,50,32,6.78,60,1,33,33,46000
Redmi,16,256,6998,50,20,6.12,120,1,33,28,65500
Infinix,12,256,6742,50,8,6.68,120,1,33,73,78000
Poco,12,256,6474,64,12,6.32,60,1,80,77,78500
Samsung,12,512,5398,200,32,6.8,60,1,80,35,93500
Poco,12,256,7009,108,12,6.66,90,0,33,82,79500
Infinix,6,256,7037,48,8,6.11,120,1,150,81,79500
Infinix,8,128,5862,50,32,6.64,60,1,150,35,59000
Oppo,12,512,5760,50,8,6.13,144,0,100,50,82500
Realme,4,64,7157,200,32,6.46,165,1,100,39,71500
Xiaomi,6,128,4146,64,32,6.99,165,0,18,29,48500
Apple,16,128,5169,64,12,6.38,90,0,150,96,110000
Oppo,8,256,6111,50,16,6.34,60,1,25,78,74500
Honor,8,64,4423,50,16,6.7,90,1,100,32,56500
Realme,6,64,4477,50,16,6.72,120,1,18,74,66500
Lava,6,512,6732,32,32,6.77,90,1,67,33,70500
Nothing,8,512,4327,50,32,6.35,120,1,45,55,83500
Honor,24,1024,6842,48,16,6.95,120,1,45,73,117000
Redmi,16,128,4959,50,50,6.93,120,1,120,26,62500
Infinix,8,256,7278,48,12,6.48,144,1,120,78,85000
iQOO,8,128,7207,48,12,6.53,120,1,150,94,85000
Infinix,6,256,5174,12,32,6.2,120,0,80,50,46000
Poco,8,512,7448,64,16,6.44,165,1,240,35,77000
Oppo,12,256,6819,48,12,6.45,144,1,45,75,85000
Redmi,4,256,5795,50,20,6.88,120,1,100,27,49500
OnePlus,6,128,4046,50,12,6.48,60,1,33,38,53500
Nothing,8,256,5938,32,16,6.76,60,1,100,40,62000
Apple,8,256,4922,48,12,6.46,144,1,18,49,83000
Samsung,16,128,6884,64,12,6.46,90,1,67,80,89000
Vivo,6,256,5090,200,16,6.49,60,1,18,94,86500
Tecno,24,128,5766,32,20,6.65,120,1,18,36,69500
Tecno,8,256,4907,48,32,6.7,60,0,45,65,57000
Poco,8,128,5684,64,16,6.15,144,1,10,87,82500
Nothing,4,128,6284,48,12,6.9,120,1,120,56,72000
Motorola,4,64,6813,50,32,6.37,120,1,150,58,59000
Realme,8,128,5786,108,16,6.97,144,1,10,25,54000
Samsung,12,64,6786,50,50,6.24,144,1,67,80,94000
Motorola,8,256,4253,64,32,6.49,165,1,25,46,83500
Infinix,12,256,6031,50,16,6.16,90,1,100,55,72000
Realme,8,128,4784,48,32,6.62,120,0,150,83,79500
Samsung,8,256,4647,48,8,6.79,144,1,33,26,62000
Realme,16,512,6629,200,8,6.6,165,1,10,40,93500
Xiaomi,4,64,5762,50,16,6.99,120,0,18,38,48000
Vivo,8,64,6047,48,12,6.69,165,0,100,31,54000
Oppo,8,256,4909,50,20,6.5,60,1,33,26,48000
Infinix,24,256,6517,108,8,6.41,144,1,100,82,102000
Redmi,16,512,5283,200,8,6.59,144,0,33,72,93500
Honor,8,256,6174,48,16,6.39,120,1,18,91,83500
Infinix,6,512,5890,108,20,6.53,120,1,25,68,73000
Google,4,128,7228,48,12,6.61,144,1,100,78,87500
Tecno,6,256,7412,32,32,6.31,90,1,18,96,79000
Infinix,4,512,4508,108,50,6.82,120,1,150,94,92500
Samsung,8,128,4032,50,16,6.16,90,1,67,88,81500
Vivo,4,64,4237,64,20,6.57,90,1,25,51,50000
Infinix,12,256,6922,108,20,6.86,120,1,18,46,69500
Tecno,4,256,4712,50,12,6.83,120,1,45,68,69000
Samsung,12,512,5765,108,12,6.48,60,0,120,86,106500
Apple,12,256,4331,50,20,6.91,165,1,120,100,126500
Poco,8,512,5640,50,8,6.2,165,1,10,88,91000
Apple,12,256,6477,64,16,6.59,120,1,150,97,123000
Google,8,128,4555,108,12,6.17,144,1,33,47,69000
OnePlus,24,1024,4690,108,16,6.44,120,1,25,44,121500
Nothing,6,512,4668,50,32,6.75,60,1,80,97,96000
Xiaomi,8,256,7336,32,12,6.56,120,1,25,65,89500
Tecno,8,256,7335,32,16,6.44,120,1,240,33,69000
Google,8,128,4599,108,32,6.64,120,1,100,30,70000
Lava,16,256,6757,50,16,6.17,120,1,240,64,90000
Oppo,6,128,6218,48,32,6.94,60,1,150,66,70000
Samsung,4,256,6726,200,12,6.56,165,1,80,92,99500
Poco,8,128,5513,64,8,6.94,120,1,150,30,62000
OnePlus,12,128,6339,50,12,6.38,90,1,120,52,69000
iQOO,8,128,4594,48,8,6.71,165,1,67,68,64000
Honor,12,512,7114,50,8,6.68,144,1,80,69,89000
Motorola,4,256,7209,48,20,6.33,120,0,100,45,49500
Redmi,8,128,6979,108,12,6.94,120,1,80,44,64000
Samsung,6,256,5762,50,16,6.29,144,0,120,58,70500
Infinix,8,256,7426,50,12,6.37,120,1,10,32,64500
Apple,16,512,7239,48,12,6.74,120,1,67,27,101500
Redmi,8,128,4312,64,16,6.61,120,1,67,69,67000
Infinix,6,256,5465,48,16,6.35,120,1,120,62,66000
Tecno,4,256,5931,48,16,6.7,60,1,240,82,70000
Apple,6,512,4195,50,16,6.49,120,1,18,87,105500
Oppo,12,256,6718,12,32,6.63,90,1,18,67,81000
Oppo,12,256,5982,64,20,6.84,60,0,240,73,93500
Poco,6,256,4940,50,12,6.53,120,1,45,88,81000
Tecno,8,128,6233,12,12,6.65,144,1,67,28,49000
iQOO,12,1024,5288,50,8,6.8,120,1,33,52,103500
Oppo,12,128,6008,16,12,6.66,120,1,18,76,84500
iQOO,24,64,6992,12,16,6.46,120,1,10,89,102500
Lava,8,512,5205,200,8,6.87,120,1,10,62,79500
Nothing,8,128,7255,48,8,6.91,165,0,10,42,67000
Tecno,8,256,5753,50,12,6.44,165,1,120,87,81500
Redmi,8,512,7215,200,32,6.47,120,1,10,45,81000
Tecno,16,256,4279,108,32,6.65,90,1,33,72,80000
Vivo,8,256,6229,50,12,6.28,144,1,67,41,62500
Infinix,6,256,5915,200,12,6.62,90,1,150,69,81000
Google,4,128,6187,108,16,6.63,90,0,240,80,84000
Redmi,8,256,4737,50,8,6.15,120,1,100,76,69500
Vivo,12,256,6122,50,12,6.86,90,1,25,100,95000
Samsung,6,512,7157,64,16,6.29,120,1,18,71,85000
Xiaomi,16,256,6081,50,12,7.0,90,1,240,100,105500
Tecno,8,128,5573,50,16,6.55,120,0,100,88,76000
Google,16,128,7258,64,16,6.44,60,1,25,66,81500
Samsung,12,256,5366,32,16,6.51,60,0,33,61,71000
Realme,12,512,7243,48,16,6.8,120,1,45,82,92500
OnePlus,8,128,5041,50,12,6.1,120,1,150,36,68000
Poco,12,256,7243,48,8,7.0,120,1,240,65,88000
Poco,4,512,7059,50,16,6.86,120,1,150,29,69000
Samsung,12,128,5311,64,12,6.75,120,1,18,100,95000
Apple,24,512,4859,64,12,6.72,120,1,240,42,122500
Apple,8,512,5540,50,16,6.59,120,1,100,36,95500
OnePlus,8,128,4527,48,16,6.22,60,0,67,70,72500
iQOO,12,256,7427,32,8,6.44,120,1,120,64,77000
iQOO,6,256,5878,200,8,6.11,90,1,80,58,80000
Oppo,12,512,5098,50,12,6.6,120,1,10,98,95000
iQOO,12,256,4280,48,32,6.43,120,1,240,46,74000
Google,6,128,4733,108,32,6.2,60,1,100,46,67000
Realme,12,512,4140,48,16,6.34,90,1,67,65,79000
Poco,12,128,5983,200,8,6.44,120,0,67,100,86000
Poco,6,512,4353,50,32,6.1,60,1,25,46,61000
Xiaomi,12,256,4381,48,32,6.94,120,0,33,35,61500
Samsung,12,128,6848,48,32,6.61,120,1,45,58,83000
Nothing,6,1024,6581,64,50,6.62,120,1,100,100,119000
Vivo,8,128,5116,64,16,6.81,60,1,10,75,77000
Apple,12,256,5854,50,12,6.19,120,1,120,87,110000
Nothing,8,256,4612,48,12,6.34,90,1,67,46,57000
Poco,12,256,6752,50,12,6.2,90,0,45,57,69000
Lava,8,128,5058,50,16,6.13,120,1,10,28,46000
Lava,12,256,4787,32,16,6.49,60,1,10,26,54500
Xiaomi,8,128,5446,48,12,6.73,120,1,45,29,49000
Honor,8,1024,5763,48,16,6.4,144,1,33,61,96500
Tecno,12,256,4062,32,12,6.51,120,1,67,88,91000
Realme,8,256,6604,50,16,6.25,60,1,100,99,81000
iQOO,8,512,6128,48,12,6.75,60,0,120,58,76000
Nothing,6,512,6427,200,16,6.54,120,1,45,91,100500
Google,6,128,5150,48,50,6.16,120,1,150,75,79500
OnePlus,12,256,6441,50,12,6.37,120,1,150,82,93000
Google,24,512,6556,50,8,6.87,120,1,10,68,97000
Vivo,8,128,6059,50,16,6.28,120,1,25,43,61000
Samsung,6,128,7467,50,8,6.21,120,1,67,38,61000
Infinix,8,128,4218,50,16,6.48,90,1,150,30,47500
Google,16,128,4705,50,16,6.59,120,1,150,34,66500
Poco,16,64,7399,48,16,6.87,90,1,100,87,90000
Tecno,12,128,7379,48,32,6.25,165,1,80,65,78000
Vivo,16,512,6357,64,50,6.64,165,1,67,80,101500
Honor,8,512,4312,64,12,6.92,120,1,25,46,62000
iQOO,4,256,6050,64,32,6.74,120,0,67,96,81500
Lava,16,256,4224,108,32,6.71,120,1,33,72,80500
Oppo,6,64,5516,108,8,6.17,90,1,18,89,70500
Lava,4,256,4168,50,16,6.34,120,1,240,28,54000
Motorola,8,128,4715,48,16,6.2,120,1,33,60,58500
Redmi,16,512,6320,108,20,6.35,90,0,150,47,81500
iQOO,8,256,4492,50,8,6.79,60,0,45,77,72500
Redmi,8,128,5754,48,32,6.88,120,1,100,81,71500
Apple,8,512,6086,108,16,6.73,165,1,67,69,104000
Infinix,8,128,5384,50,12,6.85,144,1,150,32,53500
Apple,12,128,5343,48,12,6.65,90,1,100,85,107000
Lava,8,128,4670,50,32,6.83,120,1,67,37,58000
Poco,6,256,7209,50,16,6.4,120,1,10,64,70000
iQOO,8,512,6869,50,16,6.59,60,1,45,48,70500
OnePlus,8,64,6427,50,8,6.94,120,1,150,40,68500
Infinix,12,512,4813,50,16,6.12,144,1,18,44,66500
Realme,16,128,4949,48,20,6.46,90,1,150,72,77500
Google,8,256,7495,48,50,6.47,165,1,25,40,69000
Poco,8,256,4741,48,16,6.17,120,1,45,82,75500
Lava,24,256,7429,50,32,6.55,90,1,25,65,84000
Vivo,6,256,5780,50,12,6.63,120,1,33,46,63500
Infinix,16,64,6403,64,12,6.4,120,1,150,76,80000
Samsung,8,128,6374,50,8,6.73,120,1,25,75,82500
Realme,16,256,4251,50,32,6.31,120,1,120,53,73000
Samsung,6,512,4343,200,8,6.92,120,0,10,46,77000
Google,8,128,4325,50,16,6.55,120,1,10,30,64000
Xiaomi,4,128,6443,50,16,6.69,60,0,240,41,56000
Honor,16,256,7043,12,8,6.13,90,0,67,72,83000
Infinix,6,512,4330,12,12,6.12,120,0,120,88,78000
Realme,8,128,4575,108,32,6.34,144,1,25,92,88500
Poco,6,256,4515,50,16,6.83,90,0,100,49,54500
Motorola,16,128,4049,64,16,6.38,120,1,18,94,81500
Vivo,12,1024,4957,12,16,6.49,120,1,10,77,112500
iQOO,8,512,6168,48,12,6.32,120,1,67,47,75500
Nothing,4,512,6154,64,20,6.59,120,1,18,28,64500
Redmi,6,512,4518,48,8,6.5,90,0,67,81,75500
Tecno,8,256,4785,50,12,6.8,120,0,33,74,80500
Motorola,8,128,7180,200,32,6.79,90,1,33,31,59000
Poco,12,256,5662,200,16,6.22,120,1,120,59,82000
Google,8,512,5680,48,32,6.49,60,1,25,43,71000
Realme,4,128,6202,64,16,6.94,120,1,10,88,76000
Motorola,4,256,5430,108,32,6.78,60,1,18,92,78000
Oppo,6,256,4133,64,16,6.36,120,1,100,71,72000
Apple,8,256,6048,50,32,6.26,90,1,100,43,87000
Infinix,6,128,4830,50,8,6.15,120,1,240,57,62000
Xiaomi,8,128,4687,64,20,6.65,120,1,33,49,66500
Vivo,12,128,4078,108,50,6.2,144,1,100,77,86500
Redmi,8,64,7056,108,8,6.76,120,1,100,29,69000
OnePlus,6,256,6210,108,32,6.48,144,0,45,70,81500
Oppo,8,256,4247,64,16,6.93,90,1,100,84,83000
Apple,12,256,6890,50,50,6.78,165,1,25,54,100500
Vivo,24,64,5925,200,8,6.87,120,1,100,84,103000
Samsung,16,128,7033,48,16,6.96,120,1,33,90,103500
Realme,12,256,5312,108,16,6.9,60,0,45,68,76000
Vivo,12,64,6363,50,20,6.37,90,1,18,100,97000
Poco,12,256,7440,48,12,6.96,120,1,100,84,87500
Redmi,8,128,6243,48,12,6.28,90,1,45,86,74000
Vivo,6,256,6737,108,12,6.8,120,1,25,28,58500
Realme,8,512,5162,48,32,6.25,120,1,10,80,84500
Tecno,8,256,5202,50,16,6.85,120,1,80,49,66000
Google,8,128,4941,16,8,6.63,120,1,100,26,59000
Motorola,8,256,6581,48,32,6.18,120,1,33,25,47500
iQOO,4,512,5955,64,16,6.9,90,1,33,91,96500
Realme,6,256,5994,50,20,6.88,120,1,100,78,88500
Google,6,128,4967,108,32,6.42,120,1,33,60,77000
Realme,6,128,6236,50,20,6.79,120,1,67,62,75000
Nothing,16,512,5417,50,12,6.54,60,1,120,34,73000
OnePlus,12,512,7256,50,12,6.73,144,1,10,86,101000
Vivo,8,256,5053,32,20,6.99,120,1,100,44,64500
Apple,16,128,4259,64,12,6.24,120,0,25,31,86500
Realme,6,128,5858,50,32,6.66,60,1,100,95,76500
Oppo,12,256,5980,200,12,6.84,120,1,18,89,99000
Vivo,12,256,5743,50,8,6.65,120,1,67,82,87500
Samsung,8,256,4005,12,16,6.18,120,0,10,85,81000
Apple,8,128,5552,16,16,6.55,120,1,25,59,87500
Oppo,8,256,6005,50,16,6.41,60,1,150,72,77000
OnePlus,8,256,4033,50,16,6.29,90,1,120,94,90500
Tecno,6,256,7406,50,12,6.15,144,1,45,83,83500
Honor,8,256,4167,48,12,6.41,144,1,18,43,61000
Xiaomi,16,256,6059,108,8,6.32,120,1,45,59,78500
Infinix,8,512,6164,50,12,6.45,120,1,10,38,64500
Xiaomi,12,1024,6633,200,32,6.88,120,1,45,35,104500
Nothing,8,128,4066,64,16,6.56,120,1,120,87,74500
Poco,24,512,5494,64,32,6.69,90,1,80,67,101500
Lava,12,128,7177,48,16,6.21,90,1,10,66,64500
Tecno,8,256,6510,108,16,6.38,120,1,33,55,66500
Lava,8,128,4894,48,8,6.78,90,1,45,93,70000
Vivo,8,128,4588,50,32,6.28,120,1,45,47,58500
Nothing,8,128,7101,32,20,6.53,60,1,33,49,51500
Realme,16,512,5618,48,32,6.91,120,1,67,94,105000
Motorola,24,128,4184,64,16,6.91,120,1,100,64,81500
Redmi,12,128,4719,32,32,6.99,120,1,100,58,74000
Redmi,16,256,6497,50,16,6.53,90,1,150,40,74000
Samsung,16,512,4460,32,16,6.93,144,1,45,40,96500
Poco,16,256,4198,16,32,6.85,120,1,45,27,63000
Lava,4,128,6302,200,32,6.42,120,1,240,47,69500
Honor,8,512,4535,48,12,6.38,120,1,100,33,64000
Xiaomi,8,512,7376,48,16,6.28,120,1,45,76,85500
Realme,4,256,5217,50,16,6.87,144,1,10,90,76000
Oppo,12,128,6216,200,16,6.11,120,1,240,30,74000
Motorola,8,256,6102,50,8,6.53,120,0,240,70,79500
iQOO,12,256,5568,32,20,6.24,165,1,80,32,70500
Realme,8,256,4090,200,20,6.96,60,1,10,57,70500
Oppo,12,256,6354,50,12,6.98,120,0,80,44,68500
OnePlus,12,128,5002,48,16,6.98,90,1,100,99,98000
OnePlus,8,128,6601,200,12,6.15,120,0,120,100,101500
iQOO,12,256,7273,50,20,6.19,60,1,45,69,73000
OnePlus,4,512,6565,48,16,6.16,144,1,18,28,56500
Realme,8,1024,6448,12,12,6.11,120,0,45,68,93000
Realme,12,256,6061,48,12,6.68,120,0,240,64,76500
iQOO,12,128,5151,50,8,6.3,120,1,150,46,66000
Tecno,4,128,4497,200,32,6.68,120,1,67,35,63000
Oppo,8,128,6628,64,8,6.41,60,1,67,50,66000
Tecno,4,128,6110,64,16,6.17,144,0,45,68,59000
Apple,16,256,5896,108,16,6.54,90,1,80,58,102500
Poco,12,256,6744,50,20,6.52,60,0,18,68,68000
Oppo,12,512,6324,48,16,6.32,120,1,18,79,100000
Vivo,24,256,6988,32,8,6.78,144,1,67,72,102500
iQOO,16,256,4122,48,16,6.32,144,0,240,77,88000
Google,12,128,4939,50,32,6.36,120,0,10,79,83000
iQOO,8,128,6480,108,20,6.91,90,1,67,31,63500
Tecno,8,256,4220,32,32,6.16,90,1,25,72,65000
Realme,4,64,7052,48,32,6.39,60,1,80,78,65000
Google,12,256,6146,64,16,6.74,60,1,240,48,80500
iQOO,8,256,4749,50,16,6.26,90,0,100,60,67500
Apple,8,256,7052,50,16,6.26,90,1,240,48,87500
Vivo,24,256,7249,50,32,6.9,120,1,150,45,96500
Honor,8,1024,4958,108,32,6.2,120,1,45,93,108500
Vivo,24,128,5565,32,16,6.79,60,1,67,26,74500
Nothing,6,512,6862,64,16,6.77,120,1,10,80,94500
Samsung,16,512,5170,64,32,6.46,120,1,45,57,92500
Oppo,4,256,5338,50,32,6.69,60,1,33,100,87000
Vivo,16,1024,5933,108,16,6.23,60,0,67,67,101000
Oppo,8,128,4417,64,50,6.93,120,0,80,46,65000
Tecno,4,256,6359,50,32,6.7,120,0,33,63,64000
OnePlus,6,128,5655,32,12,6.28,60,1,150,90,77500
Tecno,8,512,6551,50,16,6.3,120,1,67,87,91000
Nothing,12,512,5192,108,20,6.36,120,0,10,47,74500
Xiaomi,8,512,5755,16,32,6.42,120,1,150,87,88500
Nothing,16,512,6532,64,32,6.65,90,1,10,75,99500
Realme,12,256,6350,48,16,6.8,120,1,120,70,78500
Honor,8,128,7177,50,12,6.49,120,1,240,78,81000
Oppo,24,256,5298,12,16,6.22,90,1,240,80,99000
Lava,8,256,7125,48,16,6.66,120,1,25,76,82000
Google,8,256,4789,200,16,6.82,120,1,45,61,91000
OnePlus,12,128,5536,50,32,6.87,144,1,120,96,97000
Vivo,8,128,5005,108,16,6.15,144,1,80,32,65000
Lava,8,256,6128,108,16,6.17,144,1,10,27,53000
OnePlus,8,1024,5677,50,16,6.95,144,1,33,96,127000
iQOO,6,1024,7156,50,8,6.24,120,0,120,26,86500
Samsung,8,128,6179,50,16,6.23,120,1,18,70,77000
Google,12,256,7177,48,16,6.48,60,1,67,68,77500
Poco,4,512,6913,50,12,6.86,144,1,45,40,69000
Realme,8,128,5492,64,12,6.6,120,1,80,76,72500
Google,8,512,5623,50,50,6.64,90,1,80,100,99000
Oppo,12,256,5055,48,16,6.4,120,1,45,66,83000
Poco,6,128,6522,108,16,6.42,120,0,240,97,95000
Motorola,12,1024,4758,50,12,6.44,144,1,80,67,112000
Apple,12,256,5969,108,16,6.11,120,1,100,42,92000
Google,24,128,5228,50,16,6.13,120,1,150,38,81500
Honor,8,128,6682,64,16,6.16,120,1,18,77,75500
Honor,12,256,6641,50,16,6.15,90,1,18,81,82000
Nothing,4,256,6461,50,16,6.44,120,1,18,36,60500
Tecno,6,128,5979,12,32,6.56,144,0,240,38,57000
Oppo,8,128,6928,50,16,6.52,90,1,25,47,66500
Realme,16,256,4065,12,20,6.61,144,1,240,48,74500
Oppo,12,1024,4748,48,16,6.87,120,1,100,87,112000
Infinix,8,256,7140,50,16,6.49,144,1,80,41,64500
Apple,6,512,7459,200,32,6.86,90,1,100,98,124000
Poco,8,256,5620,48,32,6.22,120,1,150,99,85500
Honor,4,512,4207,64,20,6.96,60,1,33,99,82500
Apple,8,256,5634,50,12,6.42,144,1,240,70,103500
Oppo,6,128,4256,50,12,6.17,90,1,150,29,52500
Poco,16,128,6044,50,16,6.86,60,1,18,44,63000
Poco,6,256,5650,50,32,6.31,120,1,10,96,80500
Poco,8,128,5642,12,12,6.72,90,1,67,54,56500
Tecno,16,128,6369,200,20,6.82,120,1,150,94,107500
Infinix,8,512,4018,50,16,6.92,144,1,18,52,81000
Nothing,12,512,7405,50,20,6.89,60,1,25,73,103000
Lava,12,512,7110,50,16,6.17,90,1,25,29,65000
Google,16,64,5360,64,16,6.98,90,0,120,26,61000
Honor,8,128,6215,64,12,6.54,144,1,80,39,62000
Tecno,12,128,6884,50,12,6.47,120,1,25,50,72000
Motorola,12,64,7474,108,32,6.66,60,1,10,96,88500
Honor,6,256,4803,50,16,6.98,90,1,150,29,57000
Tecno,6,256,4898,50,16,6.61,120,1,120,87,79500
Infinix,16,128,6415,32,8,6.21,120,1,45,35,63500
Apple,16,512,4131,16,16,6.42,90,0,120,35,89500
Apple,4,128,4298,50,8,6.76,90,1,120,75,94000
Honor,6,64,7433,50,16,6.13,144,1,67,74,67500
Apple,4,256,5066,200,16,6.81,90,1,33,74,104500
Xiaomi,12,512,4991,50,16,6.95,120,1,18,70,84000
Redmi,8,64,5940,48,32,6.12,120,1,150,69,68500
Google,6,256,4462,108,16,6.28,120,1,120,90,96000
Motorola,12,128,5017,200,12,6.51,144,1,67,42,74500
Oppo,8,512,5447,16,12,6.41,60,1,67,88,85000
iQOO,4,256,5975,50,8,6.5,120,1,120,31,59000
Motorola,16,256,6418,32,16,6.25,120,1,18,38,76000
iQOO,8,512,6220,50,32,6.89,90,1,18,60,88000
Oppo,8,512,6024,64,16,6.97,120,1,80,73,97500
Poco,16,256,6504,16,16,6.11,120,0,33,61,74500
Tecno,16,256,5263,64,16,6.22,90,1,150,48,80000
Oppo,6,128,6855,50,16,6.96,144,1,33,63,73500
Vivo,8,128,6204,50,12,6.32,120,1,150,57,75000
Realme,8,64,4720,50,20,6.44,90,1,33,55,57500
Realme,16,128,7360,50,20,6.95,120,1,18,45,68500
Xiaomi,8,128,4380,32,50,6.13,60,1,45,38,57000
Infinix,8,128,5734,108,8,6.5,144,1,100,74,75000
Nothing,6,256,4091,48,16,6.6,90,0,100,76,69000
Google,8,512,6115,64,12,6.99,120,1,25,32,81500
Realme,6,128,5580,48,8,6.87,60,1,33,80,71500
Tecno,4,512,6393,48,16,6.21,120,1,10,60,76000
Vivo,8,128,5515,108,12,6.98,120,1,80,57,78500
Lava,8,256,4940,108,16,6.12,120,0,10,90,72500
Oppo,8,512,4090,50,32,6.36,144,1,120,45,84500
Google,8,128,4766,50,16,6.12,120,1,240,83,85500
Oppo,8,256,6608,48,32,6.3,120,1,18,43,59500
iQOO,24,128,5169,12,8,6.27,120,1,18,76,92000
Honor,24,128,5056,108,16,6.11,120,1,33,92,102500
iQOO,24,256,7116,50,12,6.55,120,1,25,42,78500
Lava,8,512,7247,50,16,7.0,90,1,150,42,79500
Realme,8,1024,6784,64,16,6.58,90,1,67,96,106500
Apple,6,128,7320,50,12,6.73,120,1,10,71,98000
OnePlus,8,64,4939,64,16,6.76,120,1,240,69,83500
Apple,6,64,5077,200,16,6.47,144,1,33,39,81000
Redmi,12,128,5896,12,12,6.72,120,1,18,30,54500
Vivo,12,512,6354,64,20,6.95,144,1,33,74,96000
Samsung,8,256,5323,32,16,6.81,120,0,120,58,67500
OnePlus,8,256,6219,32,12,6.45,120,1,25,72,75000
Lava,4,64,5198,50,32,6.22,120,1,150,31,49000
Oppo,4,512,6106,50,16,6.59,165,1,33,34,66000
Realme,8,512,4684,64,16,6.57,120,1,80,73,83000
Infinix,6,256,6385,64,20,6.12,90,1,18,70,69000
Poco,8,512,7423,50,16,6.94,90,1,150,67,85500
Realme,8,256,7428,16,8,6.94,120,1,25,67,82000
Apple,8,128,5257,48,8,6.77,120,1,240,36,89000
Tecno,6,64,5508,50,16,6.65,144,0,45,88,70000
Motorola,16,128,6750,48,32,6.65,120,1,25,53,78000
Motorola,6,128,5845,12,12,6.58,144,1,45,33,40000
iQOO,12,128,4960,50,20,6.71,60,0,80,90,84000
Google,4,256,5455,50,12,6.46,120,1,10,40,54000
Motorola,4,512,4216,64,50,6.17,120,1,10,97,91000
OnePlus,12,512,6330,200,20,6.71,120,1,45,79,109500
OnePlus,12,128,4562,64,50,6.98,60,1,100,96,87500
Redmi,4,256,5177,50,12,6.92,144,1,80,93,81500
Redmi,12,128,5043,200,16,6.99,120,1,80,51,79000
Tecno,6,128,6869,12,12,6.89,120,1,150,93,83000
OnePlus,8,128,7460,16,12,6.79,60,1,10,32,52500
Vivo,6,256,7254,12,16,6.61,120,1,45,34,62500
Oppo,12,512,5188,32,12,6.52,120,1,18,46,80000
Oppo,8,512,5040,50,8,6.15,60,1,100,42,60000
Xiaomi,8,512,4807,48,32,6.22,120,1,10,81,87500
Oppo,6,512,5514,50,16,6.38,120,1,67,87,84500
Honor,12,128,6444,48,16,6.3,90,1,100,28,58500
Samsung,8,512,7266,50,20,6.4,144,1,240,91,108500
Realme,12,128,7080,48,8,6.86,165,1,10,72,84000
iQOO,12,256,6873,50,32,6.14,120,1,100,38,72000
Tecno,6,128,4728,50,16,6.5,90,1,45,33,46500
Vivo,16,256,7198,50,20,6.15,90,0,25,41,72500
OnePlus,12,256,5167,50,16,6.35,60,0,67,76,83500
Vivo,4,512,6725,50,20,6.64,120,1,10,94,96000
Infinix,6,128,5813,50,32,6.29,165,0,18,62,61500
Infinix,8,512,4898,48,20,6.91,144,0,33,25,63000
iQOO,12,256,6300,64,16,6.12,120,1,67,99,92000
Nothing,24,512,4437,50,16,6.33,120,1,67,92,109500
Tecno,12,512,4218,64,16,6.25,120,1,67,41,71000
Nothing,24,128,5312,64,12,6.72,120,1,240,34,83000
Vivo,12,128,4980,12,12,6.13,120,0,10,85,77000
Apple,4,512,5964,12,16,6.23,120,1,150,61,90500
Poco,6,128,5058,108,8,6.99,90,1,25,25,47500
Tecno,8,512,5887,50,16,6.35,60,1,120,43,67500
OnePlus,24,512,4421,108,12,6.33,165,1,45,74,115500
Infinix,6,256,5263,12,16,6.78,90,1,45,71,71500
Oppo,12,256,4609,48,8,6.75,120,1,33,84,83000
Redmi,8,256,4540,50,20,6.86,144,1,240,46,69000
Xiaomi,8,256,7043,200,12,6.62,90,1,25,68,80500
Oppo,8,128,4173,108,12,6.3,144,0,45,81,76500
Realme,8,256,4422,50,32,6.14,90,1,240,62,67500
Infinix,16,512,6622,50,12,6.21,120,1,18,95,99000
Infinix,12,256,5640,50,20,6.27,144,1,45,90,90000
Oppo,16,512,6742,200,12,6.68,90,1,45,25,86500
Infinix,12,128,5555,64,16,7.0,120,1,33,39,61500
OnePlus,4,256,4666,50,16,6.1,120,1,45,55,61500
iQOO,8,128,6783,32,32,6.25,90,1,33,37,51000
iQOO,8,256,4059,50,32,6.58,120,1,45,94,85000
OnePlus,12,256,7143,48,16,6.12,120,1,10,33,62000
Vivo,4,128,4891,50,8,6.37,144,1,100,46,48500
Nothing,24,128,6072,108,8,6.91,144,1,80,54,91000
Redmi,8,256,6745,64,32,6.17,120,1,150,75,81500
Nothing,6,512,5652,48,16,6.11,60,1,150,68,73000
Vivo,6,512,4455,50,16,6.51,90,1,33,37,67500
Oppo,16,512,7006,48,12,6.6,120,1,240,99,116000
Honor,12,512,4631,50,16,6.72,90,1,240,89,106500
Poco,12,512,4215,50,32,6.94,144,1,120,43,80500
Honor,24,256,6140,48,16,6.68,90,1,25,82,97000
Oppo,12,512,5506,50,8,6.78,120,1,33,29,80000
Lava,6,256,4018,48,16,6.51,120,1,240,37,67000
Poco,8,256,4708,48,16,6.92,144,1,45,73,74500
Samsung,4,256,6058,64,16,6.25,120,1,100,99,93500
Honor,12,512,5632,48,20,6.49,90,1,150,64,86000
Honor,12,128,6794,108,16,6.44,60,1,150,39,60500
Honor,12,256,5133,48,16,6.24,90,1,80,91,81000
Honor,8,256,7050,50,20,6.7,120,1,45,79,76000
Google,12,256,4318,108,32,6.95,120,0,10,61,83500
OnePlus,24,64,6094,50,16,6.92,120,1,67,25,72500
Tecno,8,256,6021,32,20,6.37,90,1,150,56,61000
Vivo,16,128,6849,50,8,6.58,144,1,120,25,71000
Vivo,8,128,6712,108,16,6.29,120,1,45,45,65500
Redmi,8,1024,5906,48,16,6.92,144,1,45,63,95500
iQOO,16,256,7418,16,20,6.29,90,1,25,51,73000
Vivo,6,128,4362,32,12,6.76,120,0,240,32,49000
iQOO,8,256,4731,50,16,6.85,120,1,18,36,68000
Oppo,12,256,6149,16,8,6.17,60,1,67,93,87000
Google,6,256,5382,50,8,6.73,90,1,100,87,94000
OnePlus,6,512,4768,50,12,6.58,120,0,150,45,79000
Nothing,12,512,4818,50,20,6.46,90,1,80,49,83500
Oppo,6,512,6477,50,12,6.92,60,1,100,45,71000
Honor,8,256,5051,50,50,6.71,90,0,45,34,53500
Realme,4,512,7395,50,8,6.8,90,0,33,80,76500
Infinix,8,512,5356,50,16,6.18,90,1,10,35,64500
Google,12,512,7058,48,16,6.97,120,1,67,39,90000
Lava,8,256,4978,50,16,6.88,165,0,80,81,82000
Oppo,12,512,4520,64,12,6.31,90,1,120,47,77000
Lava,8,128,6587,64,20,6.55,120,1,100,58,69500
Lava,8,256,4679,48,16,6.32,120,0,80,44,56000
Google,8,256,6531,50,16,6.69,144,0,25,78,87000
Lava,6,256,7439,48,16,6.8,120,0,120,31,60000
Realme,4,1024,5893,200,12,7.0,60,1,67,82,114500
Nothing,8,256,5693,48,16,6.58,144,1,120,40,58500
Infinix,12,128,5658,200,8,6.53,165,1,150,67,77500
OnePlus,16,128,4517,50,20,6.69,120,1,18,100,90500
Xiaomi,8,256,5498,50,16,6.91,60,1,80,93,83000
Motorola,8,128,4639,16,20,6.8,90,1,33,100,82500
Lava,8,256,4591,48,16,6.79,144,1,240,76,79500
Vivo,4,256,5550,50,16,6.4,120,1,67,26,54000
Vivo,24,128,6728,50,12,6.56,120,1,80,75,106000
Apple,8,64,4945,50,16,6.49,165,1,10,86,99000
Redmi,8,256,4546,108,20,6.31,120,0,150,31,56000
Tecno,8,512,5742,108,16,6.59,90,1,240,26,62500
Poco,8,512,5454,48,8,6.32,90,1,33,63,82000
Redmi,24,256,5745,50,16,6.62,120,1,120,51,84500
Xiaomi,6,128,5163,12,20,6.91,120,1,100,81,71500
iQOO,16,1024,4793,50,12,6.83,90,1,45,61,111000
Lava,4,256,4552,200,32,6.31,165,1,25,32,63500
OnePlus,12,256,6799,50,50,6.62,120,1,25,61,86500
Motorola,6,128,4735,50,20,6.38,120,1,100,48,62500
iQOO,6,128,6148,50,16,6.12,90,1,33,64,57500
Samsung,6,256,5699,50,32,6.22,120,1,240,55,80000
Redmi,12,256,4617,48,20,6.15,120,1,10,84,76000
Oppo,8,1024,5213,50,16,6.25,120,1,240,65,105000
Tecno,6,512,6179,32,50,6.61,120,1,25,73,86500
Realme,4,128,5341,50,20,6.64,90,1,33,40,54500
Lava,8,128,6621,108,20,6.81,120,1,33,42,63000
Realme,8,128,5877,50,8,6.18,120,1,25,78,70000
Google,8,256,5052,48,32,6.8,90,0,150,56,75000
Lava,8,512,4185,108,32,6.96,60,1,67,47,71500
Lava,12,256,4385,48,32,6.12,120,1,120,86,78500
Honor,8,512,5946,50,16,6.69,90,1,18,78,84500
Oppo,12,256,6157,50,16,6.16,120,1,67,94,101000
Lava,4,256,7481,50,32,6.69,90,1,45,88,75000
Vivo,8,256,5692,48,12,6.67,90,1,33,34,71500
Samsung,8,128,5994,48,16,6.49,120,1,80,81,89000
Redmi,8,128,6431,48,12,6.32,120,1,33,51,61500
iQOO,8,256,4532,48,8,6.37,120,1,100,33,61500
Lava,6,512,5903,108,16,6.36,90,1,150,32,64500
Redmi,6,64,6711,48,16,6.78,144,1,10,27,45000
iQOO,16,256,7276,48,12,6.95,165,1,150,64,90500
Redmi,6,256,4065,48,20,6.88,90,1,10,31,53000
Redmi,12,128,6849,50,20,6.63,120,1,120,45,69500
OnePlus,8,128,4428,50,16,6.87,120,1,240,56,75500
Vivo,12,256,4835,48,32,6.78,90,1,45,82,81000
Google,6,128,4124,48,12,6.26,60,1,45,45,55000
Google,4,256,5116,48,16,6.22,60,1,120,41,64000
Nothing,6,1024,4846,50,8,6.47,144,1,10,72,103000
Poco,8,256,5906,50,8,6.31,90,0,67,47,53000
Oppo,24,512,5110,64,8,6.29,60,1,240,43,88000
Motorola,8,128,6800,32,16,6.81,120,1,80,88,88000
OnePlus,8,128,5649,64,8,6.93,60,0,100,26,48500
iQOO,6,128,5701,50,16,6.53,120,1,25,84,78000
Tecno,8,256,6897,50,32,6.6,120,0,120,88,85500
Infinix,8,512,7179,32,8,6.8,144,1,45,51,74000
OnePlus,8,256,6737,32,8,6.68,144,1,100,32,79500
Tecno,12,128,4535,64,50,6.13,120,0,67,58,62000
Infinix,6,256,6131,108,16,6.35,60,1,120,65,63500
Oppo,6,128,4643,50,16,6.34,120,1,100,41,48000
Apple,8,512,6172,50,16,6.28,90,1,150,91,115000
Oppo,16,512,5691,48,12,6.82,120,1,120,41,83000
Apple,8,64,6129,50,16,6.92,120,1,150,51,87000
Nothing,16,128,7223,50,16,6.63,144,1,100,32,68500
Realme,6,128,6383,48,20,6.31,120,1,25,26,52500
Google,12,512,5747,50,50,6.5,120,1,33,30,80500
Realme,4,512,6532,108,16,6.56,60,1,18,43,73500
Oppo,16,256,4069,50,50,6.5,120,1,18,93,98500
Poco,8,512,6984,50,12,6.55,120,1,67,52,77500
Samsung,16,256,7010,50,16,6.46,120,0,67,47,86000
Realme,12,128,6644,48,12,6.15,120,1,80,100,91000
Lava,16,128,6002,108,12,6.28,120,1,45,59,65500
Realme,8,512,5718,50,32,6.52,90,1,80,42,67500
Vivo,12,256,4590,48,12,6.9,90,1,120,98,91000
OnePlus,4,128,6203,48,16,6.73,90,1,80,51,70500
Redmi,4,128,5066,50,16,6.91,90,1,67,87,72000
Redmi,6,512,7162,64,20,6.56,120,0,33,31,58500
iQOO,4,128,5815,50,8,6.63,165,0,150,60,69500
Realme,24,128,5178,12,12,7.0,90,1,18,56,74000
Google,8,256,5800,50,12,6.88,120,1,67,60,78500
Lava,8,256,4157,50,32,6.4,120,1,100,37,54500
Tecno,6,256,6716,50,16,6.59,90,1,18,51,72000
Nothing,12,128,5743,50,16,6.85,165,0,18,33,66500
Xiaomi,8,256,5556,108,20,6.7,90,1,67,66,76500
iQOO,8,256,6934,64,20,6.15,120,1,150,56,75500
Nothing,6,256,6825,16,16,6.93,120,1,25,60,72000
Nothing,16,256,5103,48,12,6.25,120,1,67,48,86000
Google,8,128,7025,48,20,6.83,90,1,33,73,77500
Google,6,128,6897,50,32,6.81,60,1,45,73,76500
Google,6,512,4870,50,50,7.0,120,0,33,74,96500
Poco,6,512,5128,48,32,6.58,120,0,33,62,78000
OnePlus,6,128,5698,50,16,6.63,60,0,25,95,76500
Motorola,6,128,7204,50,20,6.14,144,0,33,76,78500
Poco,8,512,6753,48,32,6.74,90,1,25,75,92500
Apple,8,128,5306,108,12,6.54,120,1,18,83,103500
Google,4,128,7194,50,16,6.32,120,1,10,51,65000
Tecno,12,128,6698,108,32,6.36,120,1,240,67,82000
Samsung,6,256,4854,50,32,6.48,60,1,150,99,100500
Lava,6,128,6749,48,12,6.94,90,1,25,66,66500
Nothing,8,128,5616,50,32,6.8,144,1,25,31,65000
Oppo,8,256,6254,50,32,6.57,120,1,18,29,65000
Oppo,12,512,6707,50,20,6.78,90,1,100,91,100500
Poco,8,256,5985,48,16,6.25,120,1,150,91,80500
Tecno,4,64,5688,200,20,6.84,90,1,25,65,69500
Google,12,1024,4046,32,16,6.67,60,1,80,25,97500
Vivo,8,256,6881,108,12,6.88,120,1,150,87,95000
Google,6,128,4231,108,16,6.94,120,0,33,90,87500
Oppo,12,256,5627,12,32,6.93,165,1,240,57,91000
Realme,8,256,7444,50,32,6.5,165,1,25,55,67000
Infinix,16,64,5696,50,32,7.0,60,1,240,27,65000
iQOO,8,512,4078,16,20,6.68,165,1,18,54,75000
Apple,8,256,7279,64,8,6.71,90,0,240,98,115000
Motorola,6,256,6731,48,8,6.96,120,1,240,34,62000
iQOO,4,512,4088,48,16,6.5,90,1,80,65,72000
Samsung,8,256,7271,200,8,6.72,60,1,33,81,101500
Samsung,12,1024,5462,108,12,6.5,165,1,10,63,115000
Redmi,24,64,4737,50,12,6.67,90,1,45,67,83000
Motorola,12,512,5833,12,16,6.54,90,1,120,89,93500
Samsung,8,256,4773,48,16,6.63,120,1,100,81,92500
Poco,12,256,5627,48,32,6.23,120,1,45,52,70500
Realme,8,512,4949,50,16,6.82,120,1,25,90,88500
Oppo,6,128,4234,108,32,6.13,90,0,10,70,66000
Vivo,6,256,6550,12,16,6.65,120,1,240,27,61500
Infinix,12,256,6223,108,32,6.96,90,1,25,44,65000
Xiaomi,6,64,5353,50,8,6.21,120,1,240,39,58000
OnePlus,8,256,5752,48,12,6.19,90,1,240,57,78500
Lava,8,64,5782,50,12,6.98,120,1,33,93,83500
Poco,6,256,4142,50,12,6.15,90,1,80,89,75500
Nothing,6,512,7488,50,12,6.15,90,1,150,40,76000
Realme,4,128,4798,108,16,6.94,120,0,100,48,54500
Samsung,8,256,6942,48,50,7.0,90,1,67,93,99500
iQOO,16,256,5169,200,8,6.7,90,1,45,60,88500
Google,6,512,4072,50,16,6.17,120,1,18,65,83500
Realme,8,256,6519,32,12,6.3,120,1,240,63,76500
Samsung,4,64,4341,108,16,6.26,120,1,240,81,80500
Nothing,12,512,6131,50,32,6.25,90,1,45,68,90000
Oppo,12,256,4893,50,12,6.89,120,1,150,44,72000
OnePlus,12,256,6624,50,16,6.52,120,1,120,53,71000
Realme,4,256,6644,50,8,6.46,120,0,240,70,74000
Infinix,8,256,5089,48,16,6.63,90,1,18,60,65000
Nothing,8,1024,6475,48,12,6.66,120,1,45,65,103000
Honor,8,128,7278,48,16,6.78,120,1,10,38,53500
Apple,12,512,4999,108,20,6.39,90,1,18,88,113500
Motorola,4,128,5457,48,32,6.72,120,1,45,35,52500
Lava,6,512,4518,48,32,6.69,120,1,45,40,69000
Lava,24,256,4332,48,12,6.68,120,1,100,81,92000
Vivo,16,256,4030,48,12,6.32,90,1,100,42,69000
Lava,16,128,6697,50,20,6.38,90,1,25,34,59500
Tecno,24,1024,7377,12,16,6.39,120,1,240,25,105500
Samsung,6,256,5547,64,16,6.99,60,1,120,95,94000
Google,8,512,4588,50,20,6.63,120,1,240,37,78500
OnePlus,6,128,5524,48,8,6.79,120,1,10,43,56500
OnePlus,4,128,6031,48,12,6.83,120,1,25,72,78000
Infinix,8,128,6605,48,16,6.21,120,1,18,66,71000
Samsung,6,64,5990,48,12,6.56,120,1,67,59,69500
OnePlus,6,128,4041,50,8,6.69,120,0,100,95,89500
Tecno,6,256,7014,200,12,6.36,90,0,45,92,86500
iQOO,8,128,5473,16,20,6.12,60,1,100,90,74000
Realme,6,512,6787,50,16,6.15,90,1,45,42,62500
Honor,24,256,4268,50,16,6.53,60,1,18,30,79000
Lava,8,512,6596,50,12,6.49,120,0,45,67,78000
Samsung,12,256,6020,200,16,6.98,165,1,45,97,102500
OnePlus,24,256,6654,48,32,6.77,120,1,67,62,96000
Redmi,6,256,7313,50,16,6.95,90,1,25,94,85000
Vivo,16,256,5258,50,8,6.52,120,0,33,48,66000
Poco,16,128,5218,48,32,6.24,90,0,10,56,65500
Honor,12,128,5301,12,16,6.65,90,1,150,65,79000
Infinix,4,128,4871,64,12,6.39,120,1,100,70,66000
Honor,8,128,6497,48,16,6.42,120,1,80,38,56000
Vivo,16,128,5782,64,32,6.96,120,1,67,42,73500
Tecno,16,512,6843,50,32,6.75,120,0,240,57,93500
Tecno,12,128,5117,48,8,6.98,120,1,80,96,84000
OnePlus,12,256,6708,48,16,6.76,120,1,100,44,75500
Redmi,6,512,6805,50,12,6.15,120,1,33,63,75000
iQOO,8,256,7104,48,16,6.65,120,0,120,79,83500
Poco,4,256,6068,108,20,6.41,120,1,25,41,58000
Redmi,8,256,7210,108,50,6.47,60,1,150,61,75000
Google,4,512,6030,50,16,6.42,120,1,25,67,83500
Apple,8,512,5387,50,32,6.45,120,1,150,99,116000
Lava,16,512,6818,64,16,6.36,60,1,18,31,73500
Infinix,8,512,6707,108,16,6.56,90,1,18,36,69500
Redmi,12,256,6376,108,16,6.86,120,1,80,93,97500
Redmi,4,256,7151,108,50,6.21,90,1,120,78,78000
Samsung,12,256,4776,48,16,6.4,120,1,100,66,87500
Infinix,16,256,4206,200,8,6.66,144,1,10,64,92000
Nothing,8,256,6149,48,12,6.56,120,1,45,65,73500
Realme,6,256,6157,50,8,6.4,120,1,45,76,77000
iQOO,12,256,4233,64,16,6.6,120,1,240,69,83000
Poco,12,128,5674,50,12,6.31,120,0,18,30,52000
Xiaomi,8,128,6220,50,12,6.41,120,1,80,84,75000
Honor,8,256,4960,48,32,6.98,120,1,18,45,64500
Honor,8,128,5613,50,16,6.37,60,0,100,81,76000
Samsung,24,64,6070,50,12,6.76,120,1,33,74,99500
Apple,12,256,4699,48,12,6.66,120,1,150,89,108500
Poco,24,256,6671,48,8,6.98,120,1,33,98,109000
Nothing,6,128,5079,32,8,6.94,120,0,67,38,57000
Samsung,4,128,4466,12,16,6.62,120,1,150,86,86500
Xiaomi,4,512,5122,50,20,6.86,120,1,80,30,62000
Lava,6,1024,4019,48,12,6.42,120,1,100,55,87500
Realme,12,512,4968,50,12,6.43,90,1,120,68,77500
Vivo,8,128,5504,48,12,6.27,120,1,25,33,52000
Vivo,8,128,7077,50,20,6.52,90,1,33,81,81500
Samsung,6,256,6023,108,12,6.88,165,1,45,64,92000
Redmi,24,256,4444,108,50,6.72,120,0,100,50,93500
Redmi,24,1024,7134,200,8,6.69,120,1,80,66,128500
Honor,12,512,7150,48,12,6.29,90,1,10,89,93000
Infinix,6,256,6240,50,32,6.55,60,1,33,38,52000
Samsung,24,128,5824,50,32,6.96,165,1,150,32,83500
OnePlus,8,256,4328,50,16,6.31,120,1,150,50,71000
Google,16,128,6782,64,20,6.11,90,1,240,57,83500
Poco,24,128,6020,64,32,6.83,120,1,25,76,100000
Samsung,16,128,4311,50,20,6.81,144,0,25,93,93500
Redmi,12,256,4797,108,16,6.5,120,1,45,49,73000
Lava,8,128,7471,108,32,6.67,120,1,120,65,74000
Realme,8,256,6638,48,8,6.47,144,1,100,52,71000
Infinix,8,64,6521,50,32,6.21,144,1,120,56,64500
Apple,12,512,5863,200,16,6.45,90,0,80,89,125500
Poco,16,512,4796,50,16,6.15,120,1,67,25,65500
Motorola,6,128,7378,48,12,6.69,120,0,18,66,70500
iQOO,12,1024,6119,12,32,6.55,144,1,45,41,96000
Infinix,12,256,6504,108,12,6.66,60,1,10,89,79000
Motorola,8,512,7359,50,32,6.43,120,1,150,85,92500
Redmi,8,1024,7252,50,32,6.14,60,1,45,27,72500
Vivo,8,256,4709,64,16,6.62,90,1,10,59,67000
Apple,8,512,6822,108,32,6.27,120,1,33,29,89500
Xiaomi,16,256,5101,64,8,6.42,120,1,240,31,71500
iQOO,6,512,5991,16,16,6.16,120,1,45,87,88500
OnePlus,12,256,6425,200,16,6.67,90,0,80,33,75000
Xiaomi,16,128,4397,50,16,6.29,90,1,18,28,55000
Apple,4,256,4424,50,12,6.4,144,1,33,29,72500
Samsung,4,128,5015,200,12,6.41,60,0,25,64,78500
Redmi,12,128,4168,12,16,6.25,120,1,80,87,80500
Samsung,6,256,5434,64,16,6.51,120,1,10,81,93000
Poco,12,128,5033,48,32,6.69,120,1,25,81,72000
Redmi,12,128,7146,50,16,6.34,60,1,150,61,77500
Honor,6,64,5760,108,50,6.77,120,1,10,82,70000
Honor,8,128,5517,48,12,7.0,120,1,240,26,74500
OnePlus,4,512,7248,48,32,6.61,120,1,45,81,96000
Nothing,12,128,4092,50,20,6.52,90,1,240,46,79000
Poco,16,256,5571,108,12,6.37,120,1,45,95,94500
Samsung,8,128,4017,16,12,6.49,120,1,120,77,73500
Poco,16,256,4116,50,12,6.65,120,1,80,45,62000
Xiaomi,8,256,5441,200,8,6.23,144,1,240,52,77500
iQOO,12,256,4730,48,12,6.68,144,1,100,91,92000
Oppo,24,256,7166,48,32,6.11,60,1,18,97,93500
Infinix,16,128,7018,50,12,6.3,144,1,10,57,75500
Motorola,8,256,4198,32,16,6.13,144,1,67,54,63000
Xiaomi,6,512,5800,50,16,6.14,120,1,67,96,90000
Lava,8,256,7151,32,50,6.43,60,1,18,44,59500
Redmi,4,128,5906,16,16,6.75,90,1,10,25,32500
Infinix,8,256,4504,200,32,6.86,120,1,67,29,63000
Apple,4,512,6857,48,32,6.86,90,1,25,57,92500
Xiaomi,6,256,5619,64,32,6.34,120,1,67,63,69500
Google,24,128,6514,50,20,6.65,60,1,18,57,79500
Tecno,12,128,5933,50,32,6.42,144,1,240,91,92500
Tecno,12,64,4978,12,20,6.49,120,1,33,83,76000
Honor,6,128,5961,64,8,6.11,144,1,25,80,76500
Nothing,8,512,5767,50,32,6.84,165,1,240,31,84000
Apple,4,256,5069,64,16,6.32,120,1,240,29,85000
Google,8,512,7010,48,16,6.83,60,0,25,56,74500
Oppo,8,256,6595,48,8,6.77,120,1,240,36,78000
iQOO,12,1024,6710,50,12,6.37,120,1,240,96,126500
Xiaomi,4,512,7479,48,32,6.12,144,1,67,34,67500
Honor,8,128,6027,48,12,6.19,165,1,33,60,76000
Nothing,16,256,5953,50,50,6.31,120,1,10,74,84500
Realme,16,128,5509,64,12,6.44,60,0,67,78,72000
iQOO,8,256,5723,12,32,6.84,120,1,100,26,59000
Honor,8,512,5216,48,50,6.69,90,1,10,90,86500
Google,8,512,5167,50,16,6.36,120,0,25,40,68000
Xiaomi,8,256,7055,50,16,6.57,60,0,18,56,63000
Honor,12,128,7050,16,8,6.71,120,1,80,56,77000
Redmi,8,128,5776,48,50,6.73,165,1,33,96,96000
Oppo,6,512,6933,50,12,6.4,120,1,100,25,64500
OnePlus,16,512,5360,12,20,6.56,120,0,240,61,90500
Nothing,8,128,6492,50,12,6.29,60,1,120,57,74000
Samsung,8,256,5413,48,32,6.25,120,1,18,77,80000
Infinix,4,256,4817,48,32,6.89,120,1,33,70,67000
iQOO,6,256,4916,64,32,6.34,120,1,45,75,75500
Tecno,12,256,6962,50,20,6.99,120,0,80,38,57500
Realme,4,256,4775,48,50,7.0,120,1,10,32,50500
Lava,4,512,5316,16,20,6.48,60,1,80,82,77500
Google,16,256,6340,50,20,6.63,120,1,10,51,82000
Honor,8,256,4514,32,20,6.89,90,1,120,69,79000
Poco,16,512,5946,50,32,6.38,165,1,100,49,88000
Lava,12,256,6095,12,32,6.91,144,1,100,86,92500
Realme,24,1024,4974,48,50,6.82,60,1,67,74,118500
OnePlus,8,512,4902,50,32,6.64,120,1,120,77,92000
OnePlus,6,512,4182,48,8,6.77,144,1,100,28,76500
Motorola,6,64,4689,48,20,6.2,90,1,25,84,72000
Honor,8,256,6377,50,16,6.26,120,1,10,56,63500
Oppo,6,512,6228,12,16,6.55,90,1,33,52,71000
Samsung,8,256,7160,64,16,6.47,120,1,240,49,85000
Google,12,128,6078,50,16,6.9,90,1,150,48,81500
Xiaomi,6,128,6232,64,16,6.63,120,1,100,83,78500
Infinix,8,512,7271,50,16,6.74,120,1,100,59,69500
Apple,6,128,6653,48,32,6.75,120,1,18,41,85000
OnePlus,12,256,4262,48,8,6.75,144,1,33,63,81000
Realme,6,64,6978,108,16,6.58,144,1,45,46,65000
Apple,4,256,4587,64,20,6.44,90,1,120,37,81000
Redmi,12,64,7018,200,20,6.88,90,1,18,59,75500
Redmi,4,128,6012,48,32,6.2,120,1,45,32,46000
Redmi,12,512,6674,48,12,6.17,120,1,33,33,62500
Honor,16,128,5905,50,16,6.45,120,0,240,96,99500
Motorola,8,256,6908,32,32,6.17,60,1,80,100,85500
Oppo,8,512,6107,32,8,6.56,120,1,120,48,72500
Lava,8,512,6866,50,12,6.49,60,1,18,50,68500
Tecno,8,256,6349,48,20,6.65,120,0,33,46,59500
Redmi,12,128,6690,50,8,6.61,60,1,33,100,83500
iQOO,8,128,7425,50,16,6.3,165,1,10,33,62500
iQOO,6,256,5911,108,16,6.25,120,0,33,98,81500
Redmi,8,256,6686,50,16,6.39,144,1,240,78,90500
Oppo,16,512,6116,50,20,6.1,165,1,18,69,89000
Poco,12,128,6243,50,8,6.12,120,0,150,55,69500
Oppo,4,256,7338,50,32,6.88,60,0,240,68,78500
Poco,6,512,5505,50,12,6.5,120,1,10,30,57500
Motorola,12,128,4456,50,16,6.48,60,0,33,90,70500
Samsung,24,128,6974,50,32,6.26,120,0,240,80,113000
Apple,6,256,4114,108,32,6.11,90,1,67,78,90000
Oppo,12,512,7147,200,8,6.17,60,0,120,31,84000
Poco,8,256,5425,64,16,6.98,165,1,120,53,72000
Poco,12,256,6026,48,16,6.56,144,1,120,49,78500
Apple,12,128,6374,48,32,6.21,60,1,100,96,101500
Motorola,4,256,4150,50,12,6.24,120,1,120,40,59000
Realme,12,256,4074,48,20,6.52,144,1,18,59,67500
Oppo,6,512,6224,50,50,6.46,90,1,100,41,70500
Motorola,16,256,4187,64,8,6.96,120,0,10,56,68500
iQOO,6,256,5661,50,16,6.96,120,1,150,70,75000
Xiaomi,4,512,7355,50,16,6.27,90,1,240,74,85500
Nothing,6,256,5252,108,12,6.73,144,1,10,34,68000
Google,8,128,5400,50,16,6.36,120,1,100,38,57000
Motorola,8,256,4384,200,12,6.42,120,1,120,41,61000
iQOO,6,512,4742,50,12,6.79,120,1,80,88,87000
Poco,12,256,7486,32,16,6.16,120,1,25,71,75000
Lava,8,128,4282,48,12,6.92,120,1,45,82,66000
OnePlus,6,256,4235,48,16,6.18,60,1,33,80,64500
Infinix,4,256,6586,50,32,6.26,120,1,120,45,63000
Lava,8,256,4823,64,16,6.85,120,1,240,41,62500
Lava,8,256,4683,32,16,6.37,144,1,240,28,64500
Google,6,256,4989,48,8,6.34,165,1,18,72,84500
Xiaomi,12,256,5767,50,16,6.52,120,1,25,58,74000
Apple,8,256,4525,50,32,6.37,120,1,33,81,98000
Motorola,16,512,7029,16,16,6.82,120,1,120,78,98500
Apple,8,256,6375,48,32,6.9,120,1,25,91,103000
Xiaomi,8,1024,6132,64,8,6.81,90,1,10,70,107000
Apple,8,256,7178,32,16,6.37,90,1,67,56,78000
Realme,8,256,4319,50,50,6.98,60,1,100,85,84000
OnePlus,8,512,5233,64,16,6.86,165,1,33,25,79000
Vivo,8,256,6244,50,16,6.54,120,1,10,68,75000
Motorola,12,512,7137,48,16,6.21,60,1,67,75,90500
Lava,8,256,6798,50,12,6.94,60,1,120,65,71500
Poco,8,256,4375,48,12,6.68,120,1,10,34,55000
Oppo,6,1024,4293,50,16,6.22,120,1,25,50,88000
Motorola,6,256,7225,64,16,6.83,120,0,45,56,70500
Honor,6,512,7142,50,32,6.57,144,1,100,93,95500
Lava,8,128,6659,50,16,6.91,60,1,45,87,76000
Honor,24,256,4179,64,12,6.69,60,1,10,70,92000
Apple,6,128,6906,48,32,6.73,120,1,33,25,67500
Apple,16,128,5005,50,12,6.76,120,1,45,52,99500
Samsung,8,256,6365,48,16,6.72,144,1,33,60,76500
Realme,8,128,5394,108,32,6.84,120,1,80,70,71000
iQOO,24,128,4489,50,32,6.86,90,1,18,89,101000
OnePlus,12,1024,4540,108,12,6.95,165,0,67,84,113000
Lava,4,128,7214,50,16,6.87,60,1,18,65,64000
Xiaomi,6,512,6930,50,32,6.8,90,1,45,29,68000
iQOO,4,256,4021,50,20,6.68,60,1,45,31,52000
Apple,4,512,5030,48,20,6.68,120,0,10,75,91500
Redmi,6,256,6671,16,8,6.37,144,1,25,78,77000
Apple,8,128,5631,48,12,6.25,120,1,150,53,86500
Vivo,8,128,4091,50,16,6.56,120,1,100,94,90500
OnePlus,12,128,5583,50,20,6.56,90,1,80,63,73500
Vivo,8,512,5996,64,32,6.26,60,1,80,61,78500
Samsung,12,128,7488,50,20,6.9,144,0,18,64,85000
Honor,4,256,5040,16,16,6.53,144,1,100,58,61500
Honor,12,512,4667,48,16,6.61,144,1,150,46,83000
Vivo,4,128,4208,50,12,6.7,144,1,120,78,71000
Apple,6,256,7174,48,32,6.8,120,1,100,86,109500
Google,6,512,7268,200,12,6.58,120,0,80,82,101500
Oppo,8,512,6128,50,32,6.61,120,1,80,85,104500
Tecno,8,512,4324,48,12,6.35,90,1,45,40,65000
Xiaomi,12,512,6900,108,16,6.94,90,1,45,90,91500
iQOO,8,256,5846,50,16,6.53,144,1,67,29,64000
Oppo,8,256,4294,50,50,6.13,120,1,240,99,92000
Samsung,8,1024,7064,50,16,6.44,90,1,150,39,89000
Nothing,6,512,4571,48,12,6.2,60,1,33,36,64500
Google,8,512,5606,50,16,6.6,60,1,150,47,84000
Vivo,6,128,5943,48,16,6.86,60,1,100,47,57500
Samsung,12,256,4059,108,12,6.84,120,1,120,38,83500
Nothing,16,256,4113,48,32,6.92,165,0,240,75,98500
Xiaomi,16,256,4127,108,20,6.57,120,1,33,90,82000
Samsung,8,256,7490,48,12,6.14,120,1,33,83,90500
Vivo,6,256,6527,48,16,6.31,120,0,18,87,87000
Motorola,6,64,4239,48,16,6.32,120,1,33,88,65500
Google,6,256,6780,64,16,6.24,120,1,10,30,65000
Apple,6,256,6295,108,32,6.81,120,1,18,93,108000
Realme,16,64,6779,64,8,6.8,90,1,45,33,66000
Apple,8,512,5576,50,20,6.63,90,1,25,83,110500
Google,16,128,6110,50,16,6.38,144,1,67,91,97000
Samsung,12,128,5655,200,20,6.44,120,1,120,52,83500
Samsung,8,128,4664,50,32,6.63,90,1,240,25,58500
Vivo,8,256,7422,50,8,6.4,144,0,120,44,71500
Apple,12,256,5054,50,12,6.44,120,1,45,61,93500
Redmi,8,128,4625,50,12,6.65,120,1,18,45,59500
Motorola,8,256,4341,200,20,6.41,120,0,150,99,87500
Tecno,8,128,6538,50,16,6.63,144,1,67,57,70000
Motorola,4,512,6099,108,20,6.17,120,1,100,31,71000
Google,12,256,5307,50,16,6.82,120,1,120,38,66500
Redmi,8,1024,4404,48,16,6.13,120,0,80,54,80000
Realme,12,256,4635,50,12,6.94,120,1,120,99,91500
Samsung,6,128,6176,50,16,6.89,90,1,33,83,74000
Honor,12,128,6223,64,16,6.99,120,1,25,36,69000
Realme,8,64,7418,108,16,6.35,90,1,150,37,60500
Tecno,4,128,7224,50,32,6.69,165,1,80,87,81500
Samsung,8,128,5145,50,16,6.82,90,1,120,80,88500
Nothing,12,256,4045,48,8,6.48,90,1,33,95,83500
Honor,16,256,6160,200,8,6.72,120,1,80,79,99000
Google,12,64,4525,12,16,6.67,90,0,240,79,74000
Nothing,8,256,5518,50,50,6.98,120,1,100,44,70000
iQOO,8,1024,7109,48,16,6.83,120,0,150,63,102000
Infinix,8,256,7247,50,32,6.98,90,0,45,100,79000
Infinix,8,256,5457,16,8,6.2,120,0,45,100,74500
Vivo,4,256,7321,48,16,6.57,120,1,67,87,86000
Honor,8,256,5037,50,20,6.73,144,1,33,78,75500
Redmi,24,512,4766,48,16,6.87,90,1,80,47,93500
Infinix,6,128,4900,50,8,6.61,60,1,100,93,72500
Tecno,4,64,7409,50,16,6.73,144,1,120,76,68000
Samsung,4,128,5133,50,50,6.52,120,1,25,59,69000
Apple,12,128,5582,50,32,6.31,90,1,18,64,93000
Samsung,8,64,7079,50,12,6.81,120,1,80,96,89000
Lava,8,512,4185,50,16,6.16,90,0,120,55,61500
Realme,8,256,7013,48,20,6.74,120,1,80,86,90000
Google,16,256,6850,200,16,6.9,120,1,18,55,95000
Tecno,6,512,6736,50,32,6.15,90,0,33,100,94500
Motorola,4,512,4237,50,16,6.27,60,0,240,60,74500
Poco,16,256,6624,50,32,6.27,120,1,120,63,84500
Realme,16,128,5811,64,20,6.69,120,0,100,59,76500
OnePlus,12,64,4917,50,16,6.47,120,0,80,35,60500
Oppo,8,512,4602,200,12,6.77,120,0,25,63,81500
Nothing,6,128,4523,12,16,6.77,60,1,45,89,71000
Motorola,12,512,7368,50,16,6.84,120,1,10,56,80000
Lava,8,128,4093,16,50,6.62,60,1,10,27,45000
Poco,6,64,5058,50,12,6.56,120,1,33,72,60000
Lava,6,256,5658,64,16,6.17,165,0,150,85,75500
Oppo,24,64,6200,50,16,6.43,120,1,25,60,85000
Realme,4,512,6907,64,16,6.98,120,1,150,46,77500
OnePlus,16,64,5157,50,8,6.73,120,0,25,48,64500
Motorola,8,256,5946,16,16,6.91,120,1,120,94,88000
Apple,12,512,6061,16,20,6.94,144,1,120,71,112000
Xiaomi,4,256,5717,50,16,6.98,144,1,80,40,58500
Tecno,16,64,6286,108,50,6.95,120,0,240,50,75500
Motorola,8,64,6063,50,16,6.5,120,1,18,50,62000
OnePlus,12,128,5493,12,12,6.55,60,1,33,46,68500
iQOO,8,512,6276,48,16,6.84,144,1,67,38,73500
Vivo,6,128,5343,32,20,6.67,120,1,18,32,55500
Lava,12,256,5542,200,20,6.14,90,1,10,68,78500
Apple,8,512,5098,64,16,6.64,120,1,150,76,113000
Lava,12,512,4385,50,8,6.24,90,1,45,46,67500
iQOO,12,512,5570,200,16,6.97,120,1,80,59,96000
Honor,6,256,7393,32,16,6.53,60,0,80,100,76000
Honor,6,128,6601,50,12,6.91,120,1,33,40,59500
Xiaomi,4,128,6039,64,16,6.38,120,0,10,31,47000
Honor,8,256,6433,108,8,6.74,120,1,100,85,84000
Samsung,12,256,5959,50,16,6.92,120,1,240,67,89000
Lava,16,128,6800,64,8,6.33,90,1,150,38,71000
Tecno,4,128,7499,48,8,6.4,90,1,10,98,74000
Vivo,6,512,7079,50,32,6.21,165,1,120,49,78500
Motorola,6,128,6139,50,32,6.19,144,1,120,77,70500
Vivo,24,256,7429,50,8,6.17,90,0,80,75,86000
Honor,12,128,6451,32,20,6.5,120,1,45,63,72000
Infinix,8,64,4721,32,16,6.18,120,1,67,89,69000
Nothing,12,256,6540,50,12,6.55,120,1,100,82,97500
Samsung,6,256,6363,48,8,6.39,60,1,10,52,72000
Google,12,256,4596,50,20,6.81,144,0,67,98,98500
Poco,4,256,7424,48,20,6.58,120,1,18,87,80000
Infinix,8,128,4988,50,12,6.33,120,0,10,95,69000
Apple,4,128,5613,32,20,6.84,120,1,120,56,86500
Realme,8,512,4080,50,8,6.11,165,1,33,93,82000
Redmi,8,256,4029,64,32,6.52,90,1,18,66,72500
Nothing,16,256,7208,108,50,6.12,120,1,240,94,99000
Oppo,6,256,7359,48,12,6.89,120,1,18,73,78500
Infinix,6,128,4990,16,32,6.56,144,0,45,38,46000
iQOO,8,256,7099,50,32,6.14,60,1,240,94,89000
iQOO,8,256,4009,108,16,6.4,120,1,10,67,77500
Xiaomi,8,128,7496,200,12,6.79,120,1,33,92,98500
Xiaomi,8,256,6229,108,32,6.96,120,1,100,79,91000
Xiaomi,8,128,6658,48,8,6.34,144,1,33,41,59500
Realme,8,512,6880,108,16,6.11,120,1,100,25,70500
OnePlus,8,512,7188,64,8,6.63,60,1,10,70,95000
Vivo,6,64,4129,16,12,6.19,60,1,80,76,67500
Vivo,8,512,5763,50,16,6.86,144,1,100,57,86000
Vivo,8,128,6950,48,16,6.57,90,1,10,94,81500
Realme,8,128,4753,48,16,6.31,120,1,150,97,90500
Honor,8,256,6914,50,20,6.58,120,1,120,67,73000
Lava,6,128,4921,48,20,6.95,144,1,67,81,66000
Nothing,12,256,4162,108,32,6.6,120,1,240,79,92500
Realme,8,256,5125,50,32,6.93,120,1,150,27,56000
Infinix,12,256,6723,50,12,6.88,120,1,33,46,69000
Honor,12,256,4072,50,20,6.29,90,0,25,30,55500
Realme,24,256,5310,50,12,6.43,120,1,45,82,83500
OnePlus,12,512,4196,200,32,6.66,144,1,67,85,105500
Vivo,8,256,5713,48,12,6.97,120,1,45,81,86000
Samsung,6,128,6122,50,16,6.96,144,1,100,42,69500
Samsung,8,128,5497,200,16,7.0,120,1,33,32,74000
Xiaomi,12,128,4723,50,16,6.44,60,0,45,55,65000
Honor,12,512,5959,48,12,6.94,120,1,18,84,94500
Oppo,6,256,4454,50,16,6.23,90,1,33,94,79500
Samsung,12,64,4612,108,20,6.59,120,0,120,97,88000
Tecno,4,128,4585,108,20,6.33,165,0,45,98,82000
Lava,12,256,4949,50,20,6.65,90,1,18,78,70000
Apple,8,128,6298,108,16,6.45,90,1,33,93,104000
Honor,8,256,6455,32,8,6.36,90,1,67,59,68000
Oppo,6,512,5883,50,12,6.56,120,0,67,93,87500
Infinix,12,256,5778,50,32,6.25,120,0,33,35,56000
Realme,8,128,5072,200,8,6.16,90,1,67,91,88500
Vivo,8,512,5194,48,20,6.68,165,1,25,30,66000
Poco,6,512,4660,48,32,6.92,120,0,25,56,66000
Infinix,16,1024,6876,64,12,6.49,60,1,120,87,109000
Apple,8,256,6819,50,20,6.77,120,1,120,60,98000
Vivo,8,128,6527,50,8,6.4,144,0,18,45,55500
Realme,8,256,5178,50,32,6.13,120,1,100,50,57500
Xiaomi,8,512,4318,50,16,6.35,90,1,80,54,62500
Realme,8,128,5810,48,16,6.16,120,1,67,51,64000
Motorola,6,128,6244,50,16,6.56,120,1,100,69,71000
Redmi,8,256,5059,48,32,6.55,90,1,10,83,71500
Google,8,256,5147,50,8,6.66,60,1,150,25,69500
OnePlus,16,256,5321,48,32,6.36,120,1,80,66,82000
Nothing,12,256,7492,200,16,6.44,144,1,33,39,82000
Honor,6,128,4161,64,16,6.8,90,1,150,64,64000
Apple,6,256,5575,50,12,6.28,120,1,100,54,90000
Honor,16,256,6826,50,20,6.72,60,0,120,71,85000
Vivo,8,256,5213,64,12,6.25,60,1,67,70,68000
Motorola,8,1024,5084,200,16,6.19,120,1,10,72,105500
Nothing,12,128,7383,50,16,6.94,120,1,120,48,77500
Infinix,4,64,4803,50,12,6.8,144,0,100,61,60000
Infinix,8,256,4025,108,32,6.61,90,0,120,48,68500
Oppo,12,256,7042,200,32,6.87,90,1,67,68,93000
Tecno,16,256,5808,50,32,6.43,120,1,100,58,84500
Oppo,6,64,4157,48,16,6.68,90,1,120,54,55000
Vivo,4,64,6444,48,12,6.37,90,1,10,58,65000
Samsung,24,128,6612,32,32,6.65,165,1,120,54,99000
Vivo,12,256,6970,48,16,6.89,144,0,10,61,76000
Xiaomi,12,512,4508,50,8,6.78,90,0,33,85,85500
Samsung,4,1024,5321,64,20,6.34,60,1,18,68,95000
Xiaomi,16,256,4750,48,8,6.57,120,1,67,91,91000
Infinix,24,128,6421,50,20,6.34,165,0,33,87,76000
Nothing,6,128,4983,108,16,6.7,144,1,100,53,71500
Redmi,12,1024,4814,50,8,6.75,120,1,67,40,87500
Motorola,12,128,6476,48,12,6.72,90,0,18,44,62500
Tecno,6,128,4532,48,20,6.4,60,1,10,60,56500
OnePlus,16,512,6146,50,20,6.53,165,1,150,32,86000
Xiaomi,16,128,7008,64,16,6.83,144,1,120,92,93000
Realme,6,128,6485,32,32,6.22,60,1,150,94,75000
iQOO,12,128,5609,50,16,6.59,60,1,80,91,88500
Vivo,12,128,4488,50,16,6.1,90,1,150,35,62500
iQOO,24,256,7204,48,32,6.8,120,1,45,35,83500
Oppo,4,256,4223,12,16,6.84,120,1,45,86,77500
Apple,8,256,6001,48,16,6.71,60,0,25,37,76000
Tecno,12,64,7248,48,32,6.55,120,1,80,77,78500
OnePlus,12,1024,4813,50,8,6.97,60,1,80,38,87500
Realme,6,256,6395,108,16,6.45,90,1,80,94,78000
Realme,12,256,4475,64,16,6.54,120,0,10,90,73500
Lava,12,512,6136,64,12,6.58,165,1,33,69,95500
Realme,6,512,6919,50,16,6.48,90,1,100,76,85500
Oppo,6,256,4874,200,32,6.15,144,1,10,96,89500
Google,24,256,6450,48,32,6.59,120,0,67,52,92000
OnePlus,6,128,6376,50,8,6.43,90,0,10,76,73000
Tecno,12,512,5565,50,50,6.53,120,0,120,69,79000
Xiaomi,8,128,6300,50,20,6.72,120,1,150,59,81000
Samsung,6,128,4918,48,32,6.11,120,1,80,89,76000
iQOO,8,512,6375,32,16,6.87,120,1,45,50,77000
Poco,24,256,6754,64,16,6.14,120,1,240,66,97000
Samsung,8,256,7304,64,16,6.41,120,1,67,34,72000
Apple,8,256,5741,50,16,6.53,120,1,150,35,82000
Samsung,8,128,7069,50,20,6.45,120,1,100,31,58000
Motorola,8,128,5473,64,50,6.66,120,1,67,98,93500
Xiaomi,8,256,4713,50,8,6.86,60,1,25,44,60000
Redmi,12,256,5806,12,12,6.41,120,0,18,77,70500
Infinix,8,256,6663,12,16,6.44,120,1,120,43,70500
Infinix,8,128,6732,16,12,6.21,60,0,33,37,44500
Infinix,4,256,7488,50,8,6.53,120,1,67,72,67000
Xiaomi,8,128,6084,64,32,6.27,144,0,120,55,66500
Samsung,6,64,6843,200,50,6.37,120,1,67,67,81000
Apple,8,512,5825,48,8,6.96,120,1,10,93,118500
Infinix,8,128,5537,50,12,6.77,120,1,100,40,56500
Nothing,16,512,4850,12,50,6.39,90,1,18,59,86500
Lava,12,256,6200,200,20,6.72,90,1,10,80,90000
Poco,16,128,4828,50,50,6.63,120,1,100,50,77500
Lava,16,256,4383,48,32,6.85,120,1,33,26,55000
Xiaomi,12,256,7317,48,32,6.16,120,0,45,79,82500
iQOO,6,256,4095,50,12,6.84,120,1,10,28,55500
Tecno,8,256,5207,50,16,6.46,60,1,10,56,58000
Redmi,12,128,5362,50,8,6.23,165,1,67,34,58000
OnePlus,8,1024,4645,12,16,6.14,90,1,80,58,97500
Tecno,4,128,4839,32,8,6.8,120,1,33,30,46500
Oppo,12,512,6252,48,8,6.74,120,1,45,38,78500
Xiaomi,8,256,6454,50,32,6.62,120,1,33,67,71500
Nothing,4,512,6150,50,8,6.26,90,1,33,63,78000
OnePlus,8,128,4976,48,20,6.25,120,1,120,64,74500
Google,8,128,6067,32,12,6.85,90,1,67,36,62500
Realme,8,128,4288,50,20,6.78,120,1,80,33,56500
Oppo,6,256,5701,48,50,6.51,144,1,100,84,82500
Redmi,8,256,7212,108,16,6.2,144,0,120,42,65500
Nothing,12,256,5567,50,12,6.64,120,1,10,85,87500
Honor,12,64,5822,48,16,6.44,120,1,10,77,73500
Google,6,256,6995,48,32,6.92,120,1,10,84,87000
Infinix,4,128,6850,50,12,6.57,144,1,240,31,55500
Nothing,4,256,6754,12,20,6.74,120,1,120,88,86000
Google,12,512,5368,12,16,6.64,120,1,120,64,95000
Apple,8,128,5616,200,8,6.8,120,1,120,92,122000
Google,12,256,4237,12,16,6.87,120,1,33,51,73500
Honor,6,128,6361,12,16,6.44,120,1,67,87,84000
Realme,16,128,4482,200,32,6.3,120,1,240,90,100500
Lava,8,128,4946,12,16,6.2,120,1,67,96,82500
Realme,12,512,7331,50,16,6.81,90,1,100,83,94500
Vivo,12,512,6836,50,12,6.58,120,1,18,58,84500
Honor,12,256,5538,50,20,6.15,144,1,100,61,79500
Samsung,8,128,4888,12,20,6.92,90,1,80,88,84500
Motorola,6,256,6236,48,16,6.15,144,1,25,58,63000
Apple,8,128,6817,108,16,6.76,120,0,80,92,108000
Poco,8,256,5403,12,16,6.82,120,1,80,91,89000
Oppo,12,128,6932,50,32,6.36,165,1,80,83,87000
Infinix,8,256,7011,50,16,6.4,90,1,100,98,84500
Nothing,16,128,5176,64,20,6.53,90,0,120,40,70500
Lava,12,512,5457,48,16,6.18,120,1,150,46,77500
Tecno,16,128,4502,200,20,6.65,120,1,45,82,92000
Apple,6,256,7169,108,12,6.3,120,0,25,76,90000
iQOO,8,128,5033,50,16,6.32,120,1,67,100,82500
Infinix,4,64,6835,64,16,6.45,90,1,100,52,54000
Lava,16,1024,5811,50,16,6.71,120,1,240,59,108500
Lava,12,128,6050,200,20,6.66,144,1,100,88,94500
iQOO,8,256,7493,200,8,6.2,90,1,45,42,72500
Nothing,6,128,5243,50,32,6.9,120,1,150,41,54500
Motorola,6,64,6037,50,16,6.77,90,1,240,26,60000
Oppo,8,1024,6623,50,12,6.24,165,1,45,66,104500
Xiaomi,8,512,5509,200,50,6.53,120,1,67,100,105500
Honor,8,128,4743,50,32,6.71,120,1,67,50,63500
Motorola,12,128,5149,64,50,6.28,60,1,10,88,81000
Motorola,8,256,4030,48,12,6.86,90,1,80,70,77500
Apple,8,512,6663,50,20,6.8,144,1,18,52,101500
Honor,16,1024,6500,50,12,6.37,120,1,80,39,92500
Lava,8,256,6748,12,16,6.4,120,1,100,50,60000
Google,6,256,6131,50,32,6.55,120,1,240,57,85500
Poco,6,128,5379,50,16,6.61,120,1,80,59,64000
Samsung,6,128,5603,200,20,6.28,120,1,45,76,85000
Honor,6,128,4412,108,12,6.8,120,1,100,87,83000
Honor,6,256,7298,50,32,6.7,90,1,100,85,81000
iQOO,6,512,4943,50,32,6.68,120,1,240,91,94000
Lava,8,64,4541,50,16,6.26,90,1,150,30,49500
Nothing,8,128,7059,50,16,6.8,90,1,120,75,83000
Honor,24,512,5965,50,50,6.52,120,1,25,33,87500
Honor,12,256,6563,50,16,6.84,120,1,10,70,81000
Poco,8,128,5689,12,12,6.65,120,1,240,100,86000
Samsung,12,1024,6561,48,16,6.68,60,0,67,40,97000
Realme,12,1024,4768,50,12,6.25,90,0,80,59,94500
Samsung,12,256,5108,50,32,7.0,120,0,45,34,71000
Vivo,16,128,5082,50,8,6.15,165,1,33,42,68000
Realme,8,64,5056,50,16,6.92,120,1,150,83,72500
Poco,4,256,6646,12,20,6.73,120,1,120,81,79000
Motorola,8,1024,5976,32,20,6.6,120,1,18,45,85000
Oppo,6,64,7057,108,16,6.44,120,1,10,59,60500
Apple,8,256,5670,16,20,6.38,144,1,10,64,101000
Samsung,12,512,5475,32,16,6.92,120,0,18,35,74000
Tecno,16,256,5503,50,20,6.42,120,1,10,73,77000
Infinix,12,128,7172,64,12,6.87,120,1,45,49,61000
Poco,4,128,5619,50,16,6.12,90,0,80,45,49000
Realme,4,256,7187,50,20,6.71,60,0,100,53,60000
Vivo,12,256,4408,48,20,6.46,120,1,25,99,95500
Oppo,6,1024,4035,48,50,6.99,120,1,240,53,99500
Oppo,8,128,4513,32,32,6.85,144,1,150,97,89500
Tecno,16,512,5647,200,32,6.39,60,1,25,40,74000
Motorola,8,128,6002,50,12,6.91,165,1,45,33,52000
Vivo,6,256,6713,64,32,6.59,60,1,67,41,67000
Realme,8,256,5458,108,12,6.51,90,1,67,88,74000
Poco,12,256,5393,108,8,6.94,120,1,18,91,87000
Xiaomi,12,512,4707,108,12,6.26,120,1,67,93,98500
Xiaomi,12,512,7003,50,32,6.9,120,1,33,35,75000
Motorola,8,256,6741,50,8,6.97,120,1,120,99,88500
Redmi,24,64,5554,200,12,6.3,120,1,100,35,76000
Tecno,8,128,7045,50,16,6.97,120,1,80,51,56500
Infinix,6,256,5022,48,16,6.91,120,1,100,28,49000
Poco,12,256,6588,200,12,6.56,120,1,240,56,85000
Tecno,16,128,7479,50,8,6.81,60,1,10,45,62500
Vivo,16,256,5740,12,32,6.11,120,1,45,27,58000
Honor,12,256,5847,50,12,6.47,120,1,100,33,68500
Tecno,16,512,5375,50,8,6.38,144,1,150,71,101500
Nothing,8,512,6726,50,12,6.7,144,0,67,37,67000
Nothing,12,256,6765,50,12,6.99,120,1,150,43,74000
Lava,16,256,4142,200,12,6.7,120,1,45,31,70500
Realme,12,128,7031,50,16,6.79,120,1,33,80,76500
Lava,4,256,5799,16,8,6.67,120,1,240,66,73500
Xiaomi,8,128,5363,50,50,6.65,120,1,45,64,74500
Poco,12,256,5063,50,16,6.55,60,1,18,98,82500
Motorola,8,128,4371,108,20,6.29,60,1,25,75,62000
Vivo,8,256,5461,48,12,6.74,165,1,67,27,63500
Samsung,8,256,4830,16,32,6.65,120,1,80,26,61500
OnePlus,24,128,5488,64,32,6.13,120,1,100,77,92500
Motorola,6,512,6574,12,32,6.49,90,0,240,50,74000
Realme,6,512,4846,50,16,6.21,144,1,150,52,82500
iQOO,4,256,4308,50,16,6.63,60,1,10,72,66000
Motorola,8,1024,5944,64,16,6.38,120,1,100,37,91000
Lava,4,512,7127,108,20,6.44,120,1,18,58,79500
iQOO,6,512,4214,64,16,6.51,120,1,10,47,79000
Vivo,6,128,5412,32,50,6.64,120,1,25,85,79500
Apple,8,128,6980,108,16,6.84,120,1,80,56,96000
Samsung,24,128,6105,50,32,6.7,144,1,100,49,92000
Infinix,16,512,5679,50,16,6.85,90,1,18,73,85500
Lava,6,512,7265,108,16,6.76,144,1,18,36,76000
Tecno,8,256,4108,50,20,6.42,90,1,240,49,69500
Nothing,8,256,5161,50,20,6.56,120,1,120,74,85500
Vivo,8,512,5275,12,16,6.49,144,1,33,96,101500
iQOO,12,256,5191,50,32,6.53,120,1,33,100,95000
Lava,8,256,5065,48,32,6.66,60,1,33,43,55500
Poco,6,512,5057,16,16,6.13,120,1,25,50,67500
Xiaomi,8,128,5835,48,32,6.96,60,1,25,78,69500
Honor,12,256,4136,50,12,6.33,144,1,80,64,78000
Realme,8,64,5782,50,12,6.22,120,1,100,64,74500
Infinix,8,256,5577,108,16,6.62,144,1,240,54,78000
Samsung,8,256,4246,108,20,6.44,120,0,18,94,103500
Infinix,8,256,5063,50,12,6.91,120,1,18,40,58000
OnePlus,8,256,5282,108,12,6.39,144,1,240,29,79000
Xiaomi,16,256,4186,50,12,6.66,120,1,120,70,81000
Samsung,8,128,6960,50,8,6.47,165,1,25,98,98500
Motorola,8,512,7045,64,16,6.18,120,1,33,80,89000
Xiaomi,16,128,6154,50,16,6.84,120,1,240,62,90500
Infinix,8,512,4743,32,12,6.14,120,1,10,83,79000
Lava,4,256,6939,32,20,6.65,165,1,45,97,85500
iQOO,8,256,4918,50,20,6.66,144,1,100,34,68500
Infinix,8,256,4730,48,50,6.59,60,1,10,97,81500
Apple,6,256,5753,64,12,6.4,120,1,80,87,98000
Vivo,16,128,4167,200,50,6.31,120,1,240,80,104500
Xiaomi,6,256,5065,50,12,6.85,90,0,120,29,60000
Nothing,6,256,5046,32,16,6.71,120,1,67,81,80000
Honor,12,128,7221,108,12,6.14,120,0,80,90,85500
Vivo,12,256,6221,50,8,6.36,120,1,45,52,72500
Redmi,6,256,6866,50,16,6.16,120,0,25,28,43000
Vivo,16,256,5876,64,32,6.31,120,1,45,71,88000
Tecno,16,256,6176,50,32,6.31,120,1,240,68,78000
iQOO,6,128,7014,64,16,6.16,144,1,25,64,77500
Realme,6,512,6163,50,50,6.83,144,1,10,67,86000
Poco,8,256,5443,50,12,6.52,120,1,240,91,86500
Nothing,8,128,6660,50,50,6.72,120,1,120,91,86500
Infinix,12,128,6720,50,50,6.24,90,0,18,40,54000
Nothing,24,256,5481,50,12,6.71,120,1,67,35,89000
Poco,12,256,4011,50,8,6.12,120,1,120,43,60500
Nothing,8,256,5526,50,32,6.78,60,0,67,80,80000
Poco,8,512,4935,48,50,6.95,120,1,240,48,84500
Samsung,12,1024,6588,50,8,6.7,120,1,150,59,122000
OnePlus,8,512,6578,108,32,6.99,90,0,80,56,76000
iQOO,8,256,6902,32,32,6.35,120,1,240,85,92500
Google,12,64,5813,108,16,6.33,120,0,120,81,92500
Google,8,256,6676,50,8,6.77,60,1,45,49,76500
iQOO,6,512,4361,48,32,6.66,90,0,240,93,96000
Oppo,8,256,4541,64,20,6.42,144,0,10,34,71000
Poco,12,128,4495,12,32,6.69,165,1,150,31,65500
Lava,6,128,6011,64,12,6.29,120,1,100,70,69500
Honor,6,128,5937,12,12,6.85,120,1,240,38,56000
OnePlus,16,256,6787,50,12,6.87,120,1,18,62,90500
iQOO,6,256,6787,64,32,6.44,60,1,18,97,91500
OnePlus,8,128,4585,32,32,6.88,144,1,240,77,84000
Oppo,8,256,4718,48,32,6.6,90,1,10,57,67000
Realme,12,512,7471,50,32,6.62,165,1,100,52,87500
Samsung,8,256,5132,50,32,6.42,60,1,45,99,85000
iQOO,12,512,5543,12,32,6.73,120,0,10,59,76500
Vivo,16,256,6518,16,16,6.86,144,1,18,38,80500
Tecno,8,128,7181,32,16,6.56,120,1,240,71,78000
Apple,12,128,5230,50,8,6.46,144,1,33,67,106500
Poco,12,512,6988,48,32,6.74,90,0,67,99,102000
Vivo,8,512,4047,50,32,6.64,144,1,18,96,94500
Apple,12,64,4644,12,12,6.59,120,1,45,86,94500
Oppo,8,1024,6286,48,12,6.47,120,1,80,39,89500
Samsung,8,512,6654,108,12,6.22,144,1,45,39,86500
iQOO,8,64,6443,32,32,6.8,165,1,240,27,68500
Apple,6,256,7288,48,32,6.59,120,1,100,91,117000
Xiaomi,12,128,6827,48,12,6.93,120,1,120,34,71000
Samsung,16,256,6529,50,20,6.36,90,1,10,60,81500
Redmi,8,64,5740,50,12,6.23,60,1,240,56,65500
Oppo,24,256,6512,48,50,6.1,120,1,18,29,77500
Motorola,8,256,5624,200,20,6.79,120,1,10,58,77500
Infinix,16,512,4960,48,12,6.34,120,1,120,93,101500
Infinix,6,512,5493,50,16,6.39,60,0,100,64,58000
Motorola,24,256,4215,50,8,6.96,120,1,100,25,73500
Samsung,16,128,4729,108,16,6.76,120,1,80,71,92500
Nothing,24,128,5634,64,16,6.79,144,1,18,95,107500
Oppo,12,512,5871,50,20,6.71,120,1,10,40,68000
Vivo,6,128,4834,50,32,6.38,60,0,18,52,49500
Honor,8,256,7156,48,32,6.18,120,1,25,77,85500
Oppo,16,512,4791,48,20,6.97,120,1,240,41,92500
Oppo,6,64,4399,48,12,6.49,60,0,120,41,44000
Honor,4,256,4199,50,8,6.45,144,1,240,34,58000
Poco,6,64,6236,48,16,6.66,120,1,80,60,69000
Apple,12,512,6692,48,20,6.42,120,1,80,80,120500
Redmi,8,128,5574,50,16,6.76,120,1,100,98,84000
Infinix,8,256,5311,50,16,6.22,90,1,67,94,79000
Lava,6,128,4166,108,20,6.15,60,1,45,66,62000
Motorola,12,256,4304,50,32,6.97,120,1,45,94,97500
Google,6,256,6837,50,8,6.17,120,1,10,59,75000
Motorola,12,512,5589,48,8,6.44,144,1,240,78,97000
Nothing,8,128,6905,64,12,6.91,90,1,45,85,84500
Poco,12,256,4518,108,50,6.96,120,0,120,98,97000
Poco,6,128,5873,12,16,6.63,120,1,25,42,45000
iQOO,6,128,6654,50,16,6.79,165,1,10,34,53500
OnePlus,8,512,5876,64,8,6.24,90,1,67,69,84500
Google,24,256,7242,108,32,6.19,120,1,150,37,100000
Motorola,8,256,6180,50,32,6.8,90,1,45,32,60000
OnePlus,12,128,4501,48,16,6.65,120,1,150,94,91500
iQOO,12,128,5799,64,20,6.15,60,0,45,79,77000
Realme,16,64,4371,64,12,6.88,60,1,10,96,76500
Redmi,12,128,5400,108,12,6.82,120,1,18,74,79500
Nothing,8,256,5899,50,16,6.16,120,1,240,31,69000
Realme,4,128,7070,50,16,6.38,120,1,67,70,66000
Nothing,12,256,7278,108,32,6.98,120,1,18,42,78500
Tecno,8,256,6045,200,8,6.75,144,1,100,44,73500
Oppo,12,256,4061,48,32,7.0,120,0,67,47,69000
Apple,8,256,4348,50,20,6.25,120,1,240,42,97500
iQOO,12,512,5710,64,32,6.97,60,1,25,63,92500
Oppo,6,128,5588,200,16,6.11,120,1,18,47,66500
Redmi,4,256,6256,12,8,6.33,60,0,18,46,48000
Oppo,12,64,4834,200,32,6.49,120,1,150,68,87500
Redmi,8,256,4754,50,16,6.43,120,1,120,34,58500
OnePlus,8,128,4640,48,12,6.85,120,1,18,68,76000
Oppo,8,256,6644,32,8,6.54,120,1,100,49,74000
Motorola,8,128,5909,50,50,6.62,90,1,18,86,74000
Apple,8,256,5231,48,12,6.38,60,1,33,77,97500
Poco,12,512,4462,64,32,6.58,120,1,120,38,74000
Realme,12,128,6211,50,8,6.91,120,1,10,62,72000
Motorola,8,512,7125,16,16,6.78,120,1,80,86,90000
Motorola,4,64,6240,108,32,6.91,90,1,45,28,51000
Honor,8,64,5733,48,16,6.88,120,1,18,96,82000
Samsung,8,256,6611,48,12,6.44,120,1,10,71,84500
iQOO,8,128,6612,48,16,6.89,90,1,45,32,62500
Infinix,16,256,6688,200,12,6.7,144,1,100,35,75500
Google,12,512,5125,108,12,6.11,120,1,45,55,87000
Poco,8,64,4840,48,16,6.84,120,1,18,51,62000
Nothing,4,256,7418,50,16,6.13,120,1,18,96,87500
Tecno,8,256,4115,50,8,6.55,120,1,100,81,76500
Xiaomi,16,256,7015,50,12,6.13,60,0,33,61,77000
Redmi,6,256,6884,50,12,6.81,120,0,25,55,65500
iQOO,8,256,7269,48,8,6.7,90,1,33,55,69000
OnePlus,12,256,7173,108,12,6.78,120,1,25,45,75000
Realme,8,256,6490,32,8,6.42,120,1,120,73,81000
Nothing,16,256,4334,48,16,6.7,90,1,18,30,65000
Honor,16,128,5560,12,16,6.76,120,1,10,64,77500
OnePlus,24,128,5198,16,8,6.44,165,1,100,46,83500
Tecno,12,1024,5347,108,32,6.49,120,1,33,78,107500
Infinix,6,256,4375,48,8,6.7,165,1,100,60,73000
Xiaomi,4,256,5139,50,50,6.16,120,1,25,81,67000
Infinix,4,128,6484,50,8,6.69,90,1,67,74,67500
Apple,8,128,6912,50,12,6.28,90,1,45,28,74000
Google,16,256,6417,108,16,6.68,90,1,240,72,101500
Tecno,16,256,6139,48,8,6.29,120,0,18,50,66000
Poco,8,1024,6396,48,32,6.93,144,1,150,72,106000
Oppo,24,256,5644,50,16,6.31,60,1,120,35,86000
Xiaomi,12,512,7423,50,32,6.44,120,1,10,57,79000
Lava,16,128,7489,50,20,6.8,144,1,67,37,79500
Realme,6,128,7112,64,50,6.45,165,1,240,52,71000
Apple,8,256,4905,200,20,6.67,144,1,67,94,121500
Vivo,8,256,6183,64,32,6.26,120,1,80,80,86000
Nothing,12,1024,5694,50,12,6.95,120,1,80,100,120000
Motorola,12,128,5605,50,16,6.62,90,1,45,57,73500
Infinix,16,512,6164,48,16,6.84,60,1,18,55,81000
Poco,4,128,4315,48,32,6.77,60,1,240,75,71000
Honor,4,512,5966,50,32,6.79,60,1,18,40,63500
Infinix,12,512,7178,64,20,6.18,120,0,18,77,80000
Vivo,8,256,6394,12,12,6.99,60,1,120,25,46000
Lava,8,128,7108,50,32,6.72,60,1,240,72,74000
Xiaomi,6,256,5877,50,32,6.33,165,1,67,81,72500
Lava,6,1024,4078,50,32,6.56,90,1,80,52,75500
Motorola,4,128,5094,200,16,6.18,90,0,18,86,81000
Motorola,6,128,4822,50,50,6.54,120,1,67,25,47500
Motorola,6,512,4182,50,16,6.77,120,0,10,87,85500
Samsung,8,256,6035,50,32,6.83,90,0,18,81,88500
Oppo,6,128,6108,12,12,6.43,90,1,80,83,80500
Motorola,6,256,4089,50,16,6.61,165,1,25,82,77500
Oppo,12,512,6093,108,16,6.65,120,1,45,91,108000
Xiaomi,16,256,6348,48,20,6.54,120,1,150,99,97500
Redmi,4,256,4889,50,12,6.87,120,1,18,67,66000
Oppo,4,256,4909,50,12,6.96,120,1,150,37,68500
Google,4,256,6790,48,16,6.5,144,1,80,43,67000
Motorola,8,128,4744,64,50,6.28,120,0,150,29,60000
Redmi,16,256,4591,48,16,6.39,120,1,120,33,70000
iQOO,4,128,6597,64,16,6.8,120,1,240,64,69500
Motorola,8,128,4499,50,20,6.36,120,1,10,50,53000
Google,8,256,6245,48,16,6.19,90,0,100,42,59000
Tecno,8,512,5387,48,32,6.96,120,1,18,43,67000
Honor,8,256,4469,64,12,6.97,120,0,150,47,62000
Samsung,12,512,6767,50,20,6.92,120,1,100,68,94500
Vivo,16,256,4830,50,32,6.42,90,1,120,64,87000
Motorola,4,256,4511,50,12,6.22,144,1,80,64,69500
Samsung,8,256,4825,48,12,6.42,120,1,150,29,73000
Google,8,256,4618,50,32,6.5,120,1,150,66,81000
Apple,6,256,5191,108,12,6.44,120,1,67,31,75500
Nothing,12,256,6798,48,50,6.99,120,1,33,48,77500
Vivo,4,256,6780,50,16,6.79,90,1,100,65,66500
Infinix,6,128,5682,50,12,6.24,90,1,67,68,59000
OnePlus,8,128,4558,64,20,6.28,90,1,100,70,73000
Oppo,24,1024,7263,50,32,6.99,60,1,33,49,112500
Samsung,24,256,6401,50,16,6.95,120,1,25,27,87500
Vivo,6,256,5104,48,20,6.23,90,1,25,86,75000
Samsung,12,128,4202,108,50,6.87,120,1,45,41,69000
Redmi,16,128,4085,200,12,6.58,165,1,80,86,92000
Tecno,12,256,5777,50,8,6.23,90,1,45,76,73500
Honor,16,256,4143,200,32,6.48,120,1,100,96,101500
Redmi,8,256,4381,48,32,6.79,120,1,67,34,58500
Infinix,6,256,4958,64,12,6.67,120,1,33,33,55500
Realme,8,256,6919,108,20,6.46,120,1,45,35,70000
Oppo,6,64,7260,12,16,6.76,120,1,25,96,81500
Oppo,4,256,7374,50,16,6.12,90,1,80,39,59500
Realme,8,512,4987,64,16,6.59,120,1,25,40,67500
OnePlus,4,256,5242,50,12,6.48,90,1,150,65,75500
Vivo,8,256,7091,50,50,6.8,90,1,10,66,79000
Infinix,16,256,5866,48,16,6.93,120,1,80,70,82500
Infinix,6,256,4397,50,8,6.8,120,1,67,39,55500
Realme,6,256,7348,50,32,6.66,120,1,25,26,55000
iQOO,24,256,5044,64,32,6.36,120,1,100,97,104000
Lava,16,128,7275,108,8,6.56,60,1,25,97,82500
iQOO,12,128,7451,48,32,6.63,120,1,150,41,75000
Samsung,8,128,4040,12,16,6.9,90,1,25,56,65500
OnePlus,12,512,5358,50,20,6.22,90,1,100,34,77500
Honor,12,128,4674,50,12,6.8,120,1,100,76,82500
Tecno,6,128,4252,50,20,6.87,120,1,120,26,51000
Honor,8,256,5558,16,16,6.59,120,1,120,35,56000
Motorola,12,512,6392,48,12,6.72,120,1,120,74,99500
Motorola,8,128,6805,108,16,6.95,90,0,100,96,83000
Samsung,6,256,7411,50,12,6.15,120,1,10,65,77000
Realme,6,256,4338,50,12,6.11,90,1,45,67,62500
Google,6,256,7336,48,16,6.46,120,1,10,56,78000
OnePlus,6,256,5613,50,16,6.82,120,1,33,58,68500
Xiaomi,16,256,6175,48,12,6.95,60,1,18,25,66000
Apple,6,64,6693,32,32,6.2,120,1,80,38,81500
Nothing,8,128,7459,48,32,6.37,90,1,18,94,84500
Realme,8,256,5119,32,32,6.19,120,1,25,43,61500
Tecno,12,128,6891,50,12,6.67,90,1,18,92,83000
Poco,4,512,4814,50,16,6.42,120,1,240,69,81500
Xiaomi,6,128,4000,50,16,6.67,90,1,80,67,63000
Google,6,256,4559,64,8,6.34,90,1,10,73,82000
Poco,4,256,5461,50,32,6.56,144,1,100,65,64000
Xiaomi,8,256,5818,50,32,6.87,120,1,67,30,65500
Samsung,16,256,7300,48,16,6.58,60,1,45,66,94500
Nothing,16,64,6220,50,8,6.23,120,1,120,84,88500
Tecno,6,128,6846,108,8,6.46,90,1,80,83,77500
Xiaomi,6,1024,6817,108,16,6.52,90,1,10,80,106000
Vivo,12,256,4123,50,16,6.9,120,1,25,94,86000
Realme,8,256,5277,64,16,6.24,120,1,150,29,61500
Motorola,4,256,4424,200,8,6.88,90,1,67,80,87000
Realme,8,256,6629,16,16,6.77,120,0,10,50,66500
Vivo,4,64,5737,50,20,6.62,60,1,100,97,70000
Motorola,16,512,6553,50,16,6.29,90,0,100,50,81500
Samsung,12,256,5933,64,12,6.89,120,1,80,74,89500
Infinix,8,128,5638,12,12,6.74,120,0,25,92,76000
Tecno,6,1024,6739,48,20,6.5,120,1,33,40,80000
Apple,6,512,5443,50,20,6.57,120,1,33,93,116000
OnePlus,6,256,6934,50,12,6.66,120,1,240,60,89500
Apple,12,128,6304,64,16,6.59,90,1,10,43,85000
Samsung,6,512,4529,50,16,6.32,60,0,10,60,69500
Xiaomi,6,256,5663,50,32,6.13,90,1,240,25,58500
Tecno,12,256,5301,48,16,6.87,165,1,67,39,68500
Vivo,6,256,6381,50,12,6.34,60,1,67,27,56500
Poco,12,64,5707,50,8,6.46,90,1,240,70,81000
Xiaomi,8,512,6722,64,16,6.75,60,0,67,50,74000
iQOO,6,256,4336,48,16,6.1,90,1,10,49,53000
Google,12,256,7136,50,32,6.97,120,0,120,76,93500
Motorola,8,128,5491,50,12,6.51,120,1,25,54,67500
Honor,8,128,5836,50,8,6.98,90,1,120,72,74000
Vivo,8,1024,7066,50,12,6.67,144,1,120,46,99000
Vivo,6,256,4559,12,32,6.51,90,0,100,99,81500
Lava,6,256,7299,50,16,6.21,120,1,150,32,61000
OnePlus,12,256,4042,50,32,6.11,120,0,67,27,51500
Poco,8,256,4663,12,50,6.94,120,0,150,54,62500
Redmi,6,128,4623,12,16,6.35,90,1,33,77,68500
Apple,6,128,4986,32,20,6.99,120,1,120,33,78500
Vivo,4,64,6521,48,16,6.86,120,0,120,42,54000
OnePlus,6,512,7329,64,8,6.17,120,1,67,99,95000
Infinix,12,512,6243,50,32,6.9,90,1,10,87,84500
Nothing,4,256,6204,50,16,6.39,90,1,150,57,66500
Redmi,12,128,4742,50,16,6.69,120,1,240,54,77000
Vivo,8,128,4001,48,12,6.33,165,1,10,36,52500
Realme,6,256,5316,50,12,6.57,60,1,18,92,75000
Nothing,6,512,7245,48,8,6.47,144,1,33,30,59000
Oppo,6,256,6801,12,8,6.61,120,0,150,46,71500
Oppo,8,256,4873,32,12,6.37,60,1,25,74,70000
Realme,12,256,7314,50,20,6.65,144,1,100,65,87500
Honor,12,128,6162,50,16,6.15,90,1,67,61,68000
Nothing,24,128,4281,64,32,6.65,144,1,45,68,92500
Oppo,6,256,6662,50,16,6.45,90,1,67,55,66000
Realme,4,256,7357,50,12,6.3,90,1,240,30,63500
Infinix,12,512,5767,50,16,6.5,120,1,33,96,97500
Realme,8,1024,4235,50,12,6.87,144,1,45,59,89500
Tecno,6,512,6345,16,12,6.84,60,1,45,54,65500
Realme,12,256,5759,64,20,6.75,144,1,18,99,91500
Tecno,4,512,4095,48,12,6.63,144,1,18,35,62500
Nothing,6,64,5450,50,12,6.95,120,1,150,44,66500
Google,16,256,5792,50,50,6.98,120,1,33,50,91000
Vivo,6,128,4444,50,20,6.49,120,1,120,99,81500
iQOO,24,64,4601,200,12,6.13,90,0,240,56,100000
Xiaomi,8,256,4982,48,16,6.64,120,1,18,93,91000
Vivo,6,256,5148,50,12,6.22,120,1,100,44,76500
Lava,4,256,6183,32,32,6.73,120,1,100,42,52000
iQOO,8,512,4539,50,50,6.78,120,1,67,75,92000
Oppo,12,512,6984,16,16,6.65,144,1,100,35,84000
Tecno,8,64,5354,50,8,6.79,120,1,67,75,74000
Poco,8,256,6992,50,8,6.85,90,1,18,76,79000
Redmi,8,256,6104,108,12,6.71,120,1,45,76,80500
Vivo,12,256,6630,50,16,6.7,60,0,150,57,71000
Redmi,4,512,6838,50,20,6.78,144,0,150,40,74500
Nothing,12,256,5288,48,12,6.95,120,1,18,31,64500
Tecno,8,256,5736,50,16,6.15,120,1,150,44,72000
Tecno,12,64,4058,50,32,6.44,90,1,45,64,57000
Apple,8,128,5283,50,16,6.17,120,1,120,70,98000
Honor,16,512,4805,50,12,6.79,120,1,240,88,110500
Honor,12,128,4459,50,12,6.78,90,1,240,91,86000
Infinix,6,128,6072,50,16,6.59,120,1,10,28,53000
Nothing,6,256,7286,64,32,6.32,120,1,120,67,82000
Nothing,16,64,4578,48,20,6.41,60,1,33,74,79500
Motorola,4,512,6095,48,16,6.91,120,1,25,38,61500
Oppo,8,128,6601,50,16,6.59,120,1,33,75,76500
Xiaomi,8,128,6112,48,16,6.33,120,1,100,38,58500
Vivo,8,1024,6816,64,32,6.96,120,0,80,95,121000
Nothing,12,256,5407,32,8,6.28,165,1,80,40,70000
Apple,12,128,4928,48,50,6.93,90,1,100,64,99000
Samsung,6,256,5910,50,12,6.82,60,1,240,97,95000
Realme,8,256,5569,50,16,6.51,90,1,18,89,72000
Poco,8,512,5767,48,12,6.84,120,1,33,43,68500
Nothing,4,512,7144,50,16,6.47,144,1,80,98,103000
Oppo,24,256,4756,200,16,6.92,90,1,25,88,108500
Lava,8,256,6728,200,16,6.14,120,1,240,54,88000
iQOO,8,64,5127,48,20,6.29,144,0,33,48,58500
Vivo,12,128,7264,64,50,6.19,120,1,100,52,73000
Google,6,128,5049,48,16,6.93,120,1,120,44,63000
Nothing,4,256,5571,64,12,6.54,144,1,150,67,76500
Oppo,4,128,6181,108,12,6.63,165,1,120,95,98500
Google,6,256,5313,48,20,6.28,90,0,67,64,71000
Samsung,8,256,5591,200,8,6.59,90,1,150,25,74500
iQOO,12,128,5507,48,16,6.91,120,1,67,72,68500
Lava,8,128,5740,108,8,6.67,120,1,25,58,63000
Samsung,8,64,5024,50,16,6.79,120,0,25,42,59500
iQOO,8,256,6745,50,16,6.62,120,1,100,50,78500
Redmi,4,256,6971,50,16,6.13,90,1,100,50,69500
Honor,4,256,4693,50,12,6.86,60,1,150,42,59500
Realme,12,128,5925,50,8,6.47,120,0,33,29,50500
Motorola,8,1024,6142,64,8,6.12,120,1,67,56,94000
Honor,12,128,4802,50,12,6.15,120,1,67,49,57000
Lava,8,256,4876,64,16,6.71,120,1,45,43,67500
Motorola,4,512,6447,108,20,6.92,144,0,240,25,82000
Honor,8,512,5811,50,12,6.44,120,1,240,56,84500
Nothing,6,256,5970,50,16,6.7,144,1,67,56,67500
Nothing,16,128,5236,50,50,6.92,120,1,67,48,74000
OnePlus,8,256,7085,32,16,6.44,120,1,25,76,82000
Vivo,4,128,5073,50,16,6.27,165,1,150,100,81500
Poco,12,128,4317,108,12,6.15,120,1,100,63,74000
Redmi,8,128,6012,48,20,6.39,90,1,67,61,65000
Google,8,128,6471,64,16,6.44,165,1,150,26,69500
Nothing,8,512,5425,48,50,6.66,60,1,33,52,70500
Poco,6,256,6949,50,50,6.86,120,1,33,54,70500
Honor,6,512,4113,48,20,6.47,120,1,33,75,84500
Realme,6,256,4370,48,32,6.83,60,1,18,26,47500
Google,12,256,7125,50,12,6.43,120,1,45,47,73500
Redmi,4,1024,6930,64,16,6.21,120,1,150,41,78500
Samsung,6,256,4285,12,16,6.94,165,1,67,92,88000
Motorola,6,128,5615,48,16,6.28,90,0,240,44,64000
Realme,8,512,6971,50,16,6.83,120,0,45,75,88500
Infinix,4,512,5445,32,32,6.47,120,1,240,72,86000
Realme,12,256,7172,16,8,6.6,90,1,45,37,59500
Tecno,8,512,5895,50,8,6.68,120,1,80,60,71500
Redmi,16,256,6932,108,8,6.41,120,1,240,25,74500
iQOO,8,128,4690,48,32,6.28,120,1,150,49,64500
Vivo,6,256,5583,32,16,6.76,60,1,10,36,60000
Vivo,4,256,6241,48,16,6.28,120,1,120,43,67000
Infinix,12,512,5321,64,16,6.61,144,1,240,56,89000
Xiaomi,12,128,7294,108,50,6.16,120,0,100,55,69000
Honor,4,256,4796,32,16,6.67,90,1,10,75,68000
Google,8,256,7098,64,16,6.39,60,0,80,60,76000
Apple,24,256,7190,50,32,6.23,120,1,45,39,101000
Infinix,8,128,5472,12,16,6.34,165,0,150,100,86500
Poco,16,128,4403,50,12,6.4,144,0,67,64,70000
Tecno,16,256,4271,50,32,6.16,60,1,240,69,78000
Vivo,12,512,5449,50,16,6.86,144,1,120,98,115500
Poco,8,512,5185,50,8,6.45,120,1,45,42,60500
Motorola,6,256,5963,200,20,6.75,90,1,67,82,78500
OnePlus,8,1024,7124,108,32,6.93,120,1,150,73,114500
Infinix,8,256,6815,64,8,6.13,60,1,150,66,70000
Poco,6,512,6721,32,12,6.63,120,1,18,44,61000
Oppo,8,256,7387,50,20,6.94,90,1,25,96,89500
Xiaomi,4,256,5955,64,16,6.26,120,1,120,34,62500
Honor,8,128,5409,50,8,6.65,144,1,67,98,81000
Oppo,12,512,6231,50,12,6.35,90,1,150,49,81500
OnePlus,12,1024,6129,200,16,6.53,120,1,25,79,117000
Redmi,8,64,6711,50,12,6.91,90,1,25,89,82000
Apple,12,128,6623,16,16,6.67,120,1,25,96,106500
Infinix,4,256,5116,48,16,6.43,120,0,150,84,77000
Vivo,8,256,4617,50,16,6.19,90,1,80,36,50500
Redmi,16,1024,5326,50,20,6.9,120,1,150,27,94000
Apple,8,256,7082,48,16,6.51,60,1,100,29,74500
Xiaomi,24,256,7321,50,16,6.33,60,1,10,61,82500
Realme,16,256,6560,50,16,6.94,120,1,10,61,80500
iQOO,8,1024,4781,50,32,6.66,90,1,33,92,108500
Google,8,256,7242,48,16,6.95,90,1,100,97,101500
Motorola,4,128,7354,50,32,6.84,90,0,33,38,55000
Poco,8,256,5608,32,20,6.43,120,1,25,50,62000
Nothing,4,128,4900,32,12,6.14,120,0,45,44,47500
Lava,6,128,6722,64,12,6.72,120,0,150,81,66500
Honor,4,256,6600,200,16,6.93,90,1,100,77,83500
Xiaomi,12,128,7003,200,12,6.8,120,1,33,86,93000
Google,4,256,4444,50,32,6.27,144,1,80,65,74500
Infinix,4,256,5684,108,16,6.13,120,1,80,34,58000
Tecno,8,512,6732,50,16,6.68,165,1,100,47,89500
Infinix,16,256,4815,200,16,6.13,120,0,240,58,80000
iQOO,12,128,7118,50,32,6.19,120,0,10,70,75000
Tecno,8,256,7428,32,16,6.26,120,1,100,50,69500
Realme,16,256,4407,50,20,6.57,60,1,45,34,58000
Poco,16,256,7151,50,8,6.41,90,1,100,59,76500
Poco,8,128,7061,50,20,6.78,144,1,80,79,78000
Honor,8,128,6589,50,32,6.27,120,1,45,72,66500
Motorola,12,128,5729,64,32,6.59,60,1,150,69,71500
Honor,6,128,6120,32,32,6.72,90,0,150,97,75000
Oppo,16,128,4953,50,32,6.61,120,0,120,78,88000
Realme,6,256,6988,50,12,6.89,60,1,240,79,87000
Nothing,16,256,5316,32,32,6.69,120,1,100,90,99000
Infinix,8,128,7042,48,8,6.66,165,1,240,84,86000
Apple,6,256,6262,50,12,6.17,120,1,240,54,99000
Realme,6,512,4305,108,50,6.7,60,1,100,86,87000
Lava,16,512,5267,50,20,6.41,60,1,25,42,69000
Xiaomi,8,128,4061,48,16,6.61,90,1,67,82,72500
Apple,6,512,5109,50,32,6.84,165,1,150,99,124500
Tecno,8,256,5974,200,16,6.1,120,1,33,83,82500
Apple,12,256,6869,50,12,6.69,120,1,120,71,102500
Tecno,8,128,6766,64,16,6.39,144,1,18,88,81500
Infinix,4,256,6132,50,32,6.59,90,1,100,45,65000
Apple,4,256,7129,108,8,6.64,120,1,100,63,87500
Realme,12,128,6280,48,50,6.58,120,1,18,71,81500
OnePlus,6,512,4964,50,16,6.78,120,1,100,57,79500
Motorola,6,512,6973,200,32,6.78,90,0,150,52,83500
Infinix,6,512,5158,108,16,6.18,90,1,10,88,73500
Infinix,16,512,6402,16,16,6.12,120,1,33,83,86500
Poco,12,1024,7443,50,32,6.3,120,0,33,97,110000
Vivo,12,128,4499,50,32,6.33,90,1,80,35,62500
OnePlus,16,512,6668,50,16,6.47,144,1,120,63,94500
Infinix,16,256,5464,48,32,6.47,60,1,33,32,59000
Poco,12,256,7057,50,16,6.79,144,1,67,87,90500
Redmi,8,256,7092,50,12,6.31,120,1,240,95,98500
Nothing,16,512,6018,108,16,6.61,144,1,120,88,117000
Vivo,8,512,6666,32,16,6.9,120,1,10,71,85500
Infinix,16,128,4894,50,8,6.38,90,1,33,70,69000
Google,4,256,4841,64,16,6.19,120,1,45,39,69500
Tecno,4,128,5661,48,16,6.71,120,1,10,42,44500
Realme,12,512,4155,48,16,6.63,144,1,240,76,90500
Redmi,8,512,6630,50,16,6.26,90,1,150,100,97000
Samsung,4,256,4018,50,32,6.59,60,1,18,77,75500
Vivo,8,512,5157,64,8,6.73,60,1,25,79,83500
iQOO,6,512,4430,50,16,6.51,90,0,150,74,76500
Tecno,8,128,6793,48,32,6.97,60,1,10,96,84000
Realme,8,256,6944,16,32,6.64,165,1,100,56,73000
iQOO,12,256,5618,64,12,6.88,120,1,33,51,74500
Google,12,256,7492,50,32,6.73,120,1,100,36,80500
Google,8,128,4474,50,32,6.27,120,0,100,80,73000
Motorola,8,512,6936,50,16,6.36,60,1,10,29,58000
Apple,8,128,4566,64,8,6.17,144,0,18,96,97000
iQOO,12,256,6796,12,50,6.97,144,1,80,66,91000
Tecno,6,64,5857,48,20,6.68,120,0,25,72,48500
OnePlus,8,512,4338,50,16,6.67,90,1,25,99,91000
iQOO,8,512,6402,50,16,6.84,60,1,33,88,89000
Samsung,8,128,4709,108,32,6.3,60,1,120,29,53000
Honor,4,256,7265,48,32,6.13,144,0,80,98,76000
Google,8,512,6114,108,16,6.9,120,1,120,100,107500
Samsung,4,64,5700,50,16,6.45,120,1,45,99,81500
Redmi,16,256,5950,48,16,6.39,120,1,10,52,69500
Samsung,6,128,5817,200,16,6.11,144,1,45,65,94000
Samsung,4,512,5078,108,32,6.45,120,1,33,49,83000
iQOO,12,128,4579,48,16,6.16,120,1,10,95,80500
Google,8,64,6759,32,16,6.3,120,1,67,64,72000
Samsung,4,256,5086,50,16,6.37,144,1,120,32,64500
OnePlus,6,256,5842,12,12,6.11,120,1,45,59,65500
Vivo,12,256,6010,48,16,6.23,120,1,80,100,92500
Google,6,128,6770,50,8,6.43,120,0,100,36,70500
Nothing,8,512,6662,64,16,6.53,120,1,67,61,82000
Tecno,4,128,4700,200,32,6.13,90,1,18,53,61500
Vivo,8,128,6189,50,50,6.58,120,1,18,75,73500
Motorola,6,256,4607,200,32,6.27,120,1,150,61,81500
Lava,6,512,7313,50,16,6.23,60,1,33,58,69000
Redmi,6,64,5349,50,12,6.72,120,1,80,96,76000
Redmi,4,256,6158,50,32,6.24,120,1,33,86,72000
Vivo,4,128,4461,50,20,6.49,120,1,33,84,80000
Motorola,8,128,6483,64,16,6.63,165,1,80,79,81000
Honor,6,256,4136,50,12,6.27,120,1,25,56,65000
Nothing,16,256,7015,48,20,6.86,165,1,33,87,98500
iQOO,8,128,6171,50,16,6.79,120,0,10,51,69000
Samsung,6,256,7028,50,8,6.13,60,0,33,32,58000
Redmi,8,256,4153,50,16,6.94,144,1,67,99,81000
OnePlus,4,256,7380,200,32,6.61,120,1,45,32,69500
Vivo,8,128,7280,64,16,6.43,144,1,120,88,95000
Tecno,8,256,4883,50,12,6.17,90,1,150,34,54500
Nothing,12,128,6315,48,12,6.83,120,1,150,47,70000
iQOO,8,256,4334,50,8,6.77,90,1,33,75,75500
Infinix,24,256,5780,108,20,6.53,120,1,33,82,95000
Nothing,16,512,6717,50,32,6.51,60,1,100,42,81000
Oppo,12,128,4457,200,12,6.86,120,1,33,55,77500
Nothing,8,128,4083,64,32,6.35,165,1,33,62,62000
Xiaomi,6,256,6914,48,32,6.23,120,1,240,92,79000
Lava,4,256,5266,32,50,6.8,120,0,120,37,62500
Nothing,8,128,5747,64,32,6.34,120,1,240,73,88500
Oppo,6,512,5735,48,16,6.39,120,0,67,55,76500
Google,12,1024,6908,50,12,6.17,60,1,10,45,106000
Samsung,8,512,5207,50,50,6.73,165,1,80,48,87000
Redmi,12,512,5044,64,16,6.11,144,0,33,50,71500
Google,6,256,6137,50,20,6.5,144,1,100,41,71500
Apple,6,256,7487,48,12,6.56,144,1,18,35,77500
Vivo,6,1024,5831,32,12,6.72,120,1,100,60,103500
Lava,16,512,4392,64,20,6.44,165,1,100,33,79000
Google,16,128,4744,48,16,6.63,120,1,240,50,79000
Realme,8,256,7450,64,16,6.16,144,0,240,73,84000
Realme,8,128,4052,50,12,6.18,144,1,10,68,53000
Lava,6,256,5764,12,12,6.15,90,1,10,72,62000
Vivo,6,256,5421,50,32,6.63,120,1,80,60,67000
Apple,6,128,7100,108,12,6.94,120,1,240,68,102500
Realme,6,128,5090,50,20,6.55,144,1,150,70,76500
Google,6,512,7390,108,12,6.11,120,0,25,78,92000
Lava,8,256,5585,50,16,6.8,144,1,10,62,78500
Poco,8,128,4332,48,12,6.91,90,1,67,87,76500
Lava,8,256,6050,64,8,6.71,60,0,33,35,53500
Honor,4,512,6597,50,12,6.96,144,1,240,78,89000
Nothing,8,128,5897,50,32,6.1,90,1,80,62,71500
OnePlus,12,256,6460,12,32,6.98,120,1,33,74,90000
Honor,4,512,7167,48,16,6.34,120,1,18,72,87000
Lava,8,128,6441,50,16,6.35,90,1,67,81,73500
Infinix,8,512,6579,48,16,6.99,120,1,45,90,88000
Apple,16,256,4561,32,12,6.84,120,1,240,61,97500
Xiaomi,8,64,4458,64,16,6.7,60,1,80,96,74000
Nothing,16,128,7307,108,12,6.55,120,0,10,38,63000
Infinix,16,256,7279,108,8,6.64,90,0,240,96,98000
Apple,12,128,4604,48,50,6.86,144,1,25,54,88500
Samsung,12,1024,6602,48,20,6.53,120,1,33,96,117000
Apple,6,128,4230,200,32,6.55,90,1,67,31,87000
Honor,12,256,4712,50,32,6.19,90,1,150,40,67000
Honor,16,512,5774,64,32,6.44,165,1,67,31,82000
iQOO,6,512,5944,50,20,6.27,120,0,150,38,71500
Oppo,24,256,4683,48,8,6.3,120,1,45,75,102500
Oppo,12,128,4387,50,32,6.54,120,0,240,58,75000
Google,8,256,5114,50,16,6.31,144,1,45,100,100000
Samsung,4,128,5791,50,20,6.8,165,1,67,31,66000
OnePlus,8,256,6191,108,12,6.11,165,0,18,31,64000
Redmi,12,512,4762,50,12,6.27,165,1,25,31,72000
Tecno,8,128,5059,50,16,6.53,90,1,100,77,67000
Nothing,12,256,6570,50,12,6.73,120,1,67,88,96500
Motorola,6,128,7080,48,12,6.47,120,1,67,77,74000
Oppo,8,512,6727,50,8,6.19,120,1,67,74,88000
Motorola,8,256,5607,50,16,6.49,120,1,100,33,67000
Oppo,6,128,5647,48,50,6.23,120,1,25,99,81500
Motorola,8,512,4117,50,16,6.33,120,1,240,94,100000
Honor,12,128,7076,50,16,6.66,90,1,120,29,65000
Honor,12,256,7301,16,8,6.65,90,1,18,45,68000
Apple,8,256,6088,50,32,6.23,120,1,240,92,120500
Realme,8,256,4564,108,16,6.22,120,1,25,42,65000
OnePlus,4,128,4487,16,20,6.32,90,1,80,36,52000
Motorola,4,256,4892,200,16,6.3,120,1,240,65,77000
Poco,12,256,6883,50,16,6.44,90,1,67,68,71000
Infinix,8,256,4072,48,16,6.13,120,0,67,26,41500
Infinix,16,128,4813,50,20,6.8,120,1,33,29,60000
Honor,12,128,4173,50,12,6.51,120,1,25,94,90000
Oppo,16,256,5097,108,8,6.12,60,1,150,60,86000
Honor,12,256,5523,64,20,6.63,90,1,120,27,60000
Xiaomi,12,256,6580,50,16,6.16,120,1,100,80,96500
iQOO,8,512,6709,48,16,6.79,90,1,10,57,83500
Apple,4,256,7193,108,32,6.36,120,1,45,47,88000
Lava,16,512,7336,48,16,6.48,144,1,240,63,100000
Tecno,6,256,7195,48,50,6.4,120,1,10,97,82500
Motorola,4,512,5182,50,32,6.17,90,1,120,58,70000
Tecno,16,512,5523,50,20,6.41,90,0,100,44,74500
Tecno,16,256,6642,200,20,6.69,90,1,100,95,104000
iQOO,6,256,7093,50,16,6.62,120,0,80,92,86000
Oppo,6,256,4490,48,32,6.46,90,1,120,89,85500
iQOO,8,256,7186,64,16,6.22,165,1,150,73,96000
Honor,8,128,4464,50,12,6.36,120,0,10,87,66000
Oppo,12,1024,4389,64,20,6.69,120,1,10,60,102500
Tecno,6,256,7437,64,16,6.84,90,1,100,68,71000
Redmi,4,128,4465,64,16,6.79,120,1,18,34,43500
Apple,12,128,5169,50,12,6.84,144,1,18,69,88000
Motorola,4,64,5018,200,12,6.22,120,0,25,31,45000
Vivo,16,256,4752,50,12,6.63,60,1,120,90,86000
Tecno,12,64,5133,12,16,6.36,120,1,80,50,57500
iQOO,12,1024,4079,108,20,6.99,120,1,100,44,101000
iQOO,12,256,5663,48,12,6.38,165,1,120,89,96500
Lava,12,512,6394,64,16,6.55,120,1,240,53,85500
OnePlus,12,256,7308,12,20,6.93,165,1,80,77,89500
Apple,12,256,6109,48,8,6.76,60,1,25,70,103000
Tecno,4,512,5652,50,16,6.97,144,1,67,63,80000
iQOO,12,128,7129,32,16,6.73,165,1,10,69,87000
Nothing,24,128,5465,50,32,6.94,90,1,45,63,86000
iQOO,8,512,4599,32,16,6.71,90,1,67,43,62000
OnePlus,8,128,6065,48,12,6.92,120,1,240,55,74000
Motorola,12,128,5440,48,16,6.65,90,1,33,87,78000
Nothing,12,64,5732,50,16,6.35,60,0,80,69,64500
Infinix,6,128,6782,32,8,6.76,120,0,10,55,56000
Vivo,16,256,6682,200,20,6.96,120,1,33,38,86500
Honor,12,128,5874,48,12,6.75,120,1,240,88,89500
iQOO,8,256,4010,50,20,6.39,120,1,120,38,61000
iQOO,12,128,4817,16,12,6.49,120,1,67,55,63500
Nothing,6,256,7294,200,16,6.22,120,1,240,25,81000
Realme,6,64,4711,12,12,6.82,90,1,150,41,51500
Tecno,8,256,5772,108,16,6.34,120,1,80,81,80500
Samsung,8,256,4583,64,32,6.45,60,1,25,56,70500
Realme,12,256,6354,50,32,6.79,144,1,10,82,91000
Redmi,4,64,5244,64,8,6.22,120,0,80,91,75500
Vivo,8,512,5961,50,12,6.13,120,1,25,69,78000
Xiaomi,8,256,5485,50,50,6.77,60,1,45,29,47500
Samsung,6,256,4692,12,8,6.2,120,1,33,92,89000
Apple,16,512,5464,50,12,6.36,120,1,100,37,107500
Apple,24,256,6628,64,32,6.46,144,1,80,60,114500
Google,6,1024,4867,50,16,6.28,60,1,33,41,85000
Lava,6,512,4207,48,12,6.58,120,1,150,55,83500
Vivo,8,64,6353,108,16,6.49,120,1,45,52,71500
Poco,8,512,6611,50,16,6.9,60,1,18,70,76000
Vivo,16,512,7481,50,8,6.23,60,1,10,63,84000
Infinix,12,256,6934,16,32,6.94,60,1,25,79,77500
Realme,6,64,7336,48,16,6.44,120,1,120,50,64500
Oppo,16,256,7212,48,8,6.77,144,0,100,90,104000
Poco,4,512,5312,48,20,6.16,144,1,25,89,80000
Poco,12,128,6256,50,50,6.24,90,1,100,46,61000
Redmi,12,512,6798,32,20,6.38,120,1,240,37,79000
Oppo,6,128,4662,50,16,6.42,120,1,100,80,82500
Infinix,6,256,5389,12,16,6.4,120,1,33,68,65000
iQOO,6,256,4451,48,16,6.33,120,1,33,57,66500
Lava,12,256,6294,48,16,6.16,90,1,80,27,46500
Oppo,24,256,5513,32,12,6.85,90,1,10,47,80000
Nothing,8,256,4128,50,32,6.32,60,1,45,49,53500
Redmi,8,128,5344,50,50,6.56,120,0,240,91,89500
Infinix,12,128,4402,50,8,6.18,120,1,120,82,69500
OnePlus,8,512,5792,48,32,6.13,120,1,45,28,69500
Vivo,6,1024,5537,50,32,7.0,90,1,18,30,81500
Samsung,8,512,6064,48,20,6.61,165,1,67,99,113500
Samsung,16,256,4705,50,16,6.76,120,0,100,88,99500
Honor,12,256,5046,48,20,6.96,120,1,150,89,87500
Oppo,8,128,4614,50,16,6.35,144,0,80,96,75000
Samsung,16,128,6062,108,16,6.47,60,1,100,61,89000
Google,6,256,5436,108,32,6.2,120,1,120,34,68000
Oppo,16,128,5046,32,32,6.26,144,1,100,98,96000
Xiaomi,4,256,7448,50,20,6.49,90,1,67,25,65500
Apple,8,256,7013,200,32,6.97,90,1,10,73,115000
Poco,6,256,6249,48,32,6.46,120,1,33,66,74000
Google,16,128,5384,16,20,6.29,120,1,80,61,76000
Apple,12,512,7074,200,20,6.83,90,1,120,42,116000
Nothing,16,64,6985,48,8,6.63,165,0,25,97,91500
OnePlus,12,512,6980,200,16,6.2,165,0,67,27,85500
Xiaomi,8,128,7441,32,16,6.98,120,1,25,30,63500
Infinix,8,128,4935,48,16,6.8,120,1,45,95,77500
Google,8,256,6825,50,8,6.37,120,1,67,25,69000
Samsung,6,512,5990,48,32,6.13,90,1,100,37,76500
Infinix,8,1024,6755,48,12,6.34,144,1,45,86,106500
Infinix,12,128,7226,50,32,6.38,90,1,18,89,72500
Google,6,256,5766,64,20,6.79,90,0,67,57,73500
Infinix,6,256,6256,50,20,6.41,60,1,45,80,65000
Infinix,16,512,5696,108,16,6.83,144,1,25,28,78500
Vivo,12,512,7215,50,16,6.2,120,0,67,62,85500
Redmi,8,256,5586,48,20,6.37,90,1,150,57,72500
Apple,6,256,6067,200,16,6.33,120,1,240,96,119000
Redmi,6,256,5186,48,32,6.49,120,1,120,92,81000
Nothing,6,256,6154,32,12,6.71,165,0,18,94,85500
iQOO,8,128,7104,64,20,6.35,144,1,10,64,74500
Oppo,8,128,5131,12,12,6.28,120,1,120,62,72500
Oppo,4,256,6092,48,16,6.88,90,1,45,94,74500
Lava,8,256,4024,50,32,6.78,120,1,33,78,77500
Motorola,8,1024,6931,50,20,6.28,165,1,100,88,108000
Infinix,6,256,6750,50,16,6.7,90,1,100,68,79000
Honor,8,512,5093,48,12,6.9,120,1,120,33,69000
Xiaomi,4,128,6782,50,12,6.43,120,1,10,47,55000
Poco,6,512,6467,64,12,6.1,120,1,80,89,93500
Tecno,12,1024,5483,50,16,6.11,120,1,10,31,81500
Realme,6,128,5924,50,32,6.34,120,1,18,66,62000
Tecno,16,256,6409,200,16,6.93,120,1,18,35,80500
Vivo,6,256,5517,48,12,6.84,165,0,33,82,84000
Google,8,256,7272,32,16,6.89,120,1,100,63,82000
Samsung,16,512,7112,50,20,6.59,165,1,25,97,112500
Lava,6,128,6600,108,16,6.74,90,1,33,45,55000
Apple,16,256,5252,16,32,6.93,90,1,18,84,106000
Apple,8,256,6328,50,16,6.18,144,1,150,58,100500
Poco,8,256,4281,50,32,6.57,60,1,67,59,61000
OnePlus,6,512,5634,64,16,6.1,165,1,10,81,89500
Realme,12,512,5454,50,16,6.35,90,1,67,80,85500
Poco,16,256,6100,50,12,6.86,120,1,67,64,85500
Realme,8,512,4426,64,16,6.66,120,1,80,38,64500
Tecno,12,256,5095,50,12,6.61,120,1,80,74,79000
Realme,4,256,6007,48,16,6.2,165,1,80,56,62500
Nothing,12,256,7330,64,16,6.37,144,0,120,30,77500
Motorola,12,1024,5426,48,16,6.68,120,0,25,59,94000
OnePlus,12,128,6608,108,12,6.58,120,1,33,99,102000
Apple,8,512,5295,32,16,6.62,120,1,67,87,112000
Poco,12,1024,4296,200,32,6.85,120,1,18,35,93000
iQOO,8,512,6727,108,16,6.35,90,1,240,38,84500
iQOO,8,256,4999,200,32,6.34,144,1,45,44,69500
Lava,8,128,5425,50,50,6.67,120,1,120,40,61500
Oppo,6,256,4775,48,8,6.59,90,0,67,56,61500
Redmi,8,512,5855,50,32,6.66,144,1,18,88,83500
Samsung,12,256,4531,50,16,6.58,144,1,18,52,75500
Oppo,24,256,7489,32,8,6.87,120,1,150,28,82000
iQOO,6,512,6397,64,20,6.51,90,1,10,75,93000
Redmi,6,256,6246,50,8,6.67,120,1,10,58,70000
Samsung,8,128,5761,108,32,6.93,120,1,67,60,82000
Honor,12,128,6759,12,32,6.18,120,1,18,45,59000
Xiaomi,12,64,7452,50,16,6.54,120,1,150,25,59000
Tecno,4,512,4542,108,12,6.87,165,1,25,55,72000
Realme,12,64,4005,48,32,6.71,165,1,45,94,82500
Motorola,6,128,5022,48,12,6.15,120,1,80,92,77000
Samsung,16,256,4124,50,16,6.35,90,1,18,98,102500
Xiaomi,16,128,5678,50,16,6.61,120,0,45,62,83500
Vivo,12,256,4650,50,12,6.77,120,1,150,76,86000
Redmi,6,128,4732,48,16,6.34,90,1,18,37,48000
Oppo,8,128,5460,50,16,6.39,90,1,150,98,92500
iQOO,6,128,5356,48,20,6.75,120,1,100,35,50500
Vivo,12,256,4170,64,16,6.99,165,1,45,39,77000
Infinix,6,64,6358,50,12,6.99,90,1,150,68,67000
Vivo,8,512,4126,48,12,6.57,120,1,240,81,92500
Google,6,256,4593,50,12,6.66,144,1,80,93,89500
Oppo,12,128,5996,64,32,6.84,90,1,45,77,85000
Realme,16,512,7199,16,16,6.16,60,1,10,73,84500
Poco,16,128,4939,48,16,6.31,120,1,45,27,58000
Realme,8,256,5508,48,12,6.42,90,1,18,56,55500
iQOO,6,256,4658,50,20,6.93,120,1,240,72,78500
Infinix,12,64,5286,48,16,6.94,144,1,45,68,69000
Tecno,6,512,7039,50,20,6.53,120,1,100,26,67000
Realme,6,128,7474,50,16,6.49,165,0,80,70,70000
iQOO,8,256,5568,12,12,6.66,120,1,80,69,71500
Redmi,12,128,7284,200,16,6.22,120,1,100,89,91500
Vivo,8,256,6984,50,50,6.81,90,0,80,85,85000
Honor,12,512,5251,32,16,6.21,90,0,120,84,89000
Google,8,64,4516,32,12,6.37,120,0,150,52,65000
iQOO,12,512,4183,50,16,6.14,60,1,120,38,68000
Apple,4,256,5572,50,16,6.39,120,1,10,78,93500
Xiaomi,4,128,7198,50,16,6.5,120,1,67,29,50500
Google,16,256,6243,50,16,6.37,120,0,240,78,96500
Xiaomi,8,128,7259,50,8,6.38,165,1,45,69,70500
Infinix,8,1024,4007,50,32,6.47,90,1,25,44,80500
Motorola,8,256,5710,50,16,6.27,120,1,18,90,78500
Realme,8,128,6842,48,8,6.85,120,1,18,97,84000
Oppo,8,256,5916,50,16,6.48,120,1,80,38,63000
Poco,12,128,4985,48,8,6.13,120,1,150,27,57000
Poco,8,128,6999,64,12,6.35,120,1,33,30,59500
Oppo,8,512,4011,108,16,6.37,144,1,45,39,66000
Tecno,24,512,6086,48,8,6.25,120,0,10,65,91500
Tecno,12,256,4584,50,16,6.47,90,0,45,42,62000
Lava,6,512,6939,50,12,6.93,120,1,25,35,60500
Infinix,4,256,4763,50,16,6.95,120,1,18,63,69000
Google,12,256,6180,12,16,6.26,144,1,240,100,111000
Lava,8,256,4017,50,32,6.77,120,1,18,42,58000
Tecno,12,128,5315,50,16,6.73,120,1,120,95,81500
Redmi,8,128,6159,48,12,6.93,165,1,10,57,62500
Redmi,8,256,6001,50,20,6.79,120,1,25,47,55500
Vivo,24,256,5596,48,16,6.3,60,1,25,57,86000
Infinix,6,64,4924,50,16,6.57,60,1,18,38,46000
Motorola,8,128,6086,50,16,6.15,120,1,25,45,57500
Lava,12,128,4425,50,32,6.2,120,1,67,45,52500
Honor,8,256,6525,48,16,6.46,165,0,67,56,69500
Motorola,8,256,4280,32,20,6.69,90,1,45,77,70500
Apple,24,64,5019,50,20,6.99,120,1,240,64,107500
Samsung,16,256,4746,200,16,6.78,120,1,10,84,109000
Vivo,8,256,6891,50,32,6.58,90,1,100,90,96500
Google,12,128,4775,50,20,6.18,120,1,150,65,79000
Samsung,4,256,5535,50,32,6.57,144,1,33,92,90000
Samsung,12,256,7005,16,12,6.88,60,1,10,65,89500
Google,6,128,6561,50,32,6.51,165,0,25,44,67000
Honor,4,512,4264,50,16,6.7,90,1,150,83,84500
Lava,6,256,4308,48,12,6.7,120,1,33,100,79500
Apple,12,128,4796,48,16,6.36,144,1,25,50,92000
iQOO,8,1024,4078,48,32,6.48,144,1,33,60,99000
Infinix,6,1024,4209,108,50,6.93,120,1,100,82,114000
Poco,8,512,4458,32,12,6.85,60,1,67,40,61500
Honor,8,128,7427,50,16,6.27,120,1,25,96,85000
Infinix,6,64,6920,64,16,6.72,120,0,25,96,72000
Lava,8,256,4141,32,16,6.15,90,1,67,78,66500
Infinix,8,256,4272,50,20,6.82,90,1,120,92,86500
Oppo,6,64,5642,48,32,6.83,120,1,150,86,81000
Xiaomi,8,512,4209,16,12,6.12,120,1,80,44,69500
iQOO,8,256,4795,48,32,6.13,90,0,25,89,72500
OnePlus,12,1024,7183,50,16,6.82,120,1,240,37,106000
Xiaomi,8,128,6672,50,16,6.62,120,1,150,65,75500
Oppo,12,256,4876,50,16,6.14,60,1,120,64,75000
iQOO,12,256,4150,12,12,6.8,165,1,18,50,72500
Honor,8,256,4724,50,20,6.64,165,1,33,90,80500
Lava,12,64,7033,48,32,7.0,120,0,120,49,63500
Nothing,12,256,4808,12,8,6.13,60,1,100,37,61500
Redmi,6,512,7049,48,32,6.54,60,1,45,26,63000
Google,24,256,4854,50,32,6.8,120,1,240,30,87000
Redmi,8,512,7165,50,20,6.47,120,1,45,73,85000
Samsung,8,256,6015,50,12,7.0,90,1,10,84,88000
Redmi,8,128,4799,50,12,7.0,165,1,18,50,62000
OnePlus,6,256,5425,108,12,6.22,90,1,240,75,92500
Oppo,24,128,5959,12,32,6.28,120,1,67,84,91000
Realme,8,128,6411,50,16,6.8,120,1,18,64,68000
iQOO,12,256,4742,50,20,6.42,120,0,45,54,73500
iQOO,8,256,5002,200,16,6.63,165,0,150,27,64000
Tecno,4,512,4498,48,12,6.89,120,1,120,83,78000
Nothing,8,64,5863,64,16,6.43,120,1,80,26,50500
Poco,16,256,4247,200,12,6.73,90,1,33,89,92000
Nothing,12,128,5195,64,20,6.69,120,1,18,93,84500
Nothing,8,128,5976,32,12,6.88,144,1,67,40,55000
Nothing,6,128,4995,48,20,6.18,120,1,80,42,56000
Infinix,12,512,7393,48,16,6.35,90,1,120,84,90500
Google,12,128,6391,64,16,6.84,120,1,10,76,87000
Oppo,8,256,4669,50,12,6.59,90,1,33,78,69000
OnePlus,4,256,6861,108,16,6.19,120,1,33,49,72500
Infinix,6,64,6616,48,16,6.76,60,1,100,99,71000
Tecno,8,256,4079,50,8,6.96,144,1,10,69,63500
Infinix,24,128,7465,64,16,6.87,120,1,10,59,90500
Tecno,8,64,6192,16,16,6.52,120,1,33,25,46500
Apple,8,256,6192,108,32,6.76,120,1,18,33,83500
Oppo,12,1024,4763,64,8,6.23,90,1,240,35,95000
Poco,8,512,6616,48,16,6.51,120,0,120,69,83000
Honor,12,256,4916,48,16,6.33,120,0,33,93,81000
Poco,8,512,4011,108,12,6.82,120,1,120,49,77500
Oppo,12,64,4265,50,16,6.96,60,0,67,25,52500
Apple,24,1024,4089,50,12,6.23,90,1,100,26,116000
Lava,8,128,4266,64,16,6.79,165,0,67,47,63500
Lava,6,128,5022,200,20,6.53,90,1,240,45,62000
Redmi,12,512,5578,48,16,6.33,120,1,100,92,85000
OnePlus,8,128,7326,50,32,6.9,144,1,45,59,87500
Xiaomi,8,512,4414,32,50,6.56,90,0,150,89,84500
Infinix,16,512,6391,64,16,6.33,144,1,240,30,72000
Samsung,16,128,6852,50,8,6.71,120,1,45,59,90500
Vivo,8,256,6186,50,12,6.32,144,1,100,58,81000
Vivo,6,512,4051,64,16,6.8,120,1,80,64,84500
Tecno,6,256,5386,50,32,6.43,90,1,150,42,61000
Vivo,12,256,4902,12,16,6.88,144,1,45,99,97500
Poco,16,128,5518,48,32,7.0,120,1,67,39,68500
Xiaomi,6,512,5109,200,16,6.22,120,0,150,99,102500
Lava,6,256,4075,50,16,6.77,120,1,45,55,60000
OnePlus,6,512,6859,50,16,6.17,60,0,100,92,91500
Nothing,8,1024,6388,48,8,6.12,144,1,80,72,100500
Apple,12,512,5826,50,12,6.33,165,1,150,73,114000
Realme,16,256,5299,50,32,6.48,120,1,240,97,107500
Xiaomi,12,512,4965,32,32,6.33,90,1,100,51,77000
Samsung,8,512,6087,48,16,6.33,90,0,240,69,93000
Nothing,8,512,5118,64,12,6.54,120,1,80,70,89500
Realme,8,128,4907,48,8,6.74,144,1,150,60,71000
Honor,12,256,5642,50,8,6.34,60,1,80,78,87500
Tecno,12,64,6650,12,32,6.41,120,1,25,72,68500
iQOO,4,128,4057,200,32,6.87,120,1,45,26,53000
Apple,16,512,7286,108,20,6.71,120,1,25,55,108500
Xiaomi,8,128,4723,48,20,6.61,120,0,10,47,59500
Poco,4,256,5397,50,20,6.34,120,0,33,85,66500
Infinix,8,128,4505,50,16,6.8,120,1,45,52,60000
Lava,16,64,4721,50,50,6.34,144,0,120,62,67000
Xiaomi,24,128,6817,50,12,6.23,60,0,45,44,67500
Redmi,12,128,4955,64,16,6.31,120,1,150,32,65500
Realme,16,512,4755,50,8,6.44,120,1,18,40,68000
Motorola,8,256,5859,32,16,6.1,120,1,80,97,84500
Vivo,8,128,6159,32,12,6.86,60,1,25,61,62500
Lava,6,128,5492,50,32,6.22,120,1,120,79,77500
Poco,12,128,4538,50,12,6.31,120,1,150,67,68000
Redmi,8,128,7308,50,12,6.33,120,1,120,75,70500
Google,12,128,4019,50,12,6.23,120,1,18,36,60500
iQOO,12,256,5086,50,12,6.43,165,0,240,49,80000
Samsung,12,256,7037,64,8,6.2,120,1,18,71,87000
Xiaomi,6,128,4123,48,32,6.63,120,1,100,89,82000
Samsung,8,256,5871,50,16,6.2,120,1,100,39,75000
Redmi,6,64,6693,108,16,6.16,144,1,150,82,83000
Apple,12,128,6090,200,16,6.89,165,1,33,73,105500
Oppo,4,256,6735,50,32,6.61,60,0,33,52,60500
Samsung,6,256,6940,48,12,6.57,60,1,33,47,68500
Lava,6,256,7276,50,20,6.8,90,1,10,91,79000
Apple,8,128,5365,108,50,6.81,120,1,80,39,93500
Nothing,12,256,6486,108,12,6.73,90,1,120,70,89000
Samsung,8,256,6950,50,32,6.37,120,0,67,45,68000
Poco,8,256,4433,48,32,6.62,120,0,33,60,68000
Poco,8,256,6613,200,12,6.83,120,1,120,31,70000
Honor,8,128,5398,108,16,6.41,60,1,80,58,66500
Google,8,128,7322,48,16,6.29,120,1,45,76,81000
Motorola,8,256,5742,48,32,6.38,60,0,150,66,64500
Google,6,512,7291,50,12,6.37,90,1,120,86,97000
Vivo,12,128,5930,48,32,6.36,120,0,80,32,62500
Nothing,8,256,6282,50,32,6.68,60,0,120,61,73500
Tecno,4,256,6160,48,20,6.84,60,0,10,82,66000
Honor,4,128,4570,64,8,6.5,60,1,25,35,48500
Realme,6,512,5826,108,8,6.7,165,1,67,67,83500
Vivo,8,512,4125,108,16,6.34,120,1,150,78,95500
Infinix,12,512,5338,50,32,6.68,120,1,120,88,97000
Poco,6,128,4732,12,12,6.16,120,1,33,53,54500
Motorola,8,256,7111,50,32,6.11,90,0,120,44,50000
Oppo,4,128,6259,64,32,6.94,90,1,80,59,67500
Google,8,64,7088,32,32,6.12,120,1,120,38,63000
Vivo,8,256,5024,108,8,6.48,120,1,67,77,85000
Apple,8,1024,6306,64,8,7.0,90,1,240,84,137500
Oppo,8,128,4976,48,16,6.8,120,1,33,44,64000
Infinix,8,256,4440,64,32,6.32,90,0,25,83,69500
Vivo,8,256,6251,50,20,6.24,60,1,33,73,68500
Nothing,12,256,6244,200,16,7.0,144,1,120,56,85500
Samsung,6,256,7101,48,20,6.94,120,0,45,36,69500
Samsung,12,128,6658,108,8,6.2,90,1,150,59,84000
Tecno,16,512,5883,32,50,6.69,120,1,240,87,109500
Tecno,8,128,4241,12,16,6.16,120,0,18,55,51000
Xiaomi,16,512,4975,64,32,6.7,120,1,25,48,90500
Lava,12,512,5691,200,12,6.27,144,0,120,97,109500
Motorola,12,512,6473,108,8,6.78,120,1,150,96,109000
Apple,8,64,7188,50,32,6.88,120,0,25,82,97000
OnePlus,12,128,7295,64,8,6.54,120,1,150,66,87000
Google,12,256,4287,108,8,6.26,60,1,25,89,88000
Poco,6,256,5837,48,16,6.68,120,1,45,38,61000
Poco,6,256,5453,50,16,6.7,120,1,33,64,68500
Realme,8,128,5534,64,12,6.3,120,1,120,37,52500
OnePlus,24,512,4785,50,20,6.16,144,1,33,93,109000
Google,16,64,7405,64,20,6.65,144,1,100,50,79000
Lava,8,128,5159,50,50,6.85,120,1,67,40,51000
Redmi,6,512,5132,200,12,6.88,120,1,10,28,59500
Google,6,512,5392,64,8,6.16,90,1,80,61,81000
Honor,16,128,5745,48,16,6.46,120,1,25,87,85500
OnePlus,16,512,4892,50,20,6.75,90,0,120,85,106000
Infinix,12,256,4085,64,16,6.92,120,0,33,90,78000
Infinix,8,64,5781,50,20,6.19,60,1,10,67,60000
Vivo,6,256,5883,50,32,6.6,120,1,100,64,81500
Realme,8,512,7231,16,16,6.3,120,1,100,56,79500
Tecno,6,512,5324,50,50,6.38,120,1,240,52,78000
Tecno,12,512,5186,50,16,6.3,120,1,10,65,79500
Oppo,24,128,4458,32,16,6.59,90,1,67,78,92000
Apple,8,128,6791,50,32,6.71,90,1,100,71,104500
Apple,12,128,4431,50,32,6.28,144,1,150,32,80500
Samsung,12,128,6924,50,16,6.6,144,1,120,59,84000
Vivo,4,64,5776,50,8,6.45,144,1,80,46,61000
Infinix,8,512,6634,50,20,6.78,120,1,150,44,68500
Motorola,12,256,7048,64,32,6.85,120,1,150,82,96500
Honor,8,512,4163,64,16,6.58,120,1,45,70,79500
Lava,4,256,6200,64,16,6.99,120,1,100,71,70000
Realme,24,512,4165,108,8,6.81,120,1,240,36,96500
Apple,16,1024,6503,108,16,6.66,120,1,33,85,140500
Lava,8,256,6882,108,20,6.83,144,1,80,58,82000
Nothing,8,256,5801,50,32,6.59,120,1,240,91,99500
Nothing,12,256,5999,50,16,6.45,120,1,100,45,81500
Poco,6,512,5607,64,16,6.55,90,0,10,88,80000
Xiaomi,8,256,7021,64,16,6.22,144,1,67,58,77000
Samsung,12,128,5330,50,20,6.33,90,1,33,41,69000
Poco,8,64,4288,200,12,6.1,144,1,33,42,65000
Motorola,4,256,6776,200,16,6.66,120,1,25,55,79000
Nothing,4,128,6108,64,50,6.48,120,1,240,85,82500
Xiaomi,8,128,5693,50,16,6.75,90,1,67,44,61000
iQOO,12,256,5428,50,32,6.75,90,1,80,51,72500
OnePlus,12,512,4676,48,16,6.11,120,1,25,43,66500
iQOO,16,256,4020,64,16,6.3,120,1,240,51,79000
Lava,12,256,4446,50,32,6.22,120,1,45,100,79500
Lava,12,256,6478,48,16,6.24,144,1,10,62,80000
Honor,24,128,6192,48,16,6.68,120,1,33,55,84000
Tecno,8,128,5565,64,32,6.79,120,1,150,81,85000
Oppo,12,256,7073,50,16,6.34,120,1,100,77,87000
Lava,8,256,7012,108,16,6.35,120,1,18,68,75500
Xiaomi,4,512,4008,50,16,6.43,60,1,240,67,74500
Redmi,8,512,6128,50,16,6.89,120,0,33,28,67000
Infinix,8,256,4375,50,20,6.64,144,1,80,56,68000
Realme,4,256,5036,50,32,6.68,90,1,10,47,56500
Honor,8,128,6387,108,16,6.73,90,1,100,49,75500
Redmi,16,256,5568,48,16,6.93,60,1,150,54,70500
Google,12,256,6463,48,12,6.15,60,1,100,30,64000
Lava,8,128,5587,50,8,6.77,120,1,80,79,73500
Google,12,128,4898,50,32,6.77,144,1,240,92,99500
Motorola,16,256,6988,48,32,6.6,90,1,33,81,89500
OnePlus,8,512,6645,48,50,6.54,60,1,120,48,77500
Honor,12,256,4974,50,16,6.88,120,1,33,38,61000
Realme,6,256,6154,64,8,6.24,120,1,100,45,68000
Oppo,12,128,4451,108,32,6.72,120,1,25,64,76500
Samsung,8,256,6531,48,16,6.14,120,1,240,94,103500
Tecno,24,128,5266,50,32,6.82,120,1,80,69,89500
Google,6,256,6182,108,20,6.96,60,0,240,58,77500
Xiaomi,12,256,5284,50,16,6.95,120,1,240,98,101500
Nothing,6,128,7137,64,8,6.96,120,1,120,53,73000
Redmi,12,128,4057,64,32,6.62,120,1,100,26,56500
Nothing,8,64,5597,50,20,6.53,120,1,25,69,66500
Poco,6,256,5250,108,32,6.78,120,1,10,56,68000
Lava,8,512,4932,16,20,6.92,60,1,150,75,79000
OnePlus,12,512,5469,48,8,6.45,120,1,100,91,110500
Apple,8,256,7385,48,8,6.93,120,1,80,88,107500
Samsung,8,256,4899,48,16,6.85,90,1,120,57,76000
iQOO,12,512,4704,32,12,6.91,120,1,33,94,86500
Google,16,64,5345,108,8,6.85,60,1,150,38,75500
Oppo,4,128,4415,50,8,6.59,120,0,100,50,64000
Poco,8,256,5791,50,32,6.12,90,1,45,85,77000
Honor,8,256,5309,50,16,6.23,120,1,100,25,51000
Apple,6,256,6551,32,32,6.89,120,0,150,49,81500
Poco,8,1024,6601,48,16,6.56,120,1,10,32,75500
Infinix,8,256,7228,48,12,6.41,165,1,67,96,92000
Honor,12,64,4863,108,32,6.65,60,1,33,48,60500
Xiaomi,8,128,7454,48,20,6.78,120,1,100,36,63500
Xiaomi,8,256,5648,48,32,6.27,120,1,25,72,69000
Tecno,6,512,5091,108,20,6.33,90,1,33,49,68000
iQOO,6,256,4466,32,16,6.73,120,1,120,55,72500
Motorola,12,256,5213,48,8,6.55,120,1,240,55,79000
Infinix,8,256,6632,200,12,6.68,120,1,18,72,86000
Lava,6,128,6240,48,16,6.98,165,1,10,85,75500
OnePlus,8,128,6670,50,16,6.23,120,0,33,92,78500
Xiaomi,16,512,4111,50,20,6.4,165,1,10,29,80000
Xiaomi,24,256,4496,48,8,6.34,120,1,33,80,93500
Oppo,6,128,5638,64,20,6.23,90,0,45,67,67000
Infinix,4,256,6326,48,16,6.66,120,1,18,76,74000
Motorola,4,256,4537,48,16,6.65,90,1,18,61,61500
Poco,8,256,5897,50,32,6.78,120,0,25,51,62500
Realme,8,256,6263,50,50,6.48,120,1,100,90,82000
Honor,8,512,4165,50,20,6.75,60,1,80,25,58500
Redmi,16,128,6900,50,32,6.95,120,1,150,94,96500
Oppo,12,512,6671,50,12,6.87,165,0,33,34,73000
Oppo,12,256,4981,64,32,6.64,120,0,150,80,80000
Xiaomi,16,128,4879,48,32,6.23,60,1,45,52,75500
Redmi,4,256,4995,48,16,6.87,120,1,25,97,87000
Honor,8,512,4096,200,32,6.18,90,1,18,47,76000
Redmi,8,128,5566,50,16,6.64,144,1,120,71,76500
Google,16,256,7491,50,16,6.65,120,1,150,89,106000
Lava,8,128,7048,32,16,6.89,144,0,10,86,73000
OnePlus,12,512,5033,48,12,6.76,120,1,80,35,88000
Apple,6,128,4185,50,20,6.98,144,1,25,35,78500
Poco,16,128,7048,200,16,6.29,120,1,150,31,73500
Realme,4,256,5860,48,8,6.68,144,1,45,31,50000
Samsung,4,128,7007,12,32,6.4,120,1,100,70,76500
Redmi,12,128,6950,50,16,6.61,90,1,10,53,63500
Redmi,12,256,6475,108,16,6.23,120,1,150,86,85000
Poco,12,256,6257,50,16,6.9,90,1,33,61,66500
Nothing,8,128,5412,108,8,6.51,120,1,100,74,81500
Nothing,8,512,5576,50,20,6.23,165,1,33,85,96500
Redmi,8,256,6935,32,32,6.25,120,0,150,77,77500
Vivo,6,128,4939,64,16,6.96,144,1,120,98,84000
Lava,16,256,6749,50,8,6.61,60,0,33,59,67500
Nothing,16,512,6480,12,50,6.11,120,1,10,39,80500
Xiaomi,6,128,7212,64,8,6.47,90,0,80,63,63500
Honor,12,128,6527,48,8,6.46,144,1,100,91,88500
iQOO,8,256,6175,108,32,6.87,90,1,67,70,82000
Samsung,8,256,5218,50,12,6.18,120,0,67,80,76500
Oppo,8,256,6932,200,16,6.17,60,0,120,100,97000
Redmi,6,512,4039,50,16,6.98,165,1,45,70,77500
Xiaomi,6,512,5163,48,16,6.88,60,1,25,90,78500
Apple,16,256,4571,50,16,6.32,60,1,80,97,114000
Xiaomi,8,512,6951,48,50,6.63,165,1,120,41,76000
Infinix,8,256,6798,64,16,6.89,120,1,10,34,64500
Google,12,256,6623,200,12,6.27,165,1,33,93,111500
Apple,8,256,7497,50,16,6.6,165,1,240,48,95500
Motorola,12,128,4836,48,20,6.42,90,1,18,42,59000
Honor,8,256,5559,64,16,6.5,120,0,45,55,70500
Lava,8,256,6600,50,8,6.63,144,1,150,48,68500
Apple,12,128,4395,50,16,6.91,90,1,18,44,86500
Oppo,6,256,4969,50,8,6.9,60,1,33,32,52500
Motorola,6,128,5652,32,12,6.67,120,1,25,86,73500
Apple,6,256,6124,50,20,6.74,120,1,100,35,85000
Tecno,6,256,7136,108,16,6.3,120,1,240,72,75000
Google,12,256,4554,32,16,6.38,144,1,67,96,93000
Nothing,8,128,6757,16,12,6.55,60,1,80,75,74000
Xiaomi,8,128,4214,64,16,6.13,90,1,150,41,55000
Xiaomi,6,256,4185,12,16,6.63,120,0,240,94,74500
Redmi,6,256,6778,200,12,6.36,120,0,120,86,83000
Apple,12,512,4225,200,8,6.88,90,1,67,59,115500
Motorola,6,256,4470,108,8,6.7,120,0,240,55,74000
Samsung,8,256,7489,48,16,6.7,60,1,25,96,94500
Motorola,6,512,4204,50,16,6.47,120,1,150,89,84500
Realme,8,128,6383,48,12,6.42,120,1,33,37,57000
Samsung,8,128,6792,64,12,6.64,60,0,100,90,93000
Samsung,24,512,7361,32,16,6.49,144,0,120,58,100500
Apple,6,256,5580,50,12,6.78,120,1,25,29,74500
Vivo,8,256,4234,50,12,6.56,120,1,25,71,75000
Vivo,6,512,6586,50,20,6.84,144,1,18,59,83000
Samsung,8,256,4222,12,20,6.68,120,1,240,68,89500
Nothing,6,256,6630,48,12,6.67,120,1,33,36,64000
Lava,16,128,5645,50,32,6.56,60,1,80,72,72000
Samsung,6,128,6613,50,32,6.61,120,1,10,44,66000
Motorola,12,512,6023,50,50,6.38,90,1,18,91,94000
Lava,12,128,5253,48,20,6.67,120,1,100,53,70000
Lava,12,128,4434,50,20,6.21,165,1,25,98,86000
Xiaomi,6,256,4862,50,12,6.42,120,1,240,72,76500
Poco,6,128,6167,50,16,6.2,120,1,100,30,50000
Samsung,12,128,7069,32,32,6.55,144,1,25,36,73000
Tecno,4,256,5110,108,12,6.98,60,1,10,91,85000
Apple,12,128,7460,200,8,6.17,120,0,45,76,104000
Xiaomi,8,1024,4498,50,12,6.53,90,1,25,89,107500
iQOO,8,128,4972,50,32,6.23,120,1,67,80,68500
Poco,8,512,4821,50,32,6.42,120,1,100,51,71500
Apple,16,512,5139,50,50,6.58,90,0,10,29,92500
Honor,8,256,5722,200,16,6.91,120,1,67,89,96000
iQOO,12,1024,5824,48,32,6.51,120,1,150,90,121500
Samsung,12,256,4294,48,8,6.61,90,1,33,61,81000
Tecno,8,256,6195,108,32,6.94,120,1,120,57,78500
Samsung,12,256,4829,16,8,6.21,60,0,80,100,92500
Oppo,8,256,6629,64,32,6.95,120,1,80,75,88000
Redmi,8,256,4464,50,32,6.18,120,1,67,91,78000
Lava,8,512,4483,50,8,6.41,60,1,100,65,78000
Google,8,512,7179,50,12,6.46,120,1,100,77,91500
Motorola,8,128,4537,50,32,6.86,120,1,33,38,51000
iQOO,12,256,4696,16,8,6.72,144,1,45,63,71500
Motorola,8,128,5216,50,20,6.61,120,1,240,92,83500
Poco,4,256,5926,200,16,6.52,165,1,10,39,65000
Infinix,8,64,5301,48,16,6.89,120,1,80,40,59500
Samsung,8,128,5025,50,16,6.12,60,1,45,89,75500
iQOO,12,128,5363,108,20,6.67,90,1,80,35,70500
iQOO,16,128,6509,50,12,6.26,144,1,25,82,80500
Poco,4,256,4727,32,16,6.67,60,1,45,36,51000
Honor,24,128,4900,50,8,6.18,60,0,45,58,68500
Vivo,6,128,6636,48,20,6.16,120,0,80,52,62500
Apple,8,256,7015,64,12,6.43,120,1,240,99,116500
Motorola,6,512,7425,48,12,6.36,120,1,67,93,96500
Infinix,6,128,7443,50,12,6.36,120,1,150,60,60500
Xiaomi,8,256,6840,200,16,6.15,120,1,100,69,89000
Nothing,6,512,5716,50,16,6.84,90,0,240,64,80500
OnePlus,8,256,4126,50,32,6.9,120,1,25,95,90000
Honor,6,512,5997,108,16,6.41,90,1,33,62,79000
Tecno,6,512,4807,108,32,6.65,120,1,45,55,79000
Redmi,24,512,4477,32,12,6.74,60,1,100,36,81000
Tecno,8,512,5288,50,12,6.91,120,1,120,100,98000
Redmi,6,64,5249,50,16,6.94,120,1,67,37,59000
Lava,12,256,6984,48,16,6.95,144,1,67,98,96500
Xiaomi,8,512,4185,48,12,6.94,120,1,10,84,89500
Honor,4,512,5689,64,20,6.5,90,0,10,56,66000
Nothing,12,512,5992,200,32,6.27,165,1,240,92,116500
Honor,6,256,6449,48,32,6.19,120,1,25,30,53000
Google,6,128,6300,64,16,6.21,165,1,33,66,77500
OnePlus,12,128,6984,108,20,6.58,144,1,10,30,76000
Realme,8,512,7171,108,16,6.97,120,1,33,38,78500
Redmi,12,64,5145,50,20,6.89,144,0,120,48,74000
Honor,16,128,6370,50,8,6.93,120,0,150,62,75000
Honor,4,128,7480,108,32,6.18,90,1,18,69,73500
Realme,8,128,6051,50,16,6.92,120,1,240,43,64500
Google,8,128,5457,50,20,6.79,90,1,25,60,67500
Redmi,24,128,7272,50,20,6.8,120,1,80,38,85500
Honor,12,128,4058,200,32,6.62,120,1,33,68,91500
Google,8,256,6251,50,16,6.72,165,1,100,44,83000
Samsung,8,128,5064,48,12,6.25,90,1,67,27,53000
Poco,6,512,4351,48,20,6.16,60,1,80,62,70000
Lava,8,256,5739,32,16,6.41,120,1,150,83,74500
Google,8,256,5564,12,16,6.65,120,0,25,85,77500
Honor,8,128,5956,50,16,6.84,90,1,150,26,57000
Honor,16,128,4486,200,16,6.91,144,0,120,69,87000
Realme,16,256,7162,48,8,6.73,120,1,33,79,87500
iQOO,8,512,7256,32,8,6.83,120,1,67,29,68000
Lava,6,128,6118,48,32,6.52,120,1,33,87,71500
Google,6,64,4327,64,32,6.6,90,1,240,79,79500
Realme,8,256,5871,64,32,6.36,60,1,25,30,48500
Oppo,24,256,5217,50,16,6.81,144,1,33,63,84000
Vivo,8,128,5987,48,16,6.38,120,1,150,34,58500
Poco,8,512,6397,48,16,6.66,120,1,150,69,89000
Redmi,8,256,6472,50,32,6.56,120,1,80,98,91500
Vivo,8,128,4887,48,12,6.47,120,1,240,87,81500
Redmi,6,256,7038,50,12,6.56,120,1,45,45,60500
OnePlus,16,256,4710,108,12,6.84,60,0,67,52,80500
Poco,6,256,6295,50,12,6.48,90,1,45,35,56000
Infinix,6,512,7048,108,16,6.34,90,1,33,93,94500
Xiaomi,8,128,6217,48,20,6.57,144,1,80,54,68000
OnePlus,4,128,4687,200,16,6.64,120,1,80,88,80500
Xiaomi,24,256,5632,16,16,6.81,144,1,33,32,78000
Infinix,6,256,5709,32,16,6.55,60,1,18,77,63000
OnePlus,16,128,4394,50,12,6.16,120,1,25,94,95500
Honor,8,512,4528,50,20,6.9,120,1,67,75,82500
Google,6,128,4719,200,12,6.51,60,1,25,28,59500
Realme,12,512,6653,50,8,6.64,60,0,25,92,95500
Samsung,8,256,4390,50,12,6.83,120,1,67,47,76500
Google,8,64,5961,64,12,6.78,120,1,150,76,76500
Nothing,16,256,5698,50,12,6.67,120,1,120,93,103500
Tecno,4,64,5563,108,32,6.84,90,1,120,96,72000
Realme,12,256,5630,48,16,6.74,120,0,25,73,70000
Infinix,8,256,5961,50,16,6.15,120,1,25,78,81000
iQOO,12,64,6690,50,32,6.32,90,1,120,77,75500
Tecno,6,256,4264,50,16,6.4,120,1,80,31,56500
Nothing,24,128,6525,48,12,6.57,165,1,240,70,103500
Lava,12,512,5600,48,16,6.55,120,1,240,71,92000
Xiaomi,8,256,6138,50,16,6.7,120,0,25,57,74000
Oppo,12,256,6783,12,16,6.52,144,0,18,61,78500
Vivo,8,128,4644,50,32,6.46,120,1,80,97,85000
Xiaomi,12,512,5520,48,50,6.77,90,1,150,57,87000
Poco,4,512,5117,108,16,6.89,60,1,18,74,76500
Poco,16,1024,6532,50,16,6.53,120,1,100,61,106000
Realme,8,1024,7449,108,12,6.7,120,0,18,31,85000
Apple,8,256,6002,108,32,6.48,120,1,67,64,95000
Apple,12,256,5467,64,12,6.14,165,1,25,83,106500
Samsung,8,256,7311,48,20,6.52,120,1,150,92,101000
Lava,4,512,5988,50,12,6.59,144,1,25,97,90000
Realme,12,512,4721,48,12,6.42,120,1,67,91,103000
Tecno,4,256,4573,50,12,6.2,60,1,120,72,57000
Oppo,8,256,4055,50,12,6.68,120,1,120,66,72500
iQOO,6,256,5754,48,12,6.41,120,1,25,85,77000
Infinix,4,256,7263,64,32,6.9,120,0,33,85,76000
Infinix,16,256,7015,50,16,6.86,60,1,100,60,70000
Motorola,8,256,5475,50,16,6.86,60,1,240,52,70500
Lava,12,128,6384,200,20,6.22,165,1,25,96,87500
Tecno,12,128,4568,108,16,6.19,60,1,240,76,78500
Google,6,128,4511,50,32,6.84,120,1,25,34,59000
Vivo,16,128,5128,50,8,7.0,120,1,18,40,61000
Redmi,8,256,7354,50,16,6.62,120,1,120,83,86500
Realme,8,256,5137,50,32,6.99,120,1,33,74,77500
Tecno,12,256,4123,108,12,6.3,90,1,25,61,73000
iQOO,12,256,5937,48,16,6.51,120,1,33,25,62500
Google,6,128,4586,48,20,6.86,60,0,18,75,71500
Realme,8,128,6643,108,12,6.44,120,1,10,83,83000
Honor,8,256,6157,32,12,6.44,120,1,67,26,52500
Poco,12,256,7361,50,32,6.15,90,1,240,58,77500
Infinix,6,256,6750,50,16,6.55,120,1,45,94,79500
Lava,16,128,6268,200,20,6.65,60,0,33,83,81000
Tecno,12,64,4862,50,32,6.14,120,1,240,44,55000
Oppo,6,256,7259,50,32,6.15,120,1,150,75,77000
OnePlus,4,256,6524,32,8,6.24,120,1,10,74,77500
Google,24,128,7195,48,16,6.52,60,1,18,76,99500
Tecno,8,128,6258,48,8,6.59,120,0,240,73,77500
Redmi,8,256,4784,50,12,6.58,120,1,10,46,63000
Apple,6,128,7042,50,16,6.41,60,1,67,75,85000
Poco,16,256,5492,50,32,6.48,120,1,45,25,66000
iQOO,12,128,7096,50,8,6.47,90,1,67,63,81500
Samsung,12,512,5864,200,32,6.85,120,1,45,72,104000
Redmi,16,128,5512,48,20,6.34,120,1,120,97,91500
Nothing,12,128,6439,50,8,6.31,120,0,18,74,73500
Nothing,8,256,6069,50,12,6.96,90,1,25,32,61000
Nothing,12,64,6389,48,32,6.24,165,1,67,26,51500
Tecno,6,256,7381,50,16,6.51,165,0,45,56,69500
Tecno,8,1024,6601,50,16,6.9,120,1,80,48,87500
Xiaomi,6,128,5186,48,50,6.48,120,1,80,60,61000
Xiaomi,6,256,4480,32,32,6.44,120,0,150,62,66500
Vivo,12,256,6084,12,32,6.91,120,1,80,72,87000
Tecno,8,256,5330,108,32,6.97,144,1,18,27,58500
OnePlus,8,128,5984,12,12,6.27,90,1,25,73,76000
Google,12,512,6265,200,12,6.48,120,1,80,32,90500
Tecno,4,128,5892,108,32,6.62,120,1,120,61,67000
Lava,8,512,7155,50,16,6.29,144,0,45,79,84500
Google,6,512,5119,50,50,6.93,90,1,33,70,80500
Vivo,6,256,7329,48,32,6.2,120,0,240,49,73000
OnePlus,12,128,7071,108,32,6.65,60,1,25,65,87000
OnePlus,12,128,6868,50,16,6.56,144,1,33,37,78000
Poco,4,256,5118,64,16,6.49,60,1,80,67,64500
OnePlus,16,256,4033,64,12,6.8,120,0,10,72,76000
Infinix,8,64,5718,64,16,6.91,120,1,33,62,69500
Redmi,8,512,4024,12,8,6.63,120,1,67,70,78500
Nothing,6,128,4993,12,16,6.57,90,1,120,47,56000
Samsung,8,128,6060,48,32,6.45,120,1,25,98,94500
Xiaomi,6,256,4663,50,12,6.96,120,1,45,97,83500
Tecno,4,512,4548,12,16,6.93,120,1,150,66,72000
Apple,12,256,5415,32,32,7.0,60,0,100,31,78500
Lava,12,256,4049,64,8,6.49,90,1,25,68,72500
Samsung,4,512,6310,50,32,6.55,120,0,150,92,99500
Google,6,256,5428,50,32,6.28,144,1,100,62,80500
Infinix,16,512,5486,50,16,6.15,90,1,150,60,97000
iQOO,16,128,6005,64,8,6.77,120,1,10,37,77500
Tecno,8,128,4587,50,20,6.49,60,0,33,46,46500
Lava,6,256,7455,48,32,6.59,144,1,67,38,63500
Redmi,12,256,5097,12,32,6.89,120,1,33,31,65500
OnePlus,12,256,5381,48,12,6.34,120,1,67,52,79000
Apple,8,256,7134,50,8,6.54,120,0,45,36,85500
Google,6,128,7059,50,12,6.15,90,0,18,81,80500
Infinix,8,256,4052,48,8,6.91,120,1,120,95,78500
Samsung,16,256,4445,50,16,6.32,90,1,120,94,98000
Poco,8,128,4041,50,32,6.82,120,1,150,67,71500
Motorola,8,256,6866,48,16,6.97,120,0,150,39,61500
Realme,12,128,6819,48,32,6.6,120,1,67,52,74500
Nothing,16,512,5246,50,8,6.17,90,1,25,47,67500
Motorola,6,512,6178,50,16,6.94,144,1,67,69,84000
Google,16,256,5142,64,8,6.54,120,1,150,78,95500
iQOO,6,512,6345,64,12,6.84,120,0,80,96,93000
Google,16,256,6757,50,16,6.3,60,0,10,96,98500
OnePlus,8,128,7366,50,16,6.48,90,1,120,79,84500
Nothing,16,128,5460,50,8,6.85,120,1,120,79,84500
Vivo,12,512,7136,50,32,6.75,120,1,100,50,93500
Lava,8,256,7337,108,16,6.2,144,0,25,79,76000
Nothing,8,256,6625,48,16,6.37,144,1,33,75,84500
iQOO,12,256,6373,32,12,6.61,120,1,120,56,78000
Xiaomi,4,128,6312,50,16,6.44,90,1,18,70,61000
Infinix,8,256,6512,48,16,6.93,90,1,100,36,59500
Nothing,12,256,5887,12,16,6.74,90,1,100,59,77500
Google,8,512,4564,50,12,6.69,120,1,80,39,80000
Apple,4,64,5541,50,12,6.14,120,1,18,41,72000
Redmi,6,256,4612,50,16,6.75,120,1,80,54,62000
Redmi,6,256,4786,50,16,6.51,120,1,100,91,77500
Tecno,8,256,7166,108,12,6.61,120,1,45,96,93500
OnePlus,8,512,6923,48,20,7.0,120,1,67,43,74000
Lava,8,128,4161,50,16,6.97,120,1,10,43,56000
Google,4,128,5645,32,16,6.26,120,1,10,44,58000
Infinix,6,512,7121,108,8,6.18,120,1,120,87,98000
Nothing,4,64,5369,50,16,6.49,120,1,10,36,52500
Xiaomi,6,256,5905,108,8,6.89,120,1,80,68,82000
Samsung,8,128,4956,50,32,6.42,120,1,150,39,69500
Vivo,8,128,7338,64,8,6.78,90,1,10,40,69500
iQOO,8,256,6777,12,32,6.72,120,1,10,45,69000
iQOO,16,512,6233,50,20,6.23,60,1,150,74,98000
Apple,12,256,5558,50,16,6.13,120,1,10,97,117000
Vivo,4,512,5660,50,12,6.32,165,1,33,61,80000
Apple,12,64,4869,50,16,6.24,120,1,18,62,87000
Infinix,16,512,7430,50,16,6.91,144,1,45,89,105000
OnePlus,8,512,6534,48,16,6.52,120,0,120,76,86000
iQOO,6,128,5009,50,12,6.46,60,1,80,31,42500
OnePlus,6,256,5972,200,12,6.25,120,1,10,92,93500
Lava,8,256,6772,50,8,6.65,165,1,33,72,76000
Redmi,16,128,5203,50,32,6.24,60,0,150,89,83500
iQOO,8,128,6973,108,16,6.92,120,1,45,37,62500
Xiaomi,8,128,5299,32,50,6.78,120,0,67,31,52500
Infinix,16,512,7132,108,16,6.27,120,1,67,88,106500
Samsung,6,256,5007,32,12,6.31,90,1,18,35,68500
OnePlus,16,128,4444,50,32,6.51,120,1,150,44,81000
Xiaomi,8,256,6709,50,32,6.98,120,1,33,57,78000
OnePlus,8,128,6835,16,20,6.8,144,1,45,99,96000
Oppo,16,512,4640,50,8,6.23,120,1,18,39,82500
Honor,8,256,4093,50,16,6.32,120,0,150,78,79000
Oppo,8,128,4445,108,16,6.96,60,1,67,85,84500
Nothing,6,256,7465,64,20,6.38,120,1,67,74,88000
Xiaomi,12,128,5637,50,16,6.74,60,1,80,31,57500
Vivo,12,256,4853,32,12,6.47,90,1,100,72,78000
Motorola,4,64,6940,48,16,6.71,120,0,120,92,68000
Realme,8,128,5143,64,16,6.32,120,0,18,29,45000
Vivo,16,512,7092,50,16,6.35,120,0,33,50,80000
Motorola,16,512,6250,16,16,6.82,120,1,120,37,83000
Lava,12,512,7270,50,12,6.67,120,1,67,91,90500
Oppo,12,512,4654,200,20,6.19,120,1,100,37,86000
Poco,8,256,6135,200,32,6.55,120,1,67,93,90000
Honor,8,128,6327,64,32,6.46,144,1,45,80,79500
Lava,8,128,5609,50,16,6.63,120,0,18,57,54500
Xiaomi,16,256,6524,50,12,6.5,120,1,100,73,81000
Redmi,12,512,7105,108,32,6.29,90,1,45,63,92000
iQOO,12,512,6408,50,12,6.4,60,1,18,32,64000
Motorola,12,512,5205,48,8,6.13,120,1,240,86,102500
Google,8,128,4129,50,8,6.33,60,1,18,44,51500
Google,4,256,4183,50,12,6.58,165,1,67,56,66500
Samsung,12,256,5662,50,16,6.12,120,1,18,36,72500
Tecno,8,256,4704,50,8,6.11,165,1,18,81,80000
iQOO,8,128,7306,50,16,6.73,60,1,80,60,75000
Samsung,6,128,6816,48,8,6.97,120,1,120,39,62000
Lava,12,128,6438,50,16,6.87,60,1,18,92,79000
Infinix,12,256,6095,48,12,6.36,120,1,67,42,60000
Tecno,16,256,5033,16,32,6.25,120,0,33,85,88000
iQOO,12,256,6595,50,32,6.6,144,1,33,70,82500
Motorola,8,256,4749,64,8,6.54,120,0,80,92,84000
Realme,8,128,5072,16,16,6.33,60,1,240,94,79000
Infinix,8,512,4048,50,32,6.74,165,1,18,75,83500
Apple,4,128,5284,50,32,6.92,120,1,100,79,86000
Tecno,8,1024,5002,16,32,6.55,120,1,18,38,76500
Motorola,8,128,6072,50,8,6.4,120,0,150,84,79000
Xiaomi,12,512,4410,50,32,6.92,90,1,10,61,84500
Poco,6,512,6664,64,8,6.59,144,1,10,67,79000
Nothing,8,512,7030,48,32,6.17,120,1,45,42,73000
Poco,24,256,4343,12,16,6.32,90,1,80,27,74000
Realme,4,256,5020,200,32,6.21,120,1,25,68,76500
Lava,8,256,6519,108,16,6.76,120,1,120,100,99000
Honor,8,512,6719,50,16,6.39,60,1,120,67,78000
Nothing,12,256,4655,48,32,6.41,144,0,18,31,63000
Samsung,4,64,6808,50,12,6.75,144,1,25,94,83500
Tecno,6,512,6752,16,12,6.95,120,1,150,43,69500
OnePlus,12,128,4065,200,16,6.69,144,1,240,36,84000
Apple,6,64,5474,50,12,6.44,120,1,45,69,81000
Realme,8,128,4411,32,32,6.93,120,0,100,96,81500
Oppo,12,1024,6617,48,8,6.48,120,1,18,92,116500
Oppo,16,64,7212,16,32,6.99,144,1,67,49,78000
Redmi,6,512,6105,16,20,6.29,120,1,150,75,82500
Honor,16,128,4282,48,16,6.13,120,1,240,47,74000
Google,8,64,6539,48,16,6.13,120,1,120,33,65000
Infinix,8,512,5346,64,32,6.43,120,1,67,97,91000
Samsung,8,128,5563,108,32,6.75,120,1,25,29,67000
Lava,16,512,4918,50,50,6.15,120,1,150,96,101500
Lava,8,128,5890,50,32,6.3,90,1,67,46,56500
Vivo,6,128,4988,200,12,6.88,120,1,18,40,60500
Vivo,12,256,4663,50,8,6.85,60,1,150,62,73000
iQOO,8,256,7277,50,16,6.41,60,1,67,85,77000
Redmi,6,1024,4244,50,16,6.23,120,0,10,98,95000
Google,6,1024,5279,64,12,6.87,120,1,10,95,114000
Vivo,12,1024,6770,50,16,6.72,120,1,18,86,115500
Vivo,4,128,6681,50,16,6.8,120,1,33,57,65500
Oppo,8,512,6163,32,50,6.44,120,1,25,76,89000
Xiaomi,16,512,5747,64,32,6.66,90,1,33,95,102500
Infinix,6,256,6527,50,16,6.13,120,0,25,88,70500
Tecno,6,128,6829,64,20,6.83,144,1,100,66,68000
Google,12,256,5101,50,12,6.14,60,1,80,89,91500
iQOO,12,256,4379,48,50,6.26,165,1,33,62,81000
Redmi,8,512,4268,50,16,6.82,90,1,150,65,83000
Samsung,16,1024,5295,108,12,6.99,120,1,120,57,113500
Honor,16,256,7346,50,32,6.2,60,0,240,66,82000
Xiaomi,6,512,4470,108,8,6.34,60,1,150,30,62500
Tecno,6,128,5660,50,16,6.18,120,1,67,72,64500
Oppo,4,128,7469,50,32,6.26,120,1,33,27,55500
Poco,12,128,7074,48,8,6.41,120,1,120,83,85000
Poco,24,256,6637,108,16,6.53,120,0,150,38,80500
Nothing,6,256,4939,108,16,6.66,120,1,150,54,70000
Honor,8,256,6105,48,20,6.1,120,1,80,98,87500
Samsung,8,512,7240,48,50,6.67,120,1,120,31,76500
Realme,8,256,7174,64,32,6.44,120,1,33,81,75500
Apple,12,256,5073,50,20,6.53,90,0,240,71,108000
OnePlus,8,512,5153,50,16,6.51,120,1,45,79,98000
Infinix,6,128,5664,64,8,6.4,60,1,33,70,62000
Lava,6,256,5359,50,20,6.24,165,1,150,28,56500
iQOO,12,256,5708,48,16,6.44,120,0,18,64,71000
Tecno,16,512,6848,108,16,6.38,120,1,10,72,96500
Redmi,8,256,5675,48,20,6.77,144,1,120,27,61500
Lava,6,512,7206,50,20,6.88,120,1,150,51,77000
iQOO,12,256,5814,200,32,6.73,90,0,45,39,77500
Tecno,8,512,4136,50,20,6.34,60,1,10,87,78000
Vivo,8,64,6729,108,8,6.85,120,1,120,54,69000
Honor,12,256,6288,50,32,6.83,120,1,80,68,76500
Realme,12,256,5012,108,12,6.56,120,1,25,81,80500
Motorola,8,128,4431,48,8,6.46,120,1,25,99,83500
Motorola,8,128,4038,32,20,6.48,90,1,67,88,80000
Honor,8,512,6007,48,16,6.47,90,1,18,87,93000
Xiaomi,12,1024,5430,200,16,6.48,60,1,120,30,92000
Realme,4,256,4981,48,16,6.59,120,1,240,56,71000
Vivo,6,256,6327,48,16,6.61,120,1,100,70,74500
Honor,12,512,6583,50,32,6.85,144,1,18,45,86500
Motorola,16,128,4602,108,16,6.68,120,1,100,46,72500
Honor,16,128,5490,12,32,6.76,120,1,100,67,86500
Poco,12,256,5770,48,8,6.11,120,1,120,38,72000
Realme,6,128,4919,50,16,6.96,120,1,25,90,74500
Redmi,16,128,4557,50,16,6.63,120,1,150,46,74500
Poco,8,128,6396,64,50,6.82,60,1,45,71,74000
Xiaomi,6,512,4630,50,32,6.89,165,0,25,56,76000
Google,8,128,4351,200,8,6.9,120,1,80,80,88500
Oppo,12,128,5226,48,12,6.61,120,0,67,47,66500
Xiaomi,8,256,7186,50,16,6.82,144,1,240,64,97000
Tecno,8,128,7451,64,8,6.7,120,0,45,98,87500
Lava,8,64,5374,50,20,6.52,120,1,25,46,50000
Poco,12,128,5562,50,16,6.88,120,1,100,64,77500
Redmi,6,256,5652,48,16,6.28,120,0,150,69,77500
Infinix,16,512,5314,50,20,6.59,90,0,10,32,68500
Nothing,16,1024,5947,50,16,6.41,90,1,150,96,135000
OnePlus,4,256,4884,16,12,6.69,60,1,10,73,72500
Tecno,6,128,5216,200,16,6.46,120,0,150,44,62000
Motorola,6,64,4780,12,32,6.61,120,1,25,46,51000
Apple,16,128,6030,48,16,6.41,60,0,67,40,77000
Nothing,12,256,4727,50,16,6.38,120,0,150,85,85000
Infinix,6,256,7480,48,8,6.77,60,1,33,92,78000
OnePlus,8,256,4063,12,32,6.17,120,1,80,95,82500
Oppo,4,512,5510,50,16,6.59,60,1,80,75,83000
Honor,8,128,6092,108,20,6.17,120,1,150,93,85500
Tecno,24,256,5258,48,8,6.21,120,1,18,74,83000
Oppo,8,256,7332,48,20,6.77,120,1,10,70,79000
Samsung,6,256,6839,12,16,6.4,120,0,25,98,81000
Samsung,12,256,4696,108,8,6.2,90,1,45,30,74500
Samsung,8,128,4547,64,16,6.67,60,0,18,73,78500
iQOO,6,256,7012,48,16,6.11,144,0,33,40,49500
iQOO,8,128,4579,48,32,6.64,60,1,10,58,59500
Apple,16,512,6261,50,16,6.83,120,0,10,72,116000
Lava,6,256,4177,32,20,6.42,120,1,150,71,71500
OnePlus,12,1024,5783,64,32,6.77,90,1,67,30,93500
Xiaomi,12,512,6772,50,50,6.69,165,1,150,28,85500
Infinix,8,512,6344,50,12,6.47,120,1,18,80,82000
Xiaomi,4,128,6739,64,8,6.28,120,1,18,88,73500
Google,6,512,4228,108,16,6.12,90,1,18,34,67500
OnePlus,8,128,6202,50,8,6.78,120,1,120,96,97000
Xiaomi,8,256,6857,32,12,6.56,90,1,120,45,74500
Nothing,4,256,7012,50,16,6.78,144,1,150,38,56000
Honor,24,128,5920,50,32,6.95,90,1,80,37,72000
Motorola,8,64,4874,200,16,6.89,120,1,33,82,80000
Poco,16,128,5750,50,8,6.92,120,1,18,54,73000
Vivo,6,512,5493,64,12,6.45,165,1,150,56,92000
OnePlus,16,128,5579,64,20,6.33,120,1,25,70,92000
Honor,4,1024,4577,50,16,6.23,120,1,33,95,102000
Motorola,24,512,4549,108,16,6.4,120,1,10,83,109500
Apple,8,256,6477,50,8,6.88,120,1,33,77,97000
Vivo,24,128,4154,50,32,6.98,120,1,10,34,66000
Nothing,12,256,7262,48,20,6.95,90,1,45,38,78000
Apple,8,1024,5911,50,16,6.51,144,1,100,82,122500
Tecno,12,256,5658,64,12,6.57,120,1,150,31,61000
OnePlus,8,256,5666,48,32,6.18,90,0,67,77,83000
Apple,12,256,6338,48,16,6.94,120,1,150,58,94500
Oppo,8,256,6360,200,8,6.48,165,0,33,87,84000
Honor,12,128,7472,50,16,6.5,90,1,67,49,68500
Poco,12,128,4921,50,12,6.37,120,1,240,94,95000
Motorola,6,128,5743,48,12,6.48,120,1,18,96,75500
OnePlus,16,128,5276,50,16,6.25,120,1,67,61,88000
iQOO,12,64,6254,48,32,6.24,120,0,240,100,93000
Tecno,16,256,7226,48,16,6.4,120,1,10,69,83500
Samsung,16,512,5834,64,16,6.76,144,1,150,55,100500
Lava,8,128,7191,50,12,6.88,120,1,80,42,58000
Poco,8,256,5841,50,12,6.17,90,1,10,93,79500
Nothing,4,256,7266,64,16,6.99,120,0,100,47,72500
Poco,12,512,5406,200,16,6.87,120,1,25,59,84000
Redmi,8,256,7114,32,16,6.64,120,1,67,71,78000
Realme,12,1024,5523,50,8,6.48,90,1,120,50,84000
Google,12,128,7196,50,12,6.56,90,1,240,84,102500
Xiaomi,4,128,5127,48,16,6.87,120,1,10,60,65500
Vivo,8,512,6715,108,8,6.33,90,1,120,72,97000
Apple,8,128,4820,12,16,6.75,120,1,240,74,99000
Samsung,24,128,4402,48,12,6.1,120,1,10,73,86500
Poco,4,64,5344,64,32,6.58,144,0,150,84,67000
Realme,4,256,6661,50,32,6.61,90,1,18,72,66500
Realme,4,128,4422,48,16,6.39,120,1,45,79,62500
Realme,6,256,4349,200,16,6.91,90,1,67,33,63000
Realme,4,256,4313,108,16,6.77,165,1,18,28,56000
Infinix,8,512,4440,50,16,6.45,90,1,67,70,69000
Infinix,8,256,5252,50,12,6.53,90,0,67,40,53500
Tecno,8,256,4740,48,20,6.81,120,1,100,72,74500
Honor,16,512,5524,12,20,6.15,120,1,150,25,75500
Realme,12,256,7004,200,32,6.91,165,1,240,39,78000
Honor,4,128,5629,50,32,6.27,144,1,25,74,61000
Honor,12,128,4362,50,16,6.65,120,1,150,94,93000
Samsung,16,64,4715,50,32,6.49,120,1,100,98,101500
Redmi,12,256,6809,108,32,6.94,120,1,67,71,92500
Google,8,128,4093,108,16,6.65,120,1,45,43,61500
iQOO,8,256,5365,108,16,6.71,120,1,100,69,89000
iQOO,8,1024,7161,32,20,6.53,120,0,45,57,89500
Vivo,8,128,4515,48,12,6.15,120,1,67,39,59000
Lava,16,512,7453,50,20,6.21,60,1,100,91,101000
Apple,4,128,4692,48,12,6.48,120,1,120,56,77500
Xiaomi,8,512,5848,50,32,6.42,120,1,120,46,74500
OnePlus,12,1024,6593,50,16,6.21,165,1,25,29,99500
Google,6,128,4529,48,50,6.89,120,1,150,40,67000
Xiaomi,8,512,4642,48,16,6.41,90,1,45,78,90500
OnePlus,16,1024,5578,64,32,6.36,120,1,240,71,117500
Redmi,8,128,7022,48,16,6.57,165,1,240,73,82000
Poco,12,256,5160,108,20,6.88,90,1,150,57,82500
Oppo,4,128,5222,48,12,6.99,120,1,33,96,82000
Apple,8,256,4028,64,16,6.65,120,1,120,25,70500
Vivo,6,256,5590,12,16,6.9,144,1,10,80,79500
Lava,12,256,5310,50,12,6.19,90,1,18,57,62000
Poco,8,128,7274,50,12,6.84,60,1,10,65,68000
Tecno,4,512,4356,48,32,6.14,120,1,33,87,82000
Xiaomi,12,128,5367,50,8,6.6,90,1,100,97,84500
Lava,8,1024,7044,50,16,6.97,120,1,150,70,102500
Xiaomi,12,256,6632,48,16,6.62,120,1,80,64,82000
Realme,6,128,5356,48,32,6.76,120,1,240,37,61500
Nothing,16,512,6256,32,12,6.36,90,1,10,96,104000
iQOO,8,256,7332,50,12,6.97,120,1,10,78,79500
Honor,8,256,4775,32,20,6.81,120,1,45,46,68500
Apple,8,256,7314,50,32,6.84,90,1,18,38,84000
Honor,6,256,7268,108,16,6.12,120,0,25,29,61500
OnePlus,16,128,6468,48,32,6.78,120,0,10,28,70500
Realme,8,128,6584,200,16,6.23,144,1,80,65,76000
Xiaomi,8,256,4222,50,16,6.22,120,1,100,96,78500
Infinix,12,128,6172,48,12,6.96,90,1,10,40,63500
Redmi,8,256,6083,16,16,6.51,144,1,25,99,79500
Motorola,8,256,7229,64,32,6.11,60,1,45,82,74000
Vivo,16,128,7307,50,8,6.51,120,1,240,84,94000
Samsung,12,512,7196,108,16,6.89,90,1,10,82,100500
Apple,6,128,5702,64,32,6.28,120,1,150,34,75000
Google,12,128,6756,48,50,6.78,144,1,10,28,60000
Samsung,6,256,4026,50,8,6.75,120,1,120,88,80500
Infinix,6,128,4721,50,16,6.88,120,1,80,76,62000
Motorola,8,256,6382,50,20,6.72,90,1,67,56,68500
Samsung,8,256,5012,50,20,6.94,60,1,10,25,60000
Realme,12,256,5084,32,20,6.13,60,0,25,30,48500
Lava,8,128,4222,50,32,6.35,90,1,100,27,50000
Poco,4,128,4166,48,50,6.44,120,1,33,50,57000
iQOO,4,256,6740,200,16,6.23,120,1,18,86,86500
Motorola,6,256,5435,108,16,6.14,90,1,67,86,86500
Redmi,4,512,6110,50,16,6.72,120,1,10,29,62500
Tecno,16,128,5641,50,32,6.87,120,1,100,92,96000
iQOO,4,512,6097,48,32,6.96,165,0,45,25,66500
iQOO,8,256,5025,48,32,6.57,90,1,18,92,84000
Samsung,8,256,6610,108,32,6.95,144,1,80,47,83500
Samsung,6,128,4187,48,8,6.77,144,1,25,79,73500
Tecno,4,256,6950,50,8,6.2,90,1,18,41,53000
Realme,6,512,6394,12,32,6.92,144,1,80,50,75000
Vivo,6,256,4980,50,16,6.58,90,1,10,57,69500
Oppo,12,1024,5453,200,12,6.54,120,1,100,44,107000
Apple,6,128,5155,50,8,6.37,60,1,33,38,76000
Nothing,16,512,4756,50,16,6.47,90,1,10,37,74500
Oppo,8,512,6429,200,32,6.25,144,0,25,30,79500
iQOO,16,256,5959,48,16,6.56,144,1,150,28,80000
Realme,16,256,5777,50,32,6.12,60,0,150,83,83000
Realme,6,256,4256,32,8,6.45,120,1,45,95,73500
Oppo,8,256,6458,48,32,6.59,120,1,10,37,60500
Google,6,256,5492,48,16,6.36,144,1,25,73,78000
Honor,12,256,6922,48,32,6.15,120,1,18,50,67000
Honor,16,256,5428,48,16,6.31,120,1,120,44,74500
Vivo,16,128,4821,50,50,6.83,60,1,120,30,67500
Google,8,256,4466,16,12,6.62,144,1,25,90,85000
Poco,8,128,4282,50,16,6.82,120,1,240,77,80500
OnePlus,8,256,4795,50,12,6.33,120,1,18,94,88000
OnePlus,6,128,4273,50,32,6.15,90,1,33,39,60500
Motorola,12,128,7401,64,16,6.74,120,1,45,53,80000
Samsung,8,128,7115,48,12,6.26,60,1,100,81,68000
Lava,6,512,7488,50,16,6.44,165,1,100,82,85000
Realme,8,512,6655,48,32,6.71,120,1,18,43,73500
Realme,4,64,4332,48,8,6.99,120,1,33,95,71000
Motorola,12,512,7463,50,8,6.11,165,1,150,77,91500
Samsung,12,256,5453,200,16,6.57,144,1,240,77,99500
Tecno,8,512,4507,48,16,6.45,144,1,100,79,89500
Nothing,12,256,4040,48,12,6.48,120,1,80,60,78500
Xiaomi,8,512,6550,50,32,6.33,60,1,45,62,83500
Vivo,8,128,4054,50,16,7.0,90,1,10,89,82000
Oppo,12,64,4810,48,16,6.81,120,1,120,92,84000
Poco,16,128,7035,32,20,6.33,90,1,10,50,66500
OnePlus,12,64,6653,50,20,6.35,90,1,25,58,72000
OnePlus,24,256,5144,200,16,6.66,90,0,45,76,97000
Poco,4,512,5020,50,16,6.79,60,1,25,54,64000
Oppo,8,512,4344,64,12,6.7,90,1,80,26,64500
Vivo,8,128,5854,32,16,6.62,90,1,120,70,80000
Oppo,8,256,4051,50,16,6.89,90,1,240,79,73500
Nothing,12,512,7444,50,12,6.16,144,1,25,55,89000
Lava,8,512,4024,50,8,6.91,120,1,150,56,75500
Apple,16,128,5180,50,20,6.53,120,1,120,54,93000
Apple,6,128,4907,50,16,6.57,60,1,45,48,84000
Realme,8,512,5450,50,16,6.67,120,0,25,59,74000
Lava,8,256,4028,12,50,6.46,144,1,240,89,88000
iQOO,24,128,4356,48,8,6.57,120,1,45,87,97000
Samsung,12,128,7332,50,12,6.12,60,1,80,31,62500
Redmi,8,128,6326,50,16,6.7,60,1,18,91,72000
Apple,16,64,4462,48,20,6.29,60,1,150,71,92500
Oppo,12,512,6865,50,12,6.52,60,1,67,32,74000
Google,12,256,6500,48,12,6.25,60,0,80,26,62500
Vivo,8,256,4348,64,20,6.86,144,1,100,39,66500
Apple,4,256,5993,48,20,6.72,90,1,80,41,90000
Motorola,12,128,4305,64,12,6.79,120,0,25,52,59500
Nothing,8,256,4046,48,32,6.75,60,0,18,91,79000
Google,8,256,7483,48,16,6.73,120,1,240,52,82000
Lava,12,128,5517,50,12,6.31,120,1,150,72,72500
Motorola,8,256,5411,32,12,6.47,90,1,120,69,72500
Apple,6,256,5045,32,8,6.13,165,1,45,67,93000
Google,4,128,4843,108,32,6.84,90,1,150,97,89000
Tecno,4,256,5460,50,20,6.93,90,1,18,69,67000
Tecno,24,512,5010,64,32,6.76,120,1,18,73,100000
Lava,12,256,7049,50,12,6.85,90,1,33,82,87000
Samsung,8,128,5528,48,8,6.95,120,1,25,70,87000
Motorola,12,512,4056,50,32,6.72,90,1,150,68,87000
Realme,6,512,5732,48,8,6.51,120,1,100,51,74500
Google,16,128,4471,12,16,6.32,90,1,45,37,62000
Oppo,12,128,6052,50,20,6.86,90,1,67,64,75000
Motorola,8,1024,6030,108,16,6.7,144,0,67,78,104000
Lava,16,512,6306,50,16,6.73,120,1,25,33,74000
Oppo,12,256,4606,50,8,6.4,90,1,10,47,64000
Xiaomi,12,128,6028,200,32,6.37,90,1,18,55,74000
Redmi,6,64,5481,50,12,6.41,120,1,240,93,87000
Xiaomi,8,256,5676,48,32,6.31,60,0,18,94,73500
Lava,6,256,5183,64,12,6.63,120,1,120,96,76000
Vivo,12,256,5891,64,16,6.86,90,1,150,49,82000
Realme,6,128,6545,48,16,6.46,60,1,100,52,59000
iQOO,8,512,4211,50,32,6.37,60,1,120,82,81000
Apple,8,256,6922,50,16,6.45,60,1,10,39,75000
Honor,16,256,6491,64,8,6.67,120,1,240,35,77500
Samsung,6,128,5243,64,50,6.51,165,1,240,86,98000
Google,6,512,5825,48,16,6.33,165,1,80,31,72500
OnePlus,8,128,6989,32,32,6.25,144,1,150,43,73000
Realme,16,128,4427,200,16,6.68,144,1,10,78,89500
OnePlus,12,256,4487,50,32,6.18,120,1,18,93,81000
Oppo,6,128,5872,50,16,6.56,120,1,25,95,78000
Google,12,256,4071,50,32,6.5,120,1,45,54,72000
Redmi,4,256,7391,48,8,6.62,120,1,25,61,68000
Nothing,8,128,6252,50,12,6.43,120,0,67,40,67500
Oppo,16,128,5318,16,16,6.3,165,1,45,47,74500
Samsung,8,256,6795,48,20,6.82,120,1,80,65,91500
Tecno,8,128,4570,108,16,6.82,90,1,80,37,57500
Oppo,8,256,7204,50,20,6.81,120,1,100,61,75500
Tecno,8,512,6470,50,12,6.74,90,1,80,56,75500
Oppo,6,512,4489,48,12,6.22,120,1,25,84,84500
Honor,4,256,7067,50,16,6.43,120,1,45,77,73000
Apple,6,512,5499,200,32,6.22,60,1,25,75,113000
Google,6,256,7249,108,8,6.87,120,0,80,25,69000
Oppo,16,64,4723,50,12,6.49,120,1,80,51,76500
Google,16,256,5737,50,32,6.64,144,1,67,70,93000
Poco,6,256,7344,48,12,6.23,120,1,100,59,72500
Apple,6,128,6702,48,16,6.4,120,1,240,49,86500
Realme,24,256,7112,48,32,6.84,90,1,25,82,106000
Redmi,16,128,4659,12,12,6.26,120,1,120,83,80000
Nothing,8,128,6850,48,12,6.5,90,1,10,60,59000
Oppo,6,512,5561,50,12,6.45,120,1,33,70,81000
Honor,8,512,6095,64,16,6.89,90,0,240,60,82500
Apple,6,128,5152,50,20,6.33,120,1,33,96,102000
Tecno,8,64,6513,64,16,6.73,120,1,120,36,60500
iQOO,16,128,6642,48,32,7.0,120,1,10,31,74500
Redmi,6,256,5610,108,16,6.2,144,1,80,61,70000
Infinix,8,256,4466,48,16,6.58,120,1,120,25,53500
Infinix,16,128,4090,12,20,6.6,144,1,45,47,62000
Lava,8,128,4919,32,8,6.46,90,1,18,71,57500
OnePlus,8,128,6813,48,12,6.1,165,0,67,70,73000
Tecno,4,256,7335,12,16,6.76,144,1,45,68,72000
Samsung,8,256,7229,50,32,6.12,90,1,25,25,63500
Oppo,12,128,5325,108,50,6.85,60,1,25,98,89500
Motorola,12,256,6140,64,12,6.68,144,1,120,38,70500
Realme,12,256,5339,200,50,6.92,120,1,33,64,83500
Realme,6,512,4334,50,32,6.12,90,1,240,69,82000
Nothing,8,512,5577,108,16,6.14,90,1,18,43,84000
Google,8,256,6768,200,12,6.35,120,1,100,79,101000
Oppo,12,512,4350,50,16,6.55,120,1,120,63,96500
Infinix,24,128,6284,48,12,6.15,120,1,10,38,65500
Oppo,12,64,4973,200,20,6.29,165,1,33,82,88000
Honor,8,1024,6707,50,50,6.32,144,1,33,96,118000
Apple,6,256,4284,48,32,6.7,120,1,10,84,90000
Lava,8,512,4530,108,32,6.21,120,1,10,97,94500
Tecno,4,1024,4306,200,12,6.55,144,1,240,54,100500
Honor,8,512,4079,50,12,6.27,165,1,100,61,82500
Google,16,256,6826,200,8,6.65,144,1,100,96,114500
OnePlus,4,512,4512,50,16,6.64,120,1,67,51,78000
Vivo,8,128,4745,50,12,6.6,120,1,120,98,85500
Google,16,64,4927,50,32,6.53,120,1,120,30,70000
Lava,4,256,5907,50,20,6.82,120,0,150,49,62500
iQOO,8,128,5496,64,16,6.9,90,1,10,98,81000
Samsung,4,256,4481,108,16,6.95,90,0,80,25,64000
Nothing,12,256,4903,50,12,6.46,120,1,100,38,69000
OnePlus,8,128,6392,32,12,6.97,90,0,80,60,70000
Tecno,12,128,7357,108,32,6.75,120,1,80,38,67000
Realme,8,64,7369,200,16,6.99,90,1,25,54,70500
Google,8,512,7382,50,8,6.47,90,1,18,71,93000
Tecno,6,256,6879,108,16,6.76,120,1,67,25,53000
Honor,8,512,4864,64,16,6.48,90,1,240,89,94000
Motorola,4,1024,6113,50,20,6.31,90,1,100,78,101500
Lava,12,256,6535,200,16,6.59,120,1,120,39,74000
Oppo,16,128,7016,50,12,6.92,60,1,67,92,93500
Apple,6,128,6679,50,16,6.28,120,0,25,83,98500
Apple,12,128,6344,48,8,6.31,144,1,33,97,112000
OnePlus,8,256,6699,50,16,6.88,90,1,80,79,89000
iQOO,8,1024,5075,50,16,6.44,90,1,45,95,100000
Xiaomi,16,512,7174,48,8,6.44,120,1,25,54,84500
Realme,4,128,4059,16,16,6.88,120,1,10,81,66500
Infinix,16,128,4915,50,20,6.24,120,1,150,84,87000
iQOO,6,256,7382,48,16,6.56,120,1,67,34,61000
Nothing,12,256,5972,200,12,6.39,60,1,25,36,70500
Apple,16,128,6087,50,12,6.46,60,0,33,92,103500
Apple,8,128,5591,50,12,6.86,120,1,100,31,88500
Vivo,8,128,5052,108,16,7.0,90,1,80,33,56500
iQOO,4,256,6403,32,16,6.93,120,1,80,79,76500
Apple,16,64,7107,64,16,6.28,144,1,45,63,101000
Apple,16,512,6677,108,32,6.44,120,1,33,76,106500
Redmi,6,128,6060,50,32,6.5,90,1,240,80,77500
Poco,8,128,5880,16,8,6.69,120,1,18,31,48000
Apple,6,512,7260,48,12,6.78,120,1,25,90,112500
iQOO,8,128,6465,64,16,6.14,120,1,80,84,72000
Redmi,8,1024,4579,32,20,6.27,120,1,150,31,71500
Redmi,8,256,7328,50,16,6.61,120,1,120,66,76500
Apple,24,64,4956,50,32,6.64,120,1,45,52,104000
OnePlus,8,256,5175,48,8,6.17,90,1,10,36,62500
Honor,12,256,7107,50,16,6.46,144,1,18,56,82000
Oppo,16,128,5082,50,8,6.11,60,1,150,33,63000
Nothing,6,256,4331,200,20,6.71,120,0,150,71,82000
Poco,16,256,6923,48,16,6.74,90,0,25,37,63000
Samsung,8,64,6389,200,12,6.63,90,1,25,49,72000
Xiaomi,12,128,6016,64,20,6.1,90,0,240,32,61000
Poco,24,64,4383,50,50,6.46,90,1,10,99,92500
Redmi,12,128,6534,48,16,6.66,120,1,67,40,65000
Nothing,8,128,5040,50,12,6.24,165,1,80,25,50000
Xiaomi,6,512,4031,32,16,6.72,90,1,150,44,72000
Google,8,128,5739,12,16,6.5,120,1,100,67,80000
Xiaomi,6,64,4964,48,32,6.96,120,1,120,86,71500
Redmi,8,512,4057,50,20,6.59,165,1,25,94,96000
Realme,24,128,5966,64,12,6.86,120,1,25,34,73500
Samsung,8,128,4390,50,16,6.23,144,1,150,34,66500
Realme,12,256,6647,200,8,6.48,120,1,45,95,94000
Vivo,6,256,6420,108,20,6.35,120,1,80,59,76500
Xiaomi,24,512,5524,48,50,6.75,60,1,25,65,101500
OnePlus,6,1024,4437,50,16,6.73,120,0,10,67,87000
Infinix,12,256,4321,12,32,6.52,120,0,33,82,69500
Tecno,16,128,4279,64,8,6.71,120,1,120,65,80500
Tecno,8,512,4553,32,32,6.74,90,1,240,41,69000
Lava,8,512,7462,50,8,6.61,120,1,240,67,84500
Lava,12,128,6772,50,16,6.84,120,1,80,49,72000
Samsung,6,512,5349,50,12,6.69,144,1,80,47,70500
Xiaomi,8,256,6942,108,16,6.99,60,1,150,44,72500
iQOO,8,128,4042,12,12,6.82,120,1,120,60,67500
Xiaomi,12,256,7094,50,12,6.38,120,0,80,54,65500
Lava,8,512,6564,64,20,6.92,144,1,120,91,95500
Samsung,8,256,5310,64,16,6.12,144,1,240,90,89500
Oppo,6,256,6297,48,16,6.6,90,1,120,30,67000
Poco,8,512,5779,50,12,6.77,144,1,45,56,73500
Xiaomi,8,256,5764,50,12,6.59,90,1,150,43,56500
Infinix,24,512,5629,48,16,6.95,120,1,100,86,118500
Tecno,8,128,7347,108,16,6.59,60,1,150,34,56000
Lava,16,512,4926,50,16,6.54,120,1,10,100,95500
Redmi,8,256,4804,16,32,6.55,120,1,100,50,63000
OnePlus,8,512,4520,48,32,6.6,60,1,80,70,82500
Redmi,6,256,7184,50,50,6.61,144,1,80,76,86500
OnePlus,8,128,4971,48,16,6.36,144,1,33,34,57000
Apple,12,256,6834,32,32,6.19,120,1,25,40,87000
Poco,16,128,4801,64,16,6.63,120,1,80,85,82000
Motorola,6,256,6241,48,8,6.71,60,1,67,36,62000
Nothing,12,256,6445,48,32,6.49,120,1,18,32,65000
Google,8,256,7489,50,16,6.49,60,1,80,44,73500
Poco,12,256,5512,50,50,6.79,120,1,80,31,63500
Lava,12,256,5285,108,20,6.64,120,1,33,70,78000
Oppo,8,256,5110,200,16,6.2,120,1,80,70,83500
Motorola,16,128,6360,12,16,6.95,90,1,120,45,61500
Honor,8,128,7191,48,32,6.89,90,1,67,87,86000
Tecno,6,128,5678,50,12,6.3,90,1,45,73,74000
Apple,8,256,4446,50,16,6.51,120,1,33,44,81000
Apple,8,128,4089,48,12,6.61,90,1,33,99,100500
Honor,8,128,5887,50,16,6.3,90,1,45,40,52500
Apple,12,256,4671,48,8,6.93,120,1,18,36,84000
iQOO,8,512,5939,200,8,6.84,120,1,100,73,97000
Samsung,8,512,6267,200,32,6.59,90,1,80,55,93500
Nothing,8,128,6722,50,8,6.24,120,1,45,40,62500
Motorola,16,512,6952,16,16,6.23,120,1,80,28,68500
Realme,12,1024,5681,48,32,6.28,120,1,100,100,118000
Redmi,6,128,4049,200,8,6.22,120,1,120,44,66000
Honor,16,512,7304,50,32,6.14,120,1,240,83,109500
iQOO,12,512,6996,50,20,6.24,60,1,240,82,94000
Nothing,8,512,7416,50,20,6.36,120,1,33,97,94000
Vivo,12,1024,4228,48,50,6.13,165,1,100,100,119000
Nothing,12,512,6332,50,12,6.41,90,1,10,68,85500
Nothing,16,512,5823,16,8,6.15,144,1,120,100,110500
Honor,6,256,7387,32,32,6.21,120,1,18,51,73500
Redmi,6,128,6309,200,8,6.92,60,1,80,70,81500
Honor,24,256,4694,108,12,6.1,90,1,45,59,85500
Apple,8,128,6604,50,16,6.75,90,1,25,54,93500
Redmi,6,256,4219,50,12,6.7,60,1,67,94,76500
OnePlus,16,256,5395,48,16,6.89,90,1,33,50,71000
Tecno,8,128,5999,48,16,6.47,60,1,150,59,60500
Honor,16,256,5342,50,20,6.13,120,1,25,30,66000
Motorola,4,256,4502,200,16,6.54,90,1,100,92,90000
Tecno,8,256,5512,108,32,6.59,60,1,18,39,58500
Redmi,6,256,4695,200,8,6.73,165,1,33,26,59500
Vivo,8,256,6950,108,8,6.71,144,1,120,76,89500
OnePlus,8,128,5971,50,12,6.16,120,1,18,53,63000
Vivo,8,128,6879,50,20,6.4,120,1,150,90,91500
iQOO,24,512,7007,50,16,6.5,144,0,67,100,111000
iQOO,12,512,7243,200,16,6.83,90,0,10,74,94000
Honor,8,512,4598,50,12,6.18,90,1,80,43,58000
OnePlus,8,512,4435,64,16,6.7,144,1,240,75,91500
Oppo,24,128,6869,50,20,6.44,60,1,25,98,102000
Oppo,4,128,6492,50,16,6.69,90,0,120,46,54500
Motorola,8,128,6837,50,32,6.98,120,1,25,74,74000
Google,8,256,5524,16,16,6.89,120,0,67,46,69500
Infinix,12,512,5747,108,32,6.58,120,1,100,96,105500
Xiaomi,24,64,6825,50,20,6.27,120,1,33,71,92500
Tecno,16,256,7345,50,12,6.74,120,1,25,58,83000
Google,4,256,4980,50,20,6.74,120,1,67,52,72000
Poco,8,128,7070,48,16,6.6,90,1,240,100,80000
Google,6,128,7478,50,32,6.75,60,1,33,51,71500
Xiaomi,12,128,4375,50,12,6.39,144,1,120,59,69500
Lava,6,512,4973,50,12,6.12,120,1,67,34,58500
Poco,4,256,6400,64,16,6.41,90,1,67,66,64500
Realme,6,256,7100,48,20,6.63,90,1,67,26,58000
iQOO,8,128,6087,50,12,6.35,120,1,150,73,73000
OnePlus,12,512,4242,32,16,6.5,120,1,67,92,94500
Nothing,4,256,5121,50,16,6.88,120,0,10,30,52500
Realme,16,256,6464,50,8,6.83,90,1,100,56,79000
OnePlus,16,512,6427,12,20,6.21,120,1,25,56,100000
Tecno,6,1024,6351,64,32,6.43,90,1,150,58,92500
Google,12,256,5858,32,16,6.99,120,1,120,78,100500
Lava,24,256,6637,16,32,6.49,90,1,80,76,92000
Redmi,12,256,4193,16,32,6.44,120,1,150,64,77000
Lava,12,128,6802,200,16,6.49,120,1,10,90,88500
Lava,12,128,4640,64,32,6.99,120,1,33,53,66500
Apple,24,256,6671,50,20,6.9,90,1,10,94,127000
Samsung,6,128,4791,48,16,6.94,120,1,18,79,82000
Poco,12,128,4394,50,12,6.43,120,1,45,98,76500
Infinix,6,256,7417,64,16,6.1,60,0,45,87,80500
Poco,16,512,4988,108,16,6.42,120,1,18,57,82000
Redmi,6,256,4869,48,12,6.81,90,1,240,71,76000
Xiaomi,8,128,7278,48,12,6.36,90,1,45,72,74000
Samsung,6,256,5387,200,16,6.16,120,1,18,68,90500
Nothing,16,256,7362,50,16,6.8,144,1,80,43,82000
Apple,8,256,4398,12,20,6.28,120,1,25,26,65000
Poco,12,256,5122,200,8,6.89,144,1,10,95,93500
Apple,8,512,6660,108,32,6.68,60,1,100,42,102000
Apple,4,256,5306,64,12,6.99,144,1,67,62,90000
Honor,24,256,6752,50,32,6.89,60,1,100,78,92000
Nothing,8,512,5530,50,16,6.91,90,1,120,40,81000
Samsung,8,512,4843,48,20,6.31,120,1,240,39,82500
Xiaomi,16,512,6315,50,32,6.52,120,1,25,43,80000
Poco,12,256,4503,12,32,6.51,165,1,18,31,56000
Samsung,8,256,5465,50,16,6.74,144,1,10,84,89000
Motorola,12,512,6527,50,8,6.73,120,1,240,74,94500
iQOO,8,512,5909,48,20,6.99,60,1,18,41,69500
Apple,8,256,6340,64,8,6.22,165,1,80,97,117500
Google,24,128,4357,50,20,6.86,90,0,10,49,84500
Nothing,12,256,6713,50,8,6.86,90,1,33,71,87000
Infinix,16,64,6877,50,32,7.0,120,1,18,69,79500
Tecno,6,128,4012,12,12,6.21,90,1,18,85,73500
Infinix,4,512,6008,50,16,6.97,60,1,33,86,82000
Nothing,6,256,5797,50,32,6.57,120,1,25,67,67500
Tecno,8,64,4185,48,50,6.8,120,1,67,57,64000
Realme,8,256,7170,48,16,6.77,120,1,67,42,70000
Motorola,4,256,4046,200,32,6.74,144,0,100,39,68000
Nothing,8,64,6460,108,12,6.7,90,1,67,87,84000
Apple,16,512,4940,50,16,6.8,165,1,25,93,132500
Poco,6,64,6683,108,20,6.85,90,1,33,30,44000
Tecno,4,128,5277,64,32,6.2,60,1,150,61,55000
Poco,8,512,4436,64,32,6.8,60,0,25,72,71500
Oppo,8,256,4188,50,20,6.66,60,1,67,93,75000
Honor,8,1024,6274,48,20,6.25,120,1,240,47,98500
Motorola,6,256,6236,200,16,6.39,144,1,100,67,75500
Tecno,8,256,5419,48,16,6.26,120,1,120,87,83000
Realme,6,512,4378,48,50,6.98,120,1,120,40,75000
Xiaomi,16,256,6156,48,16,6.5,120,1,33,77,97000
Vivo,4,256,6420,50,16,6.35,120,1,100,61,66500
Nothing,6,128,4703,50,32,6.71,144,1,100,97,82000
Vivo,8,256,5048,64,16,6.52,90,1,120,56,71000
Oppo,16,256,7305,32,16,6.85,144,0,67,31,70000
Lava,6,128,4612,64,16,6.26,90,1,67,94,74000
Realme,6,256,5433,64,16,6.48,120,0,10,98,81500
Samsung,12,128,6501,50,16,6.26,60,1,10,100,92000
Xiaomi,8,128,4250,50,12,6.24,120,1,80,31,55500
Redmi,8,256,4786,50,32,6.56,120,1,150,70,82500
Realme,6,256,7303,64,8,6.99,120,0,18,88,75500
Oppo,12,256,5115,48,12,6.2,120,0,18,89,80000
Infinix,12,512,5478,50,32,6.97,90,1,120,53,90500
Lava,8,512,6425,32,32,6.9,144,1,25,61,73500
Oppo,12,256,5433,108,12,6.78,165,0,67,57,75000
Nothing,8,256,7373,64,16,6.99,120,1,18,80,88500
Tecno,16,256,5004,108,16,6.34,120,1,10,94,98500
Tecno,16,128,4864,50,50,6.92,90,1,25,72,80000
Oppo,8,256,4215,16,32,6.24,90,1,67,86,78500
Honor,8,256,7250,108,50,6.92,120,1,45,38,71500
iQOO,4,512,6195,108,32,6.94,120,1,67,68,87000
Google,8,128,7009,50,16,6.68,120,1,150,45,78500
Google,6,1024,6632,50,32,6.12,120,1,120,39,90000
Realme,6,512,5583,50,16,6.64,144,1,240,82,98000
iQOO,12,128,5273,50,32,6.9,90,1,18,88,82000
Apple,12,64,6371,50,20,6.35,144,0,25,52,78500
Oppo,16,256,4336,108,16,6.72,120,1,10,64,88000
Realme,8,128,4299,108,20,6.86,144,1,10,56,67000
iQOO,6,256,4037,50,16,6.51,90,1,25,79,74000
Apple,6,64,6709,48,16,6.69,165,0,80,75,90500
Tecno,6,256,5744,64,12,6.32,120,1,120,91,82000
Tecno,12,128,5678,50,16,6.82,90,1,120,41,56500
OnePlus,6,128,6539,64,16,6.84,144,1,45,75,72000
Vivo,8,256,4189,50,16,6.12,90,1,100,63,72000
Xiaomi,8,256,4025,200,12,6.28,90,0,80,93,79000
Poco,12,256,6697,50,16,6.42,120,1,10,40,59000
Nothing,12,512,6114,50,20,6.44,90,1,25,73,88000
Lava,16,128,4908,16,12,6.43,165,1,100,31,58000
Motorola,6,512,7008,200,50,6.13,120,1,18,66,87000
Google,8,256,7042,108,32,6.7,60,0,18,85,85000
Nothing,8,64,6672,50,12,6.83,120,1,18,78,78000
Poco,8,128,6215,200,16,6.16,120,1,10,60,73500
Oppo,6,128,4084,48,8,6.99,90,1,45,48,64500
Google,8,512,6095,12,12,6.57,120,1,67,77,93000
Redmi,4,256,4785,64,8,6.28,120,1,150,75,73500
iQOO,4,64,7489,48,50,6.64,120,0,10,46,57500
Samsung,16,128,4213,108,20,6.31,120,0,67,76,85000
Honor,8,512,5084,48,20,6.35,120,1,150,70,80000
iQOO,6,128,5907,50,20,6.68,120,1,10,99,86500
Motorola,12,256,5249,48,20,6.8,120,1,67,38,66500
Poco,16,128,5358,64,12,6.91,144,1,120,33,72500
OnePlus,8,128,6805,108,16,6.49,165,1,18,41,73500
Vivo,12,512,6257,48,16,6.38,144,1,33,82,88500
Apple,4,256,5047,50,16,6.66,90,1,67,41,73000
Apple,6,256,7422,64,12,6.8,120,0,33,70,99000
Motorola,8,512,4437,48,16,6.82,120,1,100,68,82000
Vivo,4,256,6593,50,32,6.5,165,1,80,35,64500
Honor,8,256,5481,200,8,6.95,60,0,150,92,87000
Google,16,256,5453,50,8,6.83,165,1,240,94,107500
Google,12,512,4642,50,16,6.95,144,1,45,96,110500
Honor,8,256,4712,50,12,6.41,120,1,150,77,76500
Poco,8,256,5298,32,12,6.92,165,1,67,43,73000
OnePlus,8,256,6554,50,32,6.27,120,1,10,93,85000
OnePlus,8,128,6430,200,16,6.53,120,1,67,60,76500
Apple,6,512,6148,64,12,6.48,120,1,25,54,90500
Apple,8,1024,5678,12,32,6.49,120,1,33,55,108500
Nothing,24,128,4708,48,16,6.56,120,1,150,77,96000
Honor,6,64,6399,50,16,6.47,144,1,25,83,77500
OnePlus,6,256,5144,48,16,6.51,120,1,67,33,62000
iQOO,8,256,5097,108,16,6.41,90,1,45,67,70500
Realme,24,256,5166,48,12,6.78,60,1,150,41,76500
Redmi,8,256,5877,200,16,6.83,165,1,18,95,91000
Nothing,6,128,4837,50,16,6.48,120,1,150,40,64000
Infinix,8,512,6375,108,50,6.11,144,0,240,83,97000
Redmi,8,512,6658,48,16,6.18,90,1,10,32,57000
Oppo,8,128,7455,48,20,6.86,120,1,67,70,73000
Motorola,8,512,4435,48,12,6.65,90,1,120,79,85000
Nothing,8,256,5625,50,16,6.39,120,1,45,82,83000
Google,12,128,7280,64,16,6.56,120,1,150,82,94500
Samsung,8,256,6761,50,12,6.92,90,1,45,95,101000
Honor,12,256,7368,12,50,6.89,165,0,45,34,65500
Realme,8,256,4804,108,8,6.34,120,1,120,42,65500
Honor,8,512,4871,32,20,6.15,120,1,67,54,76000
Infinix,16,512,4020,50,16,6.71,90,1,100,77,87500
Xiaomi,8,512,4634,50,12,6.71,144,1,120,68,90500
Samsung,8,256,4714,32,12,6.97,144,0,240,60,85000
Infinix,4,1024,7363,50,16,6.97,120,1,18,56,86000
Google,4,128,6461,200,32,6.25,144,1,80,81,95500
Oppo,16,512,7321,48,8,6.6,120,1,18,82,104000
Lava,6,128,7114,64,32,6.8,90,1,80,91,81500
Lava,8,256,4681,50,32,6.48,60,1,80,40,57500
Lava,12,128,6402,50,32,6.58,144,1,45,39,57000
Motorola,12,256,6073,108,16,6.55,120,1,25,95,89500
Vivo,4,128,7402,50,12,6.24,120,0,240,42,68500
Tecno,6,256,4634,64,16,6.24,90,0,150,85,69000
Realme,16,128,7020,50,8,6.42,144,1,33,49,70500
Infinix,6,256,6297,48,20,6.61,120,0,80,60,62000
Motorola,16,256,6551,50,20,6.83,120,0,120,69,81000
Samsung,24,64,4851,48,12,6.17,60,1,25,62,75000
Apple,8,64,4429,108,12,6.8,144,1,33,41,89500
iQOO,16,256,5963,32,8,6.61,120,1,80,32,73000
Tecno,6,128,4698,48,12,6.71,90,1,100,45,47500
Nothing,4,256,6925,50,12,6.27,90,1,150,57,68500
Samsung,6,64,6265,108,20,6.66,120,1,18,98,98000
Google,6,512,6933,108,16,6.72,120,1,120,54,81000
Vivo,8,512,5195,50,32,6.68,120,1,80,56,73500
Oppo,6,1024,7398,200,8,6.57,120,1,67,65,109500
Google,8,128,7438,50,16,6.37,90,1,100,82,87500
OnePlus,12,128,4147,48,16,6.12,60,1,80,85,79000
Motorola,8,256,4475,50,12,6.23,120,1,150,70,84000
iQOO,24,512,5417,50,8,6.39,90,1,18,57,92500
OnePlus,8,512,7127,50,8,6.6,120,1,33,46,87000
Oppo,4,256,5060,108,16,6.75,144,0,67,78,75500
Infinix,16,256,5269,50,32,6.61,120,0,80,90,89000
Xiaomi,6,512,7060,50,16,6.35,120,1,150,78,94500
OnePlus,8,1024,7286,200,16,6.96,120,1,240,61,128500
Infinix,24,512,6708,108,32,6.77,144,1,18,66,99500
Infinix,6,128,7401,64,12,6.97,60,1,67,42,66500
Motorola,8,512,5790,12,20,6.43,144,1,18,42,69000
Infinix,8,128,6811,200,16,6.11,120,1,120,71,75500
Nothing,12,256,6956,108,20,6.17,90,1,10,59,80000
Vivo,12,128,4160,32,12,6.7,120,1,150,86,85000
OnePlus,6,128,7195,64,20,6.82,120,1,25,83,72500
Xiaomi,16,512,7484,48,16,6.29,90,1,25,38,77500
Oppo,24,256,4598,50,16,6.98,120,1,80,49,95500
Apple,8,256,4901,50,12,6.18,60,1,45,87,98500
OnePlus,12,128,4877,48,16,6.28,60,0,80,33,55500
Realme,12,64,6309,64,32,6.49,60,1,33,34,51000
OnePlus,6,128,6371,50,50,6.6,120,1,10,54,68500
Apple,12,512,7310,108,20,6.27,60,0,10,29,90500
iQOO,12,1024,5925,50,16,6.66,120,1,67,100,128000
Realme,12,256,6488,50,16,6.65,120,0,240,81,84500
Honor,6,256,4911,50,32,6.46,90,1,240,47,66000
Nothing,16,256,4643,64,16,6.14,60,1,100,28,58000
Apple,8,256,6483,16,8,6.37,120,1,120,38,90000
OnePlus,8,256,6878,50,12,6.5,90,0,150,51,75500
Nothing,4,128,4310,50,20,6.43,90,1,150,56,58500
Samsung,12,128,5694,108,12,6.36,120,1,150,48,85500
Redmi,16,256,5731,200,12,6.22,144,1,240,98,102500
Samsung,6,512,7188,200,16,6.66,120,0,67,77,101500
Redmi,12,256,4732,48,16,6.37,90,1,150,52,68000
Xiaomi,12,256,4094,48,32,6.8,165,1,100,93,91500
OnePlus,4,128,6806,50,20,6.32,120,0,120,60,60500
Infinix,8,512,6875,48,16,6.92,90,1,18,64,82000
Realme,8,512,6347,64,12,6.98,144,1,33,77,93500
Redmi,12,128,6438,108,16,6.5,120,1,45,99,90000
Realme,12,512,4671,50,32,6.98,120,1,67,33,72000
Apple,12,256,6871,64,50,6.34,120,0,120,55,104000
Samsung,8,256,6245,50,12,6.41,144,1,150,52,84000
Google,4,256,4894,50,8,6.85,60,0,120,47,58500
Tecno,24,128,7145,32,16,6.7,144,1,33,81,89500
OnePlus,16,256,4586,50,8,6.58,165,1,33,94,95500
Oppo,6,128,6156,200,12,6.34,90,1,80,90,83000
Honor,8,128,4692,50,12,6.61,120,1,100,77,75500
Infinix,4,256,5862,50,12,6.93,144,1,33,99,82500
Motorola,12,256,5160,50,50,6.18,90,1,18,86,73000
Redmi,12,128,5525,48,20,6.68,120,1,240,66,68500
Realme,24,512,6263,64,8,6.99,165,1,45,81,110500
Poco,8,128,6461,50,20,6.75,120,1,120,58,68500
Apple,8,256,6159,50,16,6.88,120,1,18,77,100000
Poco,12,128,4094,50,12,6.99,120,1,240,49,66000
Vivo,12,64,6925,48,32,6.56,60,1,100,53,67500
Nothing,12,256,6383,50,50,6.1,120,1,120,82,87000
Vivo,12,128,7196,50,16,6.94,60,1,18,78,83000
Apple,16,512,5460,48,16,6.79,90,1,45,89,124000
Google,4,256,6888,108,32,6.38,90,1,67,95,105000
Honor,8,256,6660,64,12,6.71,90,0,18,88,82500
Nothing,8,256,6868,50,32,6.21,60,1,80,98,91000
iQOO,16,128,6125,200,32,6.88,60,0,120,86,90500
Google,6,256,5978,50,32,6.83,60,1,120,82,76500
Lava,4,256,6463,50,20,6.52,120,1,45,26,49000
OnePlus,8,256,7368,50,16,6.54,120,1,67,83,91000
Tecno,12,512,4961,50,16,6.3,144,0,240,96,99000
Motorola,8,256,5188,64,8,6.4,120,1,67,28,57000
Oppo,8,512,5410,48,8,6.83,120,1,150,33,81500
Motorola,6,128,4807,200,32,6.96,120,1,120,83,88500
Vivo,6,1024,4153,12,16,6.32,60,1,240,85,103500
Xiaomi,12,512,4105,50,32,6.57,144,1,240,25,80000
Lava,16,256,6335,12,12,6.33,90,1,10,27,56500
Google,8,128,4825,50,8,6.4,90,1,25,49,64000
Infinix,6,512,5771,200,16,6.82,120,1,18,63,85000
iQOO,8,128,6221,64,16,6.91,90,1,10,49,67500
Realme,6,256,7235,50,20,6.17,60,0,67,32,62000
iQOO,12,256,6740,48,16,6.55,165,0,33,27,55500
Lava,6,64,6590,50,16,6.27,90,1,18,70,53500
Google,16,128,7190,50,12,6.71,60,1,10,50,82000
Redmi,16,256,5111,48,16,6.12,144,1,150,87,88000
Honor,12,256,7189,64,16,6.75,120,0,33,96,91500
Apple,8,512,5706,64,12,6.86,90,1,33,81,106500
Honor,24,256,4831,48,16,6.98,144,1,45,77,102500
Nothing,12,256,7377,12,12,6.12,90,1,45,33,65000
Vivo,8,128,4235,108,16,6.18,90,1,80,63,68000
Poco,12,128,5758,32,16,6.62,90,1,10,47,52000
Motorola,8,512,6067,108,16,6.6,120,1,150,60,86000
Tecno,8,64,6294,50,16,6.18,90,1,18,76,60500
Apple,8,512,5629,50,12,6.33,120,1,25,56,98000
Motorola,12,1024,7203,32,32,6.77,120,1,25,95,121000
Tecno,24,1024,5652,48,32,6.56,165,0,10,44,101000
Infinix,12,256,4056,108,12,6.72,144,1,18,36,61500
Tecno,8,512,6318,50,8,6.42,165,1,240,40,78500
Vivo,12,256,5969,50,32,6.92,120,1,18,71,85500
Infinix,8,128,6626,50,16,6.94,120,1,240,99,95500
Nothing,8,256,4597,50,16,6.51,90,0,100,42,60500
Redmi,8,512,5252,48,20,6.82,90,1,25,44,72000
OnePlus,8,128,5371,50,16,7.0,120,1,25,43,58500
Apple,24,128,4567,50,12,6.81,120,1,67,73,111500
Poco,6,128,7097,64,8,6.97,120,1,120,54,64000
OnePlus,8,256,4766,50,12,6.13,120,1,18,63,78500
Lava,8,256,5530,50,16,6.65,90,1,25,59,64000
Realme,8,128,4733,50,16,6.99,120,1,18,85,75500
Redmi,16,512,4409,50,16,6.14,165,1,67,83,97000
iQOO,8,512,6880,64,32,6.12,120,1,67,65,84000
Samsung,24,128,6298,50,32,6.72,120,1,100,41,83000
Poco,6,64,7357,48,12,6.63,90,1,18,26,44000
Xiaomi,8,256,7131,50,16,6.37,120,1,150,58,81000
iQOO,12,512,5473,48,32,6.27,120,0,150,36,67500
Lava,16,128,5231,50,32,6.96,60,0,80,100,84500
Xiaomi,12,256,6875,48,8,6.63,120,1,100,66,87500
Xiaomi,4,512,6386,48,16,6.65,120,1,67,93,96000
Apple,4,256,5963,48,16,6.22,144,1,100,68,96000
iQOO,6,128,4763,50,16,6.27,144,1,25,47,55500
Realme,8,128,6807,50,16,6.79,120,1,100,86,75000
Redmi,16,256,7405,12,20,6.75,60,1,45,60,82500
iQOO,4,1024,6632,48,32,6.6,144,1,67,37,87000
Realme,8,512,7119,50,16,6.83,120,1,18,65,87000
Nothing,8,512,6713,50,16,6.7,90,1,120,81,96500
Xiaomi,8,256,5303,50,50,6.57,120,1,33,53,77000
Vivo,6,1024,7104,64,8,6.72,60,1,67,86,106500
Google,16,512,7332,48,16,6.38,120,0,25,29,84500
Realme,16,128,5343,50,16,6.29,90,1,150,70,76500
Lava,12,1024,6124,48,16,6.36,60,0,100,46,70500
Google,16,128,4814,200,16,6.38,90,1,150,79,93500
Xiaomi,8,512,5131,108,8,6.13,60,1,80,90,79000
Infinix,16,128,4338,50,8,6.62,165,1,67,89,84000
Motorola,6,256,5821,50,16,6.34,144,1,80,35,67500
Xiaomi,12,128,4914,12,16,6.13,120,1,45,70,66500
Xiaomi,8,128,6689,50,12,6.85,165,1,240,35,67000
Realme,12,512,4407,64,32,6.62,60,1,33,87,89000
Poco,24,256,4343,50,16,6.56,120,1,33,73,85000
Samsung,16,128,5475,16,32,6.19,144,1,120,79,98000
Motorola,4,128,7087,64,20,6.87,90,1,150,95,83500
Xiaomi,6,128,6429,48,32,6.87,120,1,33,84,81500
Google,8,256,6432,50,32,6.35,144,1,18,76,89000
Redmi,16,256,6155,50,16,6.82,120,1,150,72,88000
Google,8,64,7006,50,12,6.19,120,1,18,45,71500
Motorola,8,128,7473,200,32,6.71,120,1,240,62,92500
Tecno,12,128,4765,108,16,6.19,120,1,45,70,73000
iQOO,8,64,4735,50,12,6.61,120,1,120,56,69000
Motorola,8,128,7217,108,12,6.57,144,0,120,62,77500
Apple,6,256,5888,48,50,6.3,90,1,150,100,115000
Motorola,4,512,6235,50,16,6.12,144,1,120,66,83500
Google,8,512,6858,48,16,6.48,120,1,45,100,97000
Google,12,256,6000,50,16,6.99,144,0,33,70,91000
Poco,6,512,4284,200,20,6.87,60,1,80,42,70000
Redmi,12,256,5225,48,32,6.5,120,1,240,100,110000
Redmi,8,512,6799,50,16,6.96,90,1,120,36,76000
Oppo,6,64,6244,200,16,6.18,90,1,45,82,77000
Samsung,6,64,6444,50,8,6.8,120,1,80,27,64000
Motorola,4,256,7381,50,16,6.79,120,1,45,27,60500
Motorola,12,256,4869,50,8,6.81,90,1,100,52,72500
iQOO,24,128,6737,48,8,6.91,120,1,67,95,109000
Apple,8,128,7143,48,16,6.32,120,0,67,50,90000
Tecno,6,256,5607,48,12,6.15,120,1,45,60,66000
Google,12,256,6803,50,8,6.65,120,1,240,64,96000
Lava,12,128,6710,48,16,6.18,120,1,100,87,86000
Oppo,12,64,5231,50,16,6.9,60,1,67,56,75500
Redmi,4,1024,7226,48,8,6.97,90,1,100,65,91500
iQOO,8,1024,5690,50,20,6.97,120,1,80,68,101000
Apple,8,512,6890,50,8,6.95,120,1,120,57,106000
Poco,8,256,5634,50,12,6.93,120,0,33,88,74500
Motorola,12,512,7101,50,20,6.48,144,0,80,67,81500
Nothing,12,512,6889,50,12,6.44,165,1,120,88,112500
Realme,8,512,6005,32,16,6.54,120,1,18,47,70500
OnePlus,4,512,5774,48,32,6.72,144,1,18,62,87000
Lava,24,512,5105,50,12,6.9,90,0,67,46,76500
OnePlus,6,128,7241,200,16,6.82,144,1,18,54,81000
Oppo,6,512,4477,108,8,6.1,120,1,240,87,94500
Tecno,4,128,6812,48,8,6.68,165,1,80,52,70500
Samsung,6,256,5361,48,32,6.93,120,1,240,47,74000
Infinix,6,256,6483,48,16,6.18,120,0,120,53,65000
Poco,12,256,6193,48,16,6.93,144,1,67,98,95000
Redmi,8,512,4191,108,12,6.17,120,1,240,40,73000
Apple,12,128,4223,50,32,6.96,144,1,67,27,81000
Motorola,12,256,5932,50,16,6.64,120,0,150,73,86500
iQOO,8,512,5985,50,20,6.73,120,1,80,61,82000
Motorola,16,128,6557,64,12,6.94,90,0,100,50,77500
Nothing,8,512,5319,48,32,6.44,120,1,80,25,70000
Motorola,16,128,4783,50,16,6.14,144,1,33,35,54000
Infinix,6,256,6916,50,8,6.92,120,1,240,48,70000
Samsung,12,256,4592,50,32,6.43,120,1,45,90,99000
Infinix,8,128,5464,50,16,6.64,144,1,80,51,63500
Tecno,6,256,5764,200,32,6.59,120,1,240,76,93500
Nothing,12,128,5173,48,8,6.75,144,1,18,78,90000
Xiaomi,8,256,6416,50,12,6.17,120,1,67,81,80000
Xiaomi,12,512,5424,48,50,6.59,90,1,100,76,96500
Tecno,4,256,6608,64,12,6.17,165,1,10,78,78000
Poco,8,128,6857,64,32,6.56,90,1,67,92,85500
OnePlus,8,256,6258,48,20,6.44,90,1,240,29,65500
Redmi,16,512,6125,48,16,6.27,144,1,33,89,94000
Apple,12,128,6621,48,50,6.48,120,1,150,91,110500
OnePlus,6,512,6043,50,16,6.35,120,1,100,52,77500
Vivo,4,1024,7359,108,20,6.74,120,1,240,81,114500
Poco,4,64,7004,200,20,6.13,165,1,67,69,73000
Apple,8,512,4504,50,16,6.99,144,1,150,77,115000
Vivo,6,128,5640,48,8,6.79,60,1,18,41,57500
Honor,8,256,5474,50,50,6.19,120,1,120,27,53000
Xiaomi,8,512,4161,108,16,6.65,90,1,150,80,83000
Apple,12,128,6277,48,12,6.44,120,1,67,34,76500
Motorola,8,256,5708,32,8,6.12,120,1,25,75,77500
Lava,8,256,6590,50,16,6.43,144,1,240,25,59500
Xiaomi,12,128,6062,200,8,6.41,120,1,67,51,75000
Apple,8,512,5403,12,16,6.28,60,1,120,100,120000
Apple,8,256,5524,48,32,6.83,120,1,120,29,89500
Oppo,4,256,7095,48,12,6.7,120,1,33,49,63000
Infinix,12,128,6209,48,8,6.16,90,0,80,50,62000
Oppo,12,256,4804,108,16,6.25,90,0,18,42,63500
Infinix,12,256,4460,64,16,6.18,165,1,18,100,83500
Oppo,8,256,4335,64,8,6.28,120,1,18,48,63500
Realme,8,512,7259,32,32,6.66,120,1,150,50,79000
Google,8,128,5231,48,32,6.85,120,1,120,88,87000
Lava,12,128,4923,48,16,6.88,120,1,18,93,90000
Honor,8,512,4767,32,16,6.98,60,1,10,51,68500
iQOO,8,512,6164,48,12,6.12,120,0,10,94,88000
Redmi,4,512,6996,50,8,6.5,120,1,45,78,79500
Xiaomi,8,128,7207,32,12,6.26,120,1,120,48,60500
Xiaomi,12,256,4451,50,16,6.83,165,1,25,69,80500
Motorola,8,128,6086,50,16,6.48,60,1,150,38,56500
Google,12,256,5615,50,12,6.48,90,0,10,43,64500
Poco,8,256,5874,50,16,6.72,120,1,10,40,52500
Oppo,12,512,4035,50,16,6.27,120,1,120,67,88000
Tecno,4,256,4402,50,12,6.62,120,1,240,57,58000
Honor,8,256,5999,48,32,6.33,90,1,33,42,67500
Poco,8,256,7082,64,16,6.55,120,1,67,69,79000
Honor,6,256,6464,64,16,6.61,165,1,25,92,83000
Xiaomi,6,256,5390,200,16,6.6,120,1,150,57,84000
Vivo,8,128,5110,108,32,6.56,120,0,25,59,69000
Nothing,4,1024,6011,50,16,6.9,144,0,150,95,111500
Poco,6,256,5222,64,16,6.14,120,1,80,90,75000
Lava,24,512,4435,50,16,6.94,60,0,67,25,76000
Nothing,4,512,6310,16,8,6.97,120,1,45,90,91500
Xiaomi,12,128,7300,200,20,6.48,60,1,25,25,67000
Samsung,8,128,4175,50,16,6.93,120,1,80,96,92000
Lava,12,64,6179,108,20,6.27,120,1,45,90,83500
iQOO,16,256,6100,50,8,6.83,120,1,150,79,88500
OnePlus,16,512,7305,108,16,6.11,120,1,33,58,102500
Nothing,12,1024,7111,50,50,6.27,60,1,25,44,89500
Infinix,8,256,4201,48,50,6.41,120,1,150,49,67500
Redmi,8,128,5091,12,16,6.54,60,1,10,88,68500
Realme,8,512,5156,50,20,6.98,60,1,45,84,85500
Oppo,16,128,6716,48,16,6.9,60,1,80,72,80500
Infinix,8,128,6053,48,16,6.84,60,1,120,39,60500
Infinix,6,256,5898,50,32,6.31,144,1,45,34,53500
iQOO,8,1024,4314,50,16,6.72,120,1,150,33,89500
Nothing,4,256,7282,48,50,6.49,120,1,25,42,67000
Honor,12,256,7259,64,16,6.2,120,1,150,98,104500
Google,4,128,5167,108,50,6.25,120,1,240,57,73500
Google,24,256,7158,12,16,6.53,120,1,120,69,97000
Lava,16,512,4149,64,12,6.97,144,0,25,93,95500
Poco,8,256,7126,108,32,6.71,60,1,18,65,77500
iQOO,12,256,4211,50,16,6.75,120,1,18,78,85000
Tecno,16,256,5369,50,8,6.23,120,1,18,28,58500
Realme,16,512,6797,64,50,6.18,90,1,100,60,91000
Oppo,8,256,4070,50,16,6.22,120,1,45,87,81500
Tecno,12,256,6522,108,12,6.43,120,1,10,29,64500
OnePlus,6,128,4531,12,16,6.27,120,1,240,35,64000
Realme,8,256,6085,48,16,6.61,144,1,80,52,74000
Realme,24,256,4721,50,12,6.96,120,1,240,99,117500
Xiaomi,8,128,5447,64,8,6.46,120,1,100,73,74000
Tecno,8,256,4422,32,20,6.32,120,1,100,54,58500
Redmi,12,256,4599,108,20,6.26,120,0,100,77,77000
OnePlus,8,256,5454,50,8,6.17,120,1,25,87,80000
Realme,6,256,4669,50,16,6.27,120,1,100,57,65000
OnePlus,8,256,4196,48,20,6.5,165,0,10,59,72500
Honor,8,512,5013,50,32,6.46,90,1,150,96,94000
Infinix,4,128,6624,50,8,6.56,144,0,10,96,68000
OnePlus,8,128,4505,48,32,6.88,120,1,150,78,89000
Infinix,6,256,5632,48,32,6.39,120,1,67,83,75000
Tecno,8,128,6016,64,16,6.54,120,1,25,74,76500
Nothing,8,256,4868,50,12,6.48,60,0,45,40,44000
Motorola,6,128,4981,200,20,6.34,120,1,67,85,79500
Vivo,4,512,4635,48,32,6.69,165,1,10,67,82500
iQOO,8,256,6653,48,32,6.12,120,1,67,44,71500
Infinix,6,512,4387,48,16,6.7,120,1,18,94,83000
Tecno,6,128,4420,48,16,6.18,144,0,100,73,58000
iQOO,12,128,4344,50,12,6.97,144,1,80,81,81500
OnePlus,6,256,6769,50,16,6.96,120,1,18,34,69000
Redmi,8,64,7148,48,8,6.61,90,1,240,63,71500
Samsung,4,1024,4761,32,32,6.9,120,1,45,48,96500
Poco,8,64,6006,12,12,6.78,60,1,33,64,57000
Realme,8,128,6666,50,12,6.93,60,1,33,66,70000
Redmi,12,256,6165,200,16,6.17,120,1,120,43,83500
Tecno,4,128,4666,50,20,6.52,90,1,45,99,71000
Samsung,16,1024,4567,48,20,6.56,120,1,80,54,104000
Motorola,16,512,4063,50,16,6.23,165,1,80,45,81000
Motorola,6,128,4221,50,20,6.61,144,0,10,35,47500
Realme,8,128,4815,50,16,6.57,120,1,25,76,69000
iQOO,24,128,4812,50,32,6.72,120,1,10,68,94500
Xiaomi,12,256,6562,50,20,6.76,120,1,45,91,90000
Oppo,12,256,4734,12,32,6.56,120,1,120,26,62500
Poco,8,64,7265,50,16,6.38,60,1,67,85,73500
Poco,8,512,4871,50,8,6.51,144,0,240,30,65000
Infinix,8,512,4008,50,8,6.62,90,1,120,49,64500
Poco,12,512,6872,50,32,6.3,120,1,18,66,78500
Nothing,8,256,5208,48,8,6.58,120,1,150,45,68000
Redmi,12,128,4266,50,20,6.75,120,1,150,64,80000
iQOO,12,512,4071,16,8,6.71,120,0,33,82,89500
Google,12,128,4423,64,16,6.6,120,1,18,97,97000
Nothing,8,512,4837,50,8,6.73,120,1,33,89,92000
Samsung,6,512,5435,108,50,6.92,90,0,150,50,87500
Vivo,12,256,5480,48,16,6.26,90,1,25,40,69000
Poco,12,512,7371,50,32,6.45,165,1,10,46,81500
Honor,12,256,4727,50,16,6.45,144,1,150,57,68000
Nothing,8,128,5743,50,12,6.76,120,1,240,68,76000
Google,8,128,7097,48,16,6.74,165,1,120,84,85000
Poco,16,512,7014,50,12,6.79,144,1,18,63,104000
Oppo,8,128,7377,48,16,6.98,120,1,67,75,77000
Infinix,6,256,6222,12,12,6.96,120,0,25,35,48000
Infinix,4,128,5762,50,12,6.41,120,0,240,46,64000
Motorola,6,256,4122,200,16,6.66,144,0,33,85,88500
Redmi,8,128,4809,12,12,6.11,120,1,80,82,64500
Google,8,512,7087,48,8,6.83,120,1,10,97,109500
Honor,4,1024,7239,12,16,6.33,144,0,10,52,79000
Nothing,4,256,7264,12,8,6.8,144,1,240,26,58500
Vivo,8,256,4280,32,16,6.89,120,1,150,28,58000
Redmi,8,256,4929,50,32,6.98,120,1,67,94,86500
Nothing,8,256,4831,48,12,6.34,90,1,67,97,82500
Poco,16,256,7195,108,12,6.68,120,1,100,70,96000
Samsung,8,512,5399,32,12,6.91,60,1,120,30,70000
Redmi,6,256,5363,50,20,6.56,60,1,10,53,52000
Oppo,4,128,5811,108,16,6.15,120,1,240,37,64000
Infinix,12,256,4696,48,32,6.11,144,1,67,71,68000
Tecno,6,512,4976,48,12,6.6,90,1,18,55,67500
Nothing,12,512,5532,48,12,6.96,165,1,80,81,99500
Nothing,4,512,6460,50,8,6.32,60,1,240,90,95000
Samsung,16,256,4715,64,32,6.93,90,1,150,100,108000
Vivo,8,256,5710,64,8,6.32,120,1,120,85,84000
Tecno,8,256,4119,50,16,6.16,120,1,80,27,55000
Apple,8,256,5756,200,16,6.74,120,1,25,50,96500
Oppo,24,256,6093,50,16,6.37,90,1,33,29,84000
Honor,8,256,6901,48,16,6.11,90,1,18,43,66000
iQOO,12,128,4475,64,16,6.68,90,1,67,98,85000
iQOO,6,256,5726,32,8,6.33,120,1,120,75,78000
Realme,16,256,6734,108,12,6.62,90,1,10,72,83000
Infinix,6,256,6921,48,32,6.52,165,1,240,72,83500
Vivo,12,256,6388,32,12,6.21,120,1,18,66,80500
Realme,12,512,6829,50,20,6.74,165,1,33,26,76500
Realme,8,256,6974,50,32,6.98,90,1,100,60,69500
Redmi,12,512,5837,50,16,6.79,120,1,45,56,81500
Tecno,16,512,4644,12,16,6.85,120,1,67,39,74000
Honor,8,512,7332,32,16,6.35,144,1,45,57,90000
Motorola,8,256,5712,64,20,6.43,120,0,150,88,86500
Infinix,8,128,4923,50,8,6.96,60,1,120,65,71500
Honor,6,128,5548,64,16,6.41,120,1,18,97,82000
iQOO,12,256,4651,32,16,6.89,120,0,80,77,69000
Infinix,8,256,4260,32,16,6.93,90,1,10,57,63500
Honor,8,128,4874,108,8,6.34,120,1,80,38,55500
Oppo,8,1024,5562,50,12,6.46,60,1,150,56,103000
Xiaomi,16,128,7306,50,20,6.31,120,1,80,98,95000
iQOO,8,256,5268,50,32,6.94,144,1,67,48,75000
Samsung,12,128,4584,200,8,6.8,120,1,18,46,85000
Poco,6,128,4096,50,32,6.41,60,1,120,46,47000
Apple,8,256,6417,48,16,6.59,165,1,67,36,92500
Nothing,16,256,4421,48,12,6.15,120,1,120,29,59000
OnePlus,6,128,5053,50,12,6.52,144,0,150,51,68500
Lava,6,128,7159,64,16,6.77,120,1,80,29,60000
Infinix,8,128,5181,200,20,6.15,120,1,10,33,56500
Xiaomi,8,128,6654,48,16,6.31,90,1,240,98,82000
Apple,6,256,4325,48,16,6.41,90,0,25,93,91500
Honor,12,512,7256,48,8,6.37,120,1,10,48,80500
Apple,6,256,6847,64,32,6.71,120,1,80,62,97500
Samsung,4,128,5532,32,8,6.42,90,0,25,44,50000
iQOO,6,512,5202,64,12,6.92,90,1,33,41,70000
Motorola,8,256,4890,12,20,6.43,90,1,67,25,56500
Google,8,128,6241,32,16,6.36,120,1,18,91,90000
Realme,8,64,6335,200,16,6.12,90,1,120,88,81000
Realme,12,256,4850,50,50,6.86,144,1,150,50,80000
Google,6,256,5006,50,20,6.32,120,1,100,93,86500
Xiaomi,8,256,7237,50,50,6.48,165,1,10,68,83000
Oppo,8,256,7068,48,20,6.27,120,1,120,40,67500
Poco,6,256,4763,200,32,6.77,144,1,240,92,99000
Infinix,6,128,4499,12,16,6.52,120,1,67,89,79500
Lava,8,128,6479,200,20,6.21,60,1,100,95,85000
Realme,6,256,4513,108,8,6.84,90,1,120,29,58000
Nothing,6,512,6658,48,16,6.95,60,0,150,48,71000
Honor,16,256,5511,50,16,6.91,120,1,67,60,75000
Motorola,4,128,5632,50,16,6.89,90,1,10,38,50500
Apple,16,128,4261,50,16,6.16,165,1,100,34,87000
Oppo,24,128,6359,108,16,6.96,60,1,67,85,100500
Infinix,8,256,5596,50,16,6.53,120,1,25,64,63000
Motorola,8,128,4551,48,32,6.16,165,1,45,99,80500
Samsung,24,128,5466,50,20,6.75,90,1,10,80,97500
Lava,8,256,6425,64,16,6.66,120,1,18,61,68000
Xiaomi,6,256,6127,50,12,6.26,90,1,67,77,71000
Realme,6,256,4876,50,16,6.58,144,1,240,32,67500
Google,8,256,4616,64,16,6.56,90,1,240,73,87500
Oppo,24,256,6454,50,8,6.69,165,1,45,57,91500
OnePlus,16,256,5554,64,16,6.59,120,1,120,93,107000
Apple,12,256,6068,200,16,6.59,60,0,120,90,118000
Poco,8,128,4697,50,16,6.73,120,1,45,34,58000
Lava,16,256,6076,50,16,6.54,120,1,25,90,84500
Oppo,8,128,5799,200,20,6.31,120,1,67,38,67500
Apple,4,128,6465,200,20,6.12,90,1,80,40,82500
OnePlus,4,128,5305,48,8,6.6,120,0,45,99,70000
Google,16,256,6383,48,12,6.99,165,1,100,28,78000
Xiaomi,8,128,6740,50,12,6.8,120,1,33,51,71500
Motorola,24,128,6042,50,32,6.19,120,1,67,30,72000
Realme,12,512,6996,50,16,6.25,90,1,33,47,73000
Tecno,12,128,5014,64,8,6.32,60,1,45,78,71500
Lava,12,256,4345,48,8,6.12,90,1,100,72,62000
Motorola,4,256,6194,108,16,6.89,120,1,240,60,70500
Motorola,4,128,5428,50,16,6.12,120,1,240,69,75500
Realme,12,128,5321,50,12,6.52,120,1,120,85,82000
iQOO,6,256,4767,64,16,6.22,120,1,18,26,51500
Motorola,6,128,5399,50,50,6.84,60,1,45,58,59000
Google,8,256,4221,64,16,6.51,120,0,10,35,65500
Vivo,8,64,6535,16,20,6.15,90,1,33,50,57500
Poco,6,256,4503,108,12,6.65,165,1,10,71,81000
Nothing,8,512,6409,48,16,6.37,60,1,10,65,84000
Apple,8,256,7427,64,16,6.58,120,1,18,51,98000
Nothing,6,128,5571,50,32,6.22,120,1,120,25,57000
Realme,8,256,6104,64,16,6.55,90,1,100,40,58000
Honor,8,256,6013,50,16,6.41,120,1,150,91,85500
Google,8,256,5859,200,16,6.27,120,1,10,78,93500
iQOO,8,128,6313,50,50,6.99,120,1,150,42,65500
Oppo,6,512,6093,108,32,6.55,120,1,18,58,79500
Oppo,8,512,5625,50,16,6.48,60,0,120,43,68000
Redmi,6,512,6781,48,8,6.22,120,1,45,96,87000
Infinix,8,512,5780,200,12,6.15,120,1,67,32,74500
Oppo,4,1024,6569,50,12,6.96,120,0,25,88,97500
Poco,12,64,6830,50,16,6.12,90,0,18,35,48000
Apple,16,512,5165,32,32,6.14,144,1,100,25,105500
Xiaomi,6,256,7218,108,8,6.54,120,1,67,68,74500
Lava,8,256,4796,48,16,6.52,120,0,100,42,62000
Vivo,16,256,4275,50,16,6.98,120,1,45,49,88500
Redmi,6,512,4280,48,16,6.32,165,1,18,80,82000
Motorola,8,512,7037,108,32,6.32,120,1,45,100,95500
Google,6,256,4332,64,32,6.8,60,1,18,81,82500
Oppo,8,256,7421,48,16,6.24,165,1,100,56,74000
Redmi,12,256,5547,50,12,6.47,90,1,18,89,84000
iQOO,4,256,5030,48,32,6.73,90,1,120,95,86500
Poco,8,256,4436,50,16,6.87,144,1,80,81,79500
Oppo,8,512,4715,50,8,6.43,60,1,120,71,87000
Apple,12,512,4672,48,50,6.63,120,0,80,38,89000
Xiaomi,8,128,5415,50,8,6.45,90,1,100,91,76000
Infinix,8,256,7101,50,16,6.36,120,0,10,70,78000
iQOO,8,256,5029,108,16,6.28,90,1,25,39,58500
Xiaomi,6,512,6370,108,12,6.57,120,0,33,52,78000
Google,8,64,4373,50,12,6.21,120,1,100,72,83500
OnePlus,12,256,5849,108,32,6.63,165,1,100,38,85000
Tecno,8,256,6125,48,16,6.85,90,1,67,88,81000
Infinix,16,128,4814,48,16,6.14,60,1,240,41,58000
iQOO,12,512,7397,50,16,6.33,90,1,33,31,72000
Nothing,8,256,6515,50,8,6.29,144,1,67,80,79500
Apple,4,128,6412,50,8,6.45,60,1,33,68,85500
Realme,12,256,6430,50,32,6.86,60,1,45,57,75000
OnePlus,12,128,7485,50,8,6.78,90,1,25,63,83500
Xiaomi,16,128,5773,48,8,6.41,60,1,18,38,65000
Redmi,6,512,4281,108,16,6.54,90,1,240,52,81500
Nothing,8,256,5846,50,20,6.65,90,1,18,45,63000
Nothing,4,64,5743,32,16,6.68,120,1,10,35,45000
Nothing,8,256,5104,50,32,6.55,60,0,100,39,55000
Redmi,12,512,5564,50,32,6.49,120,1,10,37,69000
Realme,8,512,4236,50,8,6.43,90,1,10,54,72500
Infinix,12,128,7333,200,20,6.5,120,1,120,71,88000
iQOO,6,256,5739,50,20,6.43,120,0,45,50,66000
Nothing,4,128,6440,48,8,6.38,120,1,18,97,80500
Oppo,24,256,5552,50,12,6.26,144,1,67,67,94500
Honor,4,512,4070,48,12,6.17,60,1,80,69,70500
Realme,16,256,5421,32,50,6.43,144,1,100,95,95000
Poco,6,256,6019,64,8,6.79,90,1,80,95,73500
Apple,12,128,5312,50,12,6.84,120,1,10,65,95500
Infinix,12,256,6104,200,32,6.16,90,1,67,32,68500
Redmi,8,256,4074,200,20,6.72,120,0,150,58,71500
Infinix,12,256,5343,48,16,6.16,90,1,18,52,56500
Poco,24,1024,4734,200,12,6.27,120,1,67,70,125000
Honor,8,256,5346,200,16,6.31,60,1,150,97,90500
Apple,16,256,6634,32,32,6.41,90,1,45,74,106000
Google,16,128,4269,200,16,6.13,120,1,67,42,77000
Google,6,128,6640,48,32,6.21,90,1,120,65,80000
Lava,8,1024,6100,48,32,6.75,120,0,240,52,96500
Vivo,8,128,5080,48,12,6.46,120,1,33,45,64500
Tecno,16,512,7046,64,20,6.31,120,1,80,99,103000
Poco,8,256,6904,50,16,6.33,90,1,10,43,58000
Realme,4,1024,7491,48,32,6.56,120,1,240,67,102000
Tecno,6,256,7299,50,16,6.43,120,1,120,59,71500
Nothing,6,512,6850,32,32,6.29,90,1,25,97,94000
iQOO,12,128,7347,48,32,6.13,90,1,18,74,77500
Realme,12,256,6332,32,12,6.51,90,1,10,57,78000
Redmi,4,128,5668,200,16,6.96,144,1,18,89,82000
Realme,4,256,4310,64,16,6.14,120,0,45,40,45000
Redmi,8,128,6527,200,16,6.67,120,1,240,36,72500
Poco,16,512,4492,50,32,6.35,120,1,33,65,88500
Oppo,8,512,4815,48,8,6.42,90,1,240,76,101000
Honor,12,128,6392,108,16,6.81,144,1,120,37,70000
Google,8,256,6351,50,8,6.69,90,1,120,92,84000
Infinix,8,512,4729,50,16,6.14,60,0,25,58,67000
Nothing,8,256,4248,50,32,6.96,90,0,240,95,89500
Vivo,6,128,4119,48,12,6.32,144,1,25,67,69500
Oppo,6,512,6533,50,16,6.67,165,0,150,28,65500
Lava,8,256,6577,50,12,6.13,120,0,150,38,61000
iQOO,6,128,5790,200,32,6.22,144,1,150,73,91500
OnePlus,12,512,6012,108,16,6.74,90,1,33,76,96500
Google,8,512,5430,108,50,6.46,120,1,150,97,107000
Apple,12,1024,5101,16,12,6.85,165,0,33,82,123500
Apple,12,128,7257,48,12,6.45,60,1,45,68,100000
OnePlus,16,128,4615,32,32,6.31,90,0,100,50,65000
iQOO,4,128,6139,50,12,6.6,120,1,45,60,67500
iQOO,8,256,4535,48,8,6.39,120,1,18,90,82000
Google,6,256,4793,48,20,6.67,120,1,18,69,77500
Poco,12,128,4155,50,12,6.84,120,0,25,60,67500
Nothing,6,1024,6323,48,32,6.48,60,1,67,84,93000
Motorola,24,128,5504,50,20,6.49,165,1,67,45,75000
OnePlus,4,256,4868,50,12,6.83,144,1,33,31,59500
Google,24,128,5956,108,16,6.85,120,1,25,44,94000
Nothing,16,64,7184,108,16,6.52,120,1,33,44,79000
Xiaomi,12,256,6021,200,20,6.65,144,1,45,53,82000
Vivo,6,256,4657,200,20,6.5,120,1,18,63,74500
Poco,8,512,5853,50,12,6.84,90,1,80,97,90500
Tecno,8,512,6254,108,8,6.95,60,0,80,73,76500
Samsung,8,128,6124,50,20,6.43,60,1,240,56,73500
Tecno,24,256,6843,50,12,7.0,120,1,18,65,95500
Lava,6,128,4105,50,12,6.64,90,1,45,89,67500
Realme,6,512,4978,16,16,6.11,120,1,120,35,59500
Vivo,16,256,5033,108,16,6.24,60,1,150,49,82000
Vivo,8,128,6005,50,12,6.19,120,1,120,97,88500
Honor,6,256,6399,32,16,6.79,120,1,18,84,81500
Xiaomi,6,128,6706,48,32,6.81,90,1,67,34,50500
Apple,4,64,5023,64,20,6.4,120,1,45,74,85500
Realme,16,512,4033,48,32,6.32,120,1,25,51,76000
Tecno,6,256,4340,108,12,6.5,60,0,67,25,40500
Honor,12,256,5910,64,16,6.47,120,1,150,50,78500
Vivo,6,128,6851,32,8,6.61,120,0,10,47,56000
Vivo,4,128,5106,50,8,6.84,120,1,240,52,75000
Apple,8,512,6426,200,16,6.94,60,1,25,59,108000
Samsung,8,256,5924,50,16,6.36,120,0,25,67,74000
Redmi,4,256,7495,32,12,6.7,120,1,150,74,84000
Motorola,8,256,4092,16,8,6.75,120,1,120,53,64500
Honor,16,512,5282,50,8,6.64,120,1,67,62,88500
Honor,4,256,6956,50,32,6.23,120,1,120,59,62500
Infinix,8,256,6971,32,20,6.44,90,1,45,61,67500
Realme,8,128,5697,16,8,6.11,90,0,33,97,73500
Realme,8,256,6986,50,16,6.17,144,0,80,68,75500
OnePlus,16,64,4051,50,16,6.99,60,1,25,46,65000
Infinix,6,128,6656,50,20,6.99,90,0,10,33,46000
Vivo,8,512,4559,50,12,6.6,165,1,80,71,89500
Samsung,12,64,4717,48,50,6.89,90,1,10,93,90000
Xiaomi,12,256,7205,32,16,6.3,144,1,67,81,81500
Realme,12,256,5569,50,12,6.6,144,1,80,29,60500
Google,6,256,6581,48,16,6.23,120,0,150,91,86500
Nothing,8,256,6482,50,16,6.47,144,1,150,46,72000
iQOO,12,256,4407,200,12,6.98,90,1,10,71,85500
Samsung,6,256,4215,48,16,6.55,90,1,67,52,70500
Xiaomi,4,512,5537,64,20,6.71,60,1,120,50,72000
Lava,4,128,6655,48,12,6.61,120,1,100,90,83000
Lava,6,512,4738,50,8,6.93,120,1,25,35,65000
Vivo,24,256,4239,108,16,6.5,120,1,240,31,79000
Apple,16,128,4490,32,12,6.68,144,1,67,80,109000
Tecno,6,512,5946,64,20,6.68,120,1,33,65,77000
Google,8,256,7122,50,12,6.24,165,1,100,53,82500
Lava,8,256,4629,64,32,6.64,90,1,18,45,62500
Lava,16,256,6904,50,12,6.66,120,1,33,36,65500
Nothing,8,256,5096,50,20,6.9,90,1,120,70,78500
Apple,6,512,7374,50,16,6.1,120,0,45,96,107000
Tecno,12,256,4173,48,16,6.57,165,1,120,49,72000
Redmi,6,128,4918,64,16,6.8,120,1,100,37,44500
iQOO,6,128,5557,48,16,6.91,90,1,18,50,67500
Vivo,12,512,4065,48,12,6.41,120,1,25,64,80000
Google,16,128,6955,50,16,6.89,120,1,80,28,74000
Google,8,256,5275,50,20,6.65,120,0,67,69,78000
Motorola,6,128,6498,50,20,6.63,165,1,100,63,65000
Nothing,6,512,6428,12,16,6.7,120,1,18,28,71500
Vivo,12,512,4681,108,16,6.75,120,0,10,85,97500
Xiaomi,24,512,6962,50,12,6.5,90,1,67,52,91500
Apple,8,256,5090,48,12,7.0,120,1,33,72,98000
Nothing,12,256,6770,64,12,6.66,165,1,150,25,72500
Apple,8,256,5365,50,32,6.69,60,1,67,54,96500
Honor,6,128,6489,12,50,6.9,60,1,67,62,61500
Apple,16,256,4657,48,32,6.54,120,1,45,71,99500
Infinix,8,256,6246,50,12,6.65,120,0,10,26,46500
Realme,24,512,6750,50,50,6.86,120,1,67,49,94500
Apple,8,256,5525,50,16,6.72,90,1,67,37,87500
Vivo,16,256,4140,50,32,6.35,120,0,80,95,104500
Infinix,16,256,5757,50,8,6.74,120,1,25,70,77500
Honor,8,128,5192,48,12,6.21,120,1,45,52,60500
Oppo,8,128,6779,64,12,6.27,60,1,120,88,81000
Apple,12,256,5512,48,16,6.32,120,0,100,58,85000
Vivo,16,128,7467,64,16,6.16,120,1,100,76,88000
iQOO,8,1024,6063,50,16,6.15,144,1,67,97,114500
Apple,6,256,4499,48,12,6.26,90,0,25,49,70500
iQOO,16,256,4822,50,50,6.85,90,1,240,29,71500
Redmi,4,512,4480,50,8,6.2,120,1,67,55,72000
Infinix,6,256,6458,108,32,6.89,60,0,240,86,81000
Nothing,16,256,5944,48,20,6.2,165,1,25,75,89500
Oppo,8,512,5011,48,8,6.47,120,1,10,81,86000
Lava,6,256,4647,64,16,6.24,120,1,10,28,51000
Vivo,4,1024,4069,50,32,6.93,120,1,67,99,113500
Honor,12,128,6494,64,16,6.88,90,1,33,38,66000
Xiaomi,12,128,7336,50,32,6.95,144,0,240,73,84000
Xiaomi,6,128,4868,48,16,6.61,90,1,80,67,61500
Google,4,128,5145,200,16,6.95,120,1,10,87,86500
Vivo,6,256,5041,50,8,6.88,120,1,33,51,67000
Lava,12,128,6249,50,20,6.23,90,1,150,25,53000
Apple,12,128,4938,50,12,6.97,120,1,67,92,114500
Oppo,12,128,4996,48,16,6.33,90,1,45,42,71500
Tecno,4,512,4634,50,32,6.82,120,1,67,53,70000
Apple,12,256,5336,64,20,6.12,90,1,240,45,98000
Motorola,8,128,6155,200,12,6.47,120,0,120,82,92500
Tecno,6,512,7218,50,32,6.26,60,1,18,75,82000
Honor,8,512,6715,64,20,6.61,90,0,150,54,80000
Xiaomi,8,256,6938,50,20,6.95,90,1,100,55,66000
Google,8,64,6903,50,20,6.52,120,1,18,39,66000
Apple,6,512,4013,50,12,6.68,120,1,100,36,96500
Realme,12,256,4685,108,12,6.3,120,1,45,51,68000
Google,8,256,4552,108,16,6.63,120,1,120,70,88000
Motorola,16,256,6450,48,32,6.62,90,1,10,48,80000
Infinix,6,256,4646,50,16,6.65,120,1,25,94,77000
Samsung,12,256,6216,50,20,6.83,120,1,45,50,82500
Oppo,8,256,5449,50,20,6.69,90,1,10,26,52500
Motorola,16,256,6157,48,16,6.98,144,1,10,84,93000
Honor,12,128,4033,108,16,6.72,120,1,18,99,91500
Vivo,8,256,7381,108,16,6.71,120,1,80,45,77500
Honor,8,512,6713,32,50,6.46,120,1,33,92,92500
iQOO,8,256,6129,48,12,6.16,144,0,25,71,74000
Motorola,12,256,4398,50,12,6.98,120,1,10,39,65000
Samsung,12,256,4347,16,8,6.3,120,1,100,74,93000
Tecno,8,256,6555,50,20,6.85,90,0,25,95,79000
Google,24,128,7489,50,16,6.81,120,1,33,34,84000
Google,12,128,4862,50,16,6.28,120,1,240,77,92000
iQOO,8,1024,4641,64,16,6.53,144,1,10,33,79500
iQOO,8,256,6308,50,8,6.62,120,0,45,65,76000
Infinix,16,256,4884,50,20,6.35,60,1,120,61,73000
iQOO,12,256,7453,50,16,6.26,90,1,33,75,74000
iQOO,6,512,5362,108,32,6.75,120,1,33,49,69000
Tecno,8,256,6051,50,8,6.82,90,1,80,88,86500
Vivo,4,256,5780,50,32,6.18,120,1,33,48,61500
Xiaomi,12,128,6117,50,16,6.27,120,1,45,61,71000
iQOO,8,256,5510,50,16,6.3,144,0,25,73,72000
Nothing,6,128,6635,16,32,6.94,90,1,10,87,71500
Poco,8,128,6451,48,8,6.58,120,1,10,35,59500
Vivo,8,256,4832,48,20,6.81,120,1,45,39,63000
iQOO,12,128,7366,108,20,6.29,120,1,33,71,79000
Lava,24,128,5432,108,16,6.48,60,1,45,26,62500
Realme,4,512,6259,64,32,6.57,120,1,240,85,95000
Google,12,128,4007,50,8,6.1,90,0,120,66,75000
Oppo,8,512,5156,50,32,6.46,120,1,33,67,81500
Apple,4,256,5100,50,12,6.72,120,1,80,82,99500
Poco,6,256,4378,108,8,6.73,165,1,67,26,58000
Honor,12,256,4019,50,8,6.96,120,1,67,64,70500
Samsung,4,512,4152,108,16,6.96,120,1,100,56,87500
Vivo,16,128,7236,48,8,6.74,120,1,45,96,97000
Oppo,24,512,7440,108,32,6.92,120,1,45,95,122500
Realme,16,256,7371,12,8,6.8,120,1,100,45,68000
Redmi,6,256,7223,64,16,6.96,60,1,67,57,67000
Realme,8,512,6339,200,32,6.76,90,1,100,60,82500
Nothing,8,128,4664,108,12,6.8,90,0,18,50,60000
Realme,12,128,5658,48,20,6.75,165,0,18,54,69000
Google,8,256,6699,64,12,6.37,60,1,100,94,91500
Poco,12,128,5508,48,50,6.96,120,1,33,41,62500
Nothing,16,256,6947,48,32,6.26,90,1,10,35,68500
Infinix,6,128,5798,50,12,6.99,60,0,18,32,44000
Vivo,6,128,6157,50,16,6.33,90,1,18,66,57500
Infinix,16,256,7081,32,32,6.69,90,0,45,59,82500
Honor,6,256,4580,50,16,6.33,60,0,67,30,45500
Samsung,24,128,5056,48,32,6.94,120,1,33,77,101000
Nothing,6,128,4933,50,8,6.65,120,1,33,43,56000
Infinix,8,128,7359,64,12,6.66,60,1,100,65,70000
Xiaomi,24,256,5986,12,16,6.6,120,1,80,40,72000
Samsung,16,256,5942,108,16,6.24,90,1,25,96,96000
OnePlus,6,512,4044,200,20,6.91,120,1,45,85,102500
Apple,4,256,5833,32,32,6.89,120,1,120,58,86500
iQOO,12,256,6781,50,16,6.71,120,1,18,35,70000
Motorola,6,128,7471,64,16,6.2,60,1,18,32,49500
Tecno,4,1024,4768,50,20,6.83,144,1,10,83,98500
Realme,6,64,6230,48,50,6.92,120,1,120,86,71000
Realme,4,128,7156,48,8,6.38,120,1,18,35,49000
Oppo,24,256,5797,48,8,6.87,120,1,25,71,97500
Poco,12,128,4203,48,12,6.97,90,1,240,56,73000
Xiaomi,16,1024,6824,50,12,6.58,120,1,25,40,108500
Infinix,8,128,5390,32,8,6.2,120,0,18,93,63000
Samsung,4,1024,7069,16,20,6.38,144,0,45,56,94500
OnePlus,12,128,6380,50,12,6.69,90,1,120,60,77000
Google,6,128,7215,50,16,6.46,120,1,18,67,76000
Vivo,12,256,6878,16,8,6.48,120,1,10,54,72000
OnePlus,24,512,4729,64,32,6.97,120,0,45,80,103500
Google,4,256,5308,108,12,6.84,120,1,120,61,83500
Poco,4,256,4960,200,8,6.74,120,1,33,74,79500
Apple,8,256,6585,50,16,6.3,90,1,120,78,99000
Google,12,512,5359,50,16,6.15,120,1,10,98,104500
Redmi,8,128,4226,12,16,6.69,165,1,10,25,44000
Samsung,8,256,7379,108,16,7.0,120,0,45,69,79500
Tecno,6,256,6911,48,20,6.55,90,1,67,49,66500
Google,8,512,6969,16,12,6.75,90,1,33,48,82500
iQOO,6,128,5084,50,16,6.58,120,1,33,53,56000
Lava,8,128,4854,48,8,6.58,120,0,80,50,55000
Samsung,16,512,7295,50,12,6.73,120,1,100,69,107000
Motorola,8,128,4354,48,16,6.86,90,1,25,26,50000
Oppo,12,256,5051,48,32,6.8,90,1,10,37,69000
Google,12,128,5145,32,32,6.74,144,1,120,86,92500
Infinix,6,128,5536,50,16,6.78,60,1,120,53,63000
Xiaomi,4,128,6583,50,16,6.9,120,1,240,29,57000
Samsung,8,128,4850,48,20,6.75,120,1,18,43,68000
Infinix,6,64,6468,32,12,6.27,120,1,240,59,62000
Apple,6,128,4017,108,8,6.41,120,1,45,77,88500
Motorola,12,128,4379,32,8,6.11,120,1,80,42,62000
Tecno,8,128,5751,50,16,6.29,90,1,120,65,66000
Lava,12,128,6386,108,32,6.86,120,1,120,72,77000
Infinix,4,64,5744,50,16,6.54,120,1,100,100,76500
Google,4,256,7192,108,20,6.36,120,1,18,69,80500
Realme,6,128,4500,108,20,6.1,165,1,100,85,81000
Nothing,8,128,4803,16,20,6.69,120,1,240,84,77000
Samsung,16,1024,6544,50,20,6.15,120,1,80,91,123500
Honor,8,128,5990,50,16,6.54,165,1,10,74,70000
Oppo,8,256,6495,48,16,6.23,60,1,240,57,68500
Apple,8,256,4917,50,12,6.56,120,1,100,87,107500
Vivo,12,128,6974,32,16,6.46,90,1,67,57,71000
Poco,16,1024,4694,50,16,6.4,90,0,240,42,98500
Oppo,6,256,6245,108,12,6.2,60,1,100,95,85000
Realme,16,1024,4996,108,20,6.66,144,1,67,78,114000
Honor,12,128,4636,50,16,6.2,90,1,18,83,68500
Nothing,16,256,4081,64,16,6.43,120,1,45,82,87500
Samsung,6,256,4463,108,16,6.39,60,1,25,28,56500
Honor,6,128,5535,108,20,6.84,120,1,100,31,51500
Google,8,256,5051,50,8,6.61,120,1,100,83,87500
Poco,16,128,6819,108,16,6.18,90,1,240,30,70500
Infinix,6,128,4861,48,50,6.56,165,1,25,32,56000
Realme,4,256,4696,48,20,6.49,120,1,18,87,70500
iQOO,6,128,5136,108,16,6.18,165,1,120,93,87000
Infinix,16,512,4952,48,12,6.83,90,1,80,45,74500
Motorola,8,256,5001,50,12,6.87,120,1,25,62,69000
OnePlus,8,256,5329,48,50,6.14,60,1,45,50,65000
Xiaomi,24,256,4532,50,16,6.14,120,1,120,79,99500
Oppo,12,256,5062,64,16,6.15,165,1,18,76,88000
Tecno,12,128,7023,50,20,6.89,144,1,120,41,62000
Motorola,4,256,6691,50,20,6.93,120,1,150,100,83000
Oppo,6,512,6559,64,50,6.31,60,0,120,87,84500
Tecno,8,256,4346,50,32,6.54,120,1,100,45,57000
Honor,12,128,4653,64,12,6.24,120,0,120,62,62000
Xiaomi,4,512,6927,50,16,6.24,60,1,120,62,73500
OnePlus,8,256,5772,50,8,6.9,120,1,45,97,95000
Xiaomi,8,256,4292,48,12,6.73,90,1,10,82,78000
Samsung,8,64,5630,48,8,6.72,90,0,150,98,85500
Lava,12,256,5287,50,32,6.67,144,0,100,54,75500
Xiaomi,4,1024,4425,48,20,6.67,165,0,120,99,108500
Xiaomi,12,128,6237,48,12,6.77,120,1,80,48,73500
iQOO,8,256,6799,64,16,6.91,120,1,10,25,55000
Xiaomi,24,128,4942,50,8,6.56,60,0,67,100,90000
Lava,6,512,6713,50,16,6.64,90,1,67,74,83500
Lava,6,256,7241,48,20,6.35,120,1,120,73,62000
Nothing,12,128,6711,50,20,6.64,120,0,10,51,71000
Google,12,256,7350,64,12,6.54,60,0,150,34,72000
Realme,4,256,7155,64,12,6.79,144,1,100,48,69500
Google,8,256,5261,12,32,6.75,60,1,80,61,83500
Nothing,8,256,6559,12,50,6.7,120,1,10,50,75500
Poco,6,256,6727,48,8,6.72,60,1,18,30,57500
Apple,4,512,4162,48,32,6.41,120,0,45,91,99000
iQOO,12,512,5815,108,50,6.52,60,1,120,44,83500
Nothing,8,256,6919,48,8,6.47,120,1,33,85,81500
OnePlus,8,512,6446,108,32,6.76,120,0,10,38,81000
Motorola,8,64,5518,108,32,6.3,120,1,18,70,67000
Lava,6,256,5992,32,32,6.8,120,1,150,82,70500
Infinix,8,256,4292,48,16,6.1,120,1,150,91,75500
OnePlus,12,128,6363,48,16,6.93,60,1,150,44,76000
Google,6,512,4746,50,50,6.68,90,1,45,41,68000
Apple,12,1024,7269,48,8,6.75,120,1,80,46,122000
Lava,8,128,7364,50,12,6.81,120,1,45,56,64000
OnePlus,8,128,6372,50,16,6.5,60,1,67,41,64500
Poco,6,128,5503,50,16,6.3,60,0,150,65,61000
Infinix,16,256,6022,50,16,6.12,120,1,100,56,74500
Samsung,12,128,6800,64,20,6.15,120,1,120,53,83000
OnePlus,8,1024,4816,50,20,6.9,144,1,18,53,101000
Poco,6,256,6984,64,8,6.9,144,1,100,48,71000
Oppo,12,128,4705,48,16,6.18,120,1,67,57,70500
Motorola,6,256,5416,108,32,6.92,90,1,120,58,69500
Tecno,6,512,5966,108,32,6.26,120,0,10,59,66000
Infinix,4,512,6603,50,32,6.89,90,1,10,100,91000
Oppo,6,512,4866,64,32,6.15,120,1,10,42,68500
Oppo,6,128,6576,50,12,6.21,120,1,150,75,82500
Nothing,12,64,5564,50,16,6.15,120,1,240,73,92000
Poco,8,256,6343,32,16,6.54,120,1,240,55,73500
Xiaomi,8,256,4259,64,8,6.37,120,1,10,26,51000
Poco,6,256,6145,50,12,6.66,144,1,150,59,70000
Apple,24,128,4900,108,16,6.57,90,1,150,79,121500
Poco,8,256,5766,50,12,6.71,120,0,80,31,62000
Infinix,12,128,5813,50,20,6.25,165,1,67,55,76000
Infinix,12,512,6028,50,12,6.42,144,1,80,46,75500
Samsung,8,256,6883,50,12,6.23,90,1,150,65,89500
Samsung,12,128,6714,200,32,6.11,120,0,120,73,98000
OnePlus,8,64,4886,32,12,6.27,90,1,67,85,74000
Redmi,8,128,4826,108,20,6.58,90,1,45,29,43500
Honor,8,256,4972,48,16,6.44,60,0,80,68,59500
Tecno,16,128,4487,50,8,6.97,90,1,67,59,65500
Xiaomi,12,256,6289,50,32,6.43,120,1,33,88,91500
Apple,6,256,5570,32,32,6.31,90,1,18,92,95500
OnePlus,12,256,6372,108,50,6.92,120,1,25,79,92500
Lava,8,128,6722,50,32,6.14,90,1,67,89,78000
Tecno,8,1024,7335,50,12,6.64,120,1,18,55,98500
Redmi,16,128,5656,64,32,6.81,120,1,67,78,83000
Vivo,6,256,4563,50,8,6.69,120,1,120,26,54500
Realme,12,256,7072,64,32,6.91,120,1,10,61,75500
Nothing,8,128,5978,50,16,6.8,144,1,45,93,90000
Redmi,8,256,6930,50,16,6.55,120,1,150,97,98500
Samsung,8,256,6420,50,32,6.57,60,1,240,92,90500
Oppo,8,128,6287,64,16,6.78,144,1,80,48,67500
OnePlus,4,128,6200,48,16,6.51,60,1,100,60,69000
Vivo,12,1024,6561,64,50,6.33,120,0,120,47,98500
Honor,6,128,5222,50,8,6.4,60,1,67,91,74000
Poco,12,256,6501,64,32,6.4,144,1,33,31,71000
Google,16,64,4621,16,20,6.25,120,1,240,59,83500
Google,16,1024,5905,50,8,6.51,120,0,25,55,108500
Vivo,8,256,6278,16,8,6.23,120,1,150,97,83500
Lava,4,128,6137,50,16,6.18,120,1,33,86,71500
Vivo,24,64,7157,12,12,6.66,60,0,67,27,65000
Infinix,6,128,7445,48,50,6.33,120,1,10,31,53500
Apple,8,512,5434,200,12,6.97,90,1,25,33,96500
Google,12,128,4055,64,8,6.59,120,1,25,96,92500
iQOO,8,256,6519,48,12,6.58,90,1,25,88,88500
Google,8,256,5048,32,16,6.57,120,1,120,26,68500
Realme,4,128,5251,50,16,6.35,90,1,10,72,59000
Motorola,6,256,7179,50,12,6.34,60,1,33,45,53500
Apple,4,256,6196,48,16,6.11,120,1,100,65,85000
Tecno,16,64,6333,48,8,6.59,144,1,240,33,72000
Apple,4,256,6950,108,20,6.47,90,1,45,65,90000
Realme,8,256,4295,48,32,6.14,120,1,10,98,78000
Motorola,6,128,6185,12,16,6.38,60,1,120,25,46500
Realme,8,256,4399,50,8,6.45,144,1,10,67,66000
Realme,8,128,4314,50,32,6.2,90,1,120,54,59000
Realme,12,512,6818,48,16,6.4,120,1,67,38,74500
Lava,16,256,7032,108,12,6.88,120,1,100,97,95500
iQOO,6,512,5385,32,8,6.54,120,1,45,33,61000
Tecno,8,64,6480,108,8,6.25,120,1,25,77,75500
Redmi,8,256,6228,108,32,6.63,90,1,240,40,76000
Redmi,16,256,6106,50,32,6.51,144,1,150,36,73500
Honor,6,128,4247,48,20,6.6,120,0,150,54,57000
Samsung,12,512,6543,50,16,6.13,144,1,240,33,85000
OnePlus,8,512,5559,48,8,6.16,90,0,45,75,85500
Motorola,12,512,4051,50,16,6.54,120,1,18,28,72000
Samsung,12,512,7351,48,32,6.46,144,1,67,75,105500
Lava,8,64,4787,12,16,6.46,120,0,80,44,41500
Samsung,8,512,5796,200,16,6.11,120,1,25,50,90500
Redmi,8,128,4374,50,16,6.51,60,1,150,66,64500
Samsung,4,256,7119,200,12,6.7,90,1,25,87,93500
Motorola,4,64,5197,16,32,6.24,120,1,10,90,71000
iQOO,6,256,4108,48,16,6.79,120,1,45,53,60500
Realme,6,128,7277,32,20,6.33,120,1,80,29,50000
Nothing,8,512,6061,108,16,6.94,144,1,150,61,91000
Google,16,512,6412,48,16,6.1,165,1,80,30,81000
iQOO,8,256,4881,50,16,6.51,60,1,80,98,80000
Honor,8,64,4538,50,16,6.1,60,0,10,36,52000
Tecno,8,256,5238,48,16,6.99,120,1,10,59,66500
Google,8,256,5956,64,12,6.12,120,0,120,84,91500
OnePlus,16,512,6970,50,12,6.44,165,0,67,31,82000
Realme,8,512,6553,200,32,6.24,144,1,150,96,109500
Vivo,16,512,6926,50,16,6.16,120,1,45,54,91500
Honor,6,128,4441,200,16,6.54,120,1,100,99,93000
Samsung,8,256,6181,50,12,7.0,120,1,33,34,71500
Vivo,16,128,4784,50,12,6.25,60,1,80,70,69000
Apple,4,256,5032,50,12,6.4,120,1,240,33,83500
Xiaomi,12,512,5031,50,12,6.82,60,1,33,41,69000
Samsung,12,512,4938,64,16,6.74,120,1,67,34,87500
Poco,6,512,7175,50,16,6.75,165,1,67,58,82000
Xiaomi,8,128,4790,48,12,6.77,90,1,33,59,55000
Realme,8,256,7063,64,50,6.6,120,1,67,49,75000
Motorola,12,256,5168,50,12,6.85,90,1,33,48,70000
Oppo,12,64,5712,32,20,6.17,120,1,240,35,64500
Motorola,8,128,4105,200,16,6.5,120,1,45,79,87500
Motorola,8,512,6707,32,20,6.82,120,1,240,34,85000
Tecno,12,256,6593,50,8,6.11,120,0,45,94,78500
Poco,6,256,4096,50,8,6.6,60,1,240,42,53500
Vivo,6,512,6356,12,32,6.83,144,1,25,35,74000
Oppo,4,128,5621,48,32,6.52,90,1,18,96,80000
Poco,6,512,6919,50,16,6.11,120,1,150,30,60500
Tecno,8,128,4586,32,16,6.55,120,1,18,43,49500
Xiaomi,6,256,5052,64,20,6.66,90,0,18,38,46500
Realme,16,128,5227,64,32,6.81,120,0,25,88,85500
Lava,16,128,5027,108,20,6.6,120,1,10,76,86500
Lava,12,1024,5701,32,20,6.76,90,0,100,74,97000
Xiaomi,8,256,5564,64,32,6.74,90,1,33,79,77000
OnePlus,16,128,5158,50,50,6.4,120,1,150,94,98000
OnePlus,4,128,6180,64,20,6.35,144,1,25,31,55500
Oppo,8,128,6717,50,32,6.47,120,0,150,88,85500
Honor,16,64,5135,50,16,6.43,165,1,67,28,58500
Xiaomi,8,128,4135,48,32,6.75,90,1,67,32,60500
OnePlus,6,512,4344,64,16,6.22,144,1,25,32,65500
OnePlus,8,256,6408,64,20,6.1,120,1,18,27,56500
Apple,12,128,4888,48,16,6.45,90,1,45,27,78000
Poco,24,128,6581,32,16,6.39,90,1,150,63,87000
Xiaomi,6,256,4982,200,20,6.29,60,0,100,64,67000
Vivo,6,128,4647,48,16,6.79,90,1,80,92,72500
Oppo,16,128,4802,48,32,6.55,120,1,80,51,76000
iQOO,8,256,5858,64,16,6.18,90,1,25,99,87000
Honor,6,512,5063,108,12,6.32,165,1,10,84,91000
Realme,12,128,5089,50,32,6.6,120,1,80,80,78000
Redmi,8,128,4613,32,32,6.94,120,1,45,59,62000
Lava,16,512,5406,16,8,6.4,60,1,10,59,70500
iQOO,16,256,5250,108,32,6.2,144,1,120,65,86000
Motorola,16,256,7498,108,16,6.15,120,1,67,32,73000
Oppo,4,256,5945,48,20,6.86,120,1,240,66,77500
Xiaomi,4,512,7254,12,32,6.18,90,1,25,47,64000
iQOO,8,512,5855,50,16,6.94,90,0,120,31,72000
OnePlus,6,256,5103,32,20,6.31,120,1,25,86,82000
Lava,12,128,7009,50,50,6.72,60,1,240,81,84500
Vivo,16,256,5580,50,12,6.85,90,1,25,46,65500
Motorola,6,256,7002,48,20,6.71,120,1,18,26,53000
Infinix,6,256,5385,64,20,6.8,144,0,45,89,77500
Apple,4,256,6033,64,8,6.85,120,1,25,99,105500
Vivo,8,128,6838,50,16,6.35,120,1,150,25,61000
Apple,12,256,7379,50,8,6.77,90,1,25,92,117500
Honor,12,128,4029,108,32,6.88,120,1,240,79,91000
iQOO,6,512,5432,50,16,6.8,165,1,80,46,74000
Realme,12,256,5148,50,16,6.52,90,1,18,51,68000
Realme,12,128,6721,48,16,6.54,60,1,67,62,70000
Xiaomi,12,128,7279,200,16,6.91,120,1,240,66,92500
Nothing,4,256,4729,48,8,6.95,90,1,120,99,91000
Motorola,16,512,6524,50,12,6.9,120,1,80,91,109000
Honor,8,512,4518,16,16,6.5,120,1,18,98,80000
Google,8,256,5345,64,20,6.96,120,1,25,40,71000
OnePlus,6,256,6539,12,16,6.59,120,1,25,73,75500
Tecno,6,128,6314,50,16,6.43,120,1,240,69,74500
Google,12,128,7032,50,12,6.35,120,1,10,36,68500
Xiaomi,16,256,7117,64,20,6.58,90,1,33,46,69500
OnePlus,4,64,5803,50,16,6.81,60,1,18,37,48000
Vivo,6,256,6056,50,8,6.22,165,1,33,72,81000
Nothing,8,128,4583,48,32,6.2,165,1,10,39,54500
Oppo,6,512,6982,50,16,6.76,120,1,240,66,88500
Redmi,8,256,7361,64,12,6.46,120,1,45,38,66500
Samsung,8,64,4716,108,12,6.61,165,0,25,89,83500
Redmi,8,128,6169,32,50,6.51,144,0,33,25,48000
Tecno,8,128,4105,200,16,6.9,120,1,25,31,60500
Oppo,16,256,5571,50,32,6.68,120,1,45,43,74500
OnePlus,24,256,4724,48,8,6.33,120,1,45,51,76000
Poco,8,256,4744,48,12,6.32,120,1,80,69,78500
Lava,12,512,4129,50,16,6.14,90,0,25,85,78500
Infinix,12,256,7116,48,12,6.9,60,1,18,33,60500
Tecno,6,512,4257,48,50,6.3,90,1,100,39,59500
Xiaomi,8,512,5576,64,32,6.96,120,1,120,77,95000
Poco,12,512,4265,48,16,6.99,120,1,45,62,80000
Poco,8,64,7388,108,20,6.16,120,1,10,100,83500
Realme,12,512,5332,50,16,6.7,144,1,80,27,70000
Motorola,12,128,4633,48,32,6.41,120,1,25,34,58000
iQOO,6,256,4453,108,16,6.43,120,1,80,32,64000
Infinix,8,512,6294,50,20,6.22,120,1,240,29,68000
Motorola,12,128,7406,50,8,6.21,120,1,120,42,60000
Samsung,6,128,4596,200,32,6.53,120,1,150,52,79500
Motorola,8,256,7076,50,16,6.42,120,1,45,64,77500
Lava,12,128,7249,108,16,6.55,60,1,120,95,95500
Oppo,12,128,6669,50,16,6.84,144,1,120,62,78500
Oppo,12,512,4571,50,50,6.9,60,1,18,62,76500
Infinix,12,256,6191,12,8,6.15,144,1,100,93,82000
Nothing,4,256,4358,50,16,6.4,144,1,80,71,70500
Infinix,6,256,4597,50,16,6.13,144,1,80,47,56000
Poco,8,256,6440,50,8,6.33,120,0,25,67,66000
Google,8,128,6395,200,12,6.42,120,1,45,77,92000
iQOO,8,1024,6533,108,20,6.74,144,1,100,58,109000
Xiaomi,6,256,6555,200,32,6.91,120,1,67,77,92500
Vivo,6,128,5538,48,20,6.61,144,1,45,74,75500
Apple,6,256,5196,64,16,6.34,120,1,25,62,88500
Oppo,8,256,4119,50,12,6.93,120,1,25,55,67000
Poco,8,256,6629,48,8,6.73,60,1,67,44,61500
Motorola,6,256,5033,50,16,6.63,60,1,240,97,89000
Lava,6,512,5846,48,16,7.0,60,1,25,40,68000
Apple,16,1024,5977,32,12,6.82,144,1,100,75,135000
Apple,16,256,7041,108,16,6.9,120,1,240,35,104500
Infinix,12,128,6804,50,12,6.73,144,1,100,75,84000
Honor,12,128,4602,50,12,6.92,90,1,10,60,59500
Lava,8,128,5907,200,16,6.34,60,1,45,42,60000
Vivo,8,256,7165,50,16,6.55,60,1,120,80,83000
OnePlus,8,512,4913,50,16,6.5,120,1,150,44,79000
Google,6,1024,6481,50,32,6.19,60,1,33,36,93500
iQOO,8,256,4672,50,16,6.3,144,0,240,33,60500
Lava,12,256,5215,64,32,6.1,90,0,120,49,68000
Infinix,4,512,6841,50,16,6.71,120,1,150,88,90500
iQOO,8,256,5987,48,32,6.11,90,1,10,89,83000
OnePlus,16,1024,6191,50,16,6.8,120,1,100,96,123000
Redmi,24,1024,4909,64,16,6.32,90,1,150,44,97500
Oppo,6,512,5034,50,16,6.19,60,1,18,88,78000
Infinix,8,256,5473,50,8,6.15,120,1,120,62,77000
Redmi,6,128,5805,16,12,6.15,144,1,10,58,65500
Honor,8,128,6084,32,16,6.33,144,0,18,52,61000
Apple,12,256,7077,108,8,6.34,165,1,10,29,90000
Honor,8,128,4815,50,12,6.97,120,1,240,73,82500
Vivo,8,256,6419,48,8,6.14,60,1,100,35,57000
Nothing,12,512,4571,32,8,6.28,120,1,45,50,76000
Xiaomi,6,128,5380,48,16,6.52,120,1,25,78,74000
Poco,8,256,6882,50,32,6.14,120,1,80,86,86500
Vivo,24,512,6999,50,20,6.57,120,1,33,66,99500
Infinix,8,512,5074,50,20,6.66,120,1,33,93,86500
Oppo,6,512,5931,108,20,6.8,120,1,18,38,72000
Google,8,256,5080,50,32,6.48,90,1,150,95,88000
Oppo,16,128,7241,50,20,6.78,90,1,33,64,81500
Nothing,4,64,6506,48,16,6.12,120,1,45,81,69500
iQOO,8,256,6404,32,32,6.66,120,1,80,97,88500
Redmi,8,256,5629,48,32,6.18,120,1,80,30,54500
Poco,8,128,6835,64,32,6.19,120,1,45,71,69000
Honor,6,256,5804,50,12,6.54,144,1,25,52,67500
Vivo,4,128,6940,48,16,6.36,120,1,67,58,58500
Poco,6,256,4854,50,20,6.61,120,0,45,38,54500
Nothing,8,128,6947,50,32,6.78,120,1,150,94,96500
OnePlus,24,256,6137,108,16,6.74,120,1,10,35,86000
Infinix,6,128,5181,108,12,6.28,165,1,10,61,63500
Google,8,128,7318,50,16,6.57,60,1,33,69,74000
Honor,4,512,7119,200,8,6.56,120,1,67,39,79500
Apple,12,128,4699,200,16,6.85,120,1,80,58,102000
Realme,6,512,6732,200,12,6.33,120,1,18,30,74000
Honor,16,128,5879,50,8,6.3,90,1,150,69,79000
Apple,16,256,4904,48,50,6.5,120,0,18,94,117500
OnePlus,8,512,5617,64,16,6.82,120,1,150,84,97500
Poco,6,128,4389,64,20,6.28,144,1,18,42,47000
iQOO,16,256,6843,50,16,6.37,120,1,120,37,78500
Poco,12,256,6425,16,8,6.61,120,1,240,25,66500
Nothing,12,256,7174,108,20,6.75,120,0,120,82,93500
iQOO,16,128,4630,64,20,6.12,120,1,18,61,68500
Redmi,12,256,5024,48,32,6.95,60,1,67,61,73000
Infinix,16,64,5685,16,16,6.54,120,0,10,61,63000
Tecno,12,256,5248,48,50,6.95,120,1,33,61,75500
Lava,6,256,5623,48,16,6.2,90,1,100,76,59000
iQOO,6,128,4966,200,12,6.47,90,0,150,83,82000
Lava,6,256,5274,32,20,6.46,90,1,240,79,69500
Poco,6,128,4338,50,50,6.19,60,1,67,84,66500
Tecno,16,128,6657,50,50,6.71,90,1,240,44,82500
Lava,4,256,5914,64,20,6.63,120,1,25,73,63500
Apple,12,512,5617,48,16,6.78,90,1,80,75,111000
OnePlus,8,512,6456,64,20,6.6,120,1,240,90,100500
Infinix,8,256,7125,50,12,6.14,120,1,150,81,83000
Google,8,512,4229,50,32,6.4,120,0,10,77,88500
iQOO,16,512,4496,48,32,6.75,60,0,150,46,79000
Oppo,4,128,4608,50,8,6.59,120,1,120,82,79500
Oppo,8,256,7427,32,16,6.35,120,0,18,96,89000
Poco,8,256,7045,108,12,6.27,120,1,25,72,81000
Oppo,6,512,5135,48,16,6.69,120,0,18,85,83500
Samsung,8,256,6703,108,16,6.41,120,1,33,60,77000
Realme,4,256,5345,50,16,6.41,90,1,80,77,70500
Realme,8,256,6510,108,20,6.4,60,1,10,27,45500
Lava,8,256,5664,50,32,6.8,120,1,100,72,77500
Samsung,4,512,6103,200,8,6.71,120,1,25,96,111000
Realme,8,256,6040,64,12,6.25,120,0,100,37,70500
Honor,8,256,6452,48,20,6.95,120,1,120,68,79500
Google,8,512,6270,64,16,6.6,90,0,150,94,101000
Redmi,8,256,5382,32,16,6.13,90,1,45,68,60500
Google,8,256,6466,48,16,6.56,90,1,25,27,62000
Nothing,6,256,4768,50,12,6.33,144,1,150,35,71500
Samsung,8,128,6186,108,50,6.8,90,1,80,95,91000
Tecno,8,512,7448,16,8,6.24,60,1,150,39,69500
OnePlus,24,256,5175,48,16,6.13,120,1,10,80,92000
Tecno,12,256,4553,50,20,6.39,60,1,33,85,78000
Nothing,4,512,6023,50,16,6.87,90,0,100,38,67000
Samsung,16,128,6718,108,16,6.41,120,0,33,59,80500
Infinix,6,512,7278,108,16,6.54,90,1,10,48,70000
iQOO,6,256,4647,50,32,6.39,120,1,80,49,66000
Motorola,24,256,7443,64,16,6.69,120,1,33,54,94000
Honor,8,512,7274,50,12,6.29,120,1,120,94,104000
Poco,6,256,4992,12,8,6.37,120,1,18,37,50000
Lava,12,128,6447,50,16,6.86,144,1,80,84,83500
Vivo,12,256,4487,108,12,6.55,120,0,10,49,68500
Vivo,6,128,7486,50,16,6.24,120,1,240,44,71500
Motorola,8,512,4050,200,32,6.67,90,1,80,58,88000
Oppo,8,256,4798,48,32,6.3,144,1,18,92,97500
Infinix,6,256,6389,200,32,6.28,90,1,67,56,69000
OnePlus,6,512,7088,48,12,6.5,90,1,33,87,94500
Tecno,6,256,5726,12,20,6.34,60,1,45,89,77000
Xiaomi,8,256,6549,32,16,6.72,120,0,80,39,63500
Nothing,12,1024,4875,64,16,6.4,120,1,150,79,119500
Poco,8,1024,6782,50,16,6.28,120,0,120,46,84000
Nothing,8,64,4680,64,16,6.82,90,1,10,68,64500
Google,4,512,5596,64,8,6.51,120,1,18,58,76500
Vivo,12,64,5192,48,20,6.32,90,1,150,90,97000
Honor,8,512,6063,48,8,6.72,60,1,120,36,67500
Nothing,6,256,6939,32,20,6.88,120,1,45,49,71000
Apple,8,256,4020,50,8,6.87,120,0,80,89,103500
Honor,16,256,5895,48,16,6.51,120,1,45,66,81000
Oppo,4,128,4457,50,16,6.54,144,1,45,63,61500
Nothing,8,256,5059,12,16,6.12,60,1,33,46,69500
Google,8,512,6734,50,12,6.53,60,1,100,84,90500
Poco,6,256,6968,16,16,6.63,120,1,100,42,57000
Oppo,8,256,5896,64,12,6.45,120,1,120,26,63000
Google,8,256,6686,64,50,6.81,165,1,100,57,88000
Poco,8,128,5819,50,8,6.52,120,1,25,29,55000
Realme,8,64,6023,16,50,6.17,90,1,240,31,50500
Apple,8,512,7191,50,32,6.44,120,1,18,52,92500
Tecno,12,128,4543,108,16,6.94,144,1,240,100,92500
Apple,8,128,5130,48,12,6.8,120,1,67,28,74000
Oppo,16,128,7081,108,12,6.46,144,1,33,78,86500
iQOO,8,256,4645,48,16,6.62,120,0,67,53,68500
Xiaomi,8,128,5006,50,8,6.48,120,1,10,28,49000
Infinix,8,128,6352,50,16,6.79,90,0,10,95,80500
iQOO,8,64,7011,48,8,6.83,60,1,18,41,49500
Motorola,12,128,6531,108,12,6.4,120,1,10,56,74500
Honor,24,64,4187,64,16,6.83,90,0,33,68,77500
iQOO,12,256,5212,108,16,6.53,120,1,80,66,89500
Realme,6,256,6930,50,50,6.55,165,0,67,77,73000
Tecno,6,256,7218,108,20,6.78,120,1,80,57,72500
Infinix,8,512,6582,108,20,6.8,165,1,100,68,90500
Google,6,1024,5577,200,8,6.72,90,1,18,30,85500
Vivo,6,256,5426,108,16,6.48,60,1,80,47,68000
Honor,12,512,5600,200,16,6.62,60,1,100,34,76500
Motorola,8,512,5062,32,16,6.29,90,1,10,94,87500
Vivo,12,1024,6841,48,12,6.53,144,1,45,44,100000
Honor,6,256,6665,48,16,6.34,120,1,45,59,67500
Google,24,256,4890,48,8,6.49,90,1,25,77,100500
OnePlus,6,64,4234,50,16,6.38,120,1,25,45,62500
Poco,4,128,5319,50,16,6.18,120,1,10,57,55500
Poco,16,256,7468,64,16,6.96,144,1,150,84,89500
Oppo,8,128,5068,48,32,6.92,120,1,150,83,75500
Apple,6,128,4352,48,32,6.71,120,1,45,87,105000
Google,12,128,6083,48,12,6.7,144,0,80,59,83500
Vivo,6,512,4184,48,16,6.56,120,1,33,89,90000
Vivo,8,128,5497,50,8,6.56,144,1,240,91,92000
Redmi,6,256,6885,64,8,6.56,120,1,10,73,65000
iQOO,16,512,4187,108,12,6.74,60,1,33,82,90000
Honor,16,256,6721,32,16,6.33,144,1,120,84,89500
Realme,8,256,7002,108,20,6.66,90,0,25,77,85000
Vivo,12,128,7160,108,16,6.78,120,1,240,73,97500
Xiaomi,8,128,4046,48,12,6.22,144,1,80,56,70000
iQOO,12,128,6492,50,16,6.22,144,1,33,97,91500
Redmi,8,128,6914,108,8,6.47,165,1,45,79,89000
Vivo,12,256,6310,48,32,6.88,60,0,240,63,78000
Oppo,6,256,7310,50,32,6.18,90,1,100,83,94000
Xiaomi,8,128,6329,50,20,6.78,120,1,150,55,78000
Tecno,16,256,6520,50,8,6.29,120,1,100,84,86500
Tecno,16,128,6095,32,16,6.31,120,1,10,48,65000
Lava,8,256,6084,50,16,6.15,120,1,80,93,80500
Vivo,12,512,5088,200,32,6.81,120,1,100,52,90500
Oppo,12,256,5468,48,16,6.16,60,0,67,37,53500
Realme,8,512,6475,48,16,6.83,90,1,120,91,88500
Realme,8,128,4457,108,16,6.78,120,0,45,63,59000
Oppo,12,128,7280,50,12,6.12,120,1,150,35,70000
Xiaomi,4,128,5817,200,16,6.89,120,1,25,34,59500
Lava,8,256,6884,12,12,6.59,90,1,120,96,80000
Redmi,16,256,6256,64,8,6.26,165,1,45,99,91000
Nothing,6,1024,6457,50,32,6.66,120,1,10,76,103500
Nothing,4,512,7380,50,16,6.82,120,1,25,56,80500
Motorola,12,128,7011,50,32,6.28,120,1,18,83,79500
Lava,8,128,5287,48,20,6.67,120,1,100,39,51000
Google,4,128,7207,50,32,6.58,90,1,67,46,65500
Poco,12,256,7413,50,50,6.96,165,1,67,25,65000
Oppo,12,64,6188,48,32,6.29,120,1,150,54,73000
Samsung,24,512,4454,50,32,6.95,120,0,18,40,92000
Oppo,8,256,6649,50,16,6.32,120,0,240,92,93000
Apple,6,512,5737,108,16,6.94,120,1,240,67,120000
Poco,8,256,5008,48,12,6.78,120,0,18,45,55500
Motorola,8,512,4472,200,16,6.17,120,1,120,37,70000
Tecno,8,128,7415,200,32,6.56,120,1,45,85,87000
iQOO,12,128,7416,50,16,6.25,120,1,120,63,88000
Motorola,8,128,4746,50,20,6.28,120,1,18,72,63500
Redmi,8,512,5539,50,12,6.12,120,1,67,66,86500
Xiaomi,8,512,4862,32,32,6.25,120,1,33,36,61000
Google,8,128,5532,50,20,6.61,120,1,120,69,82000
Tecno,12,256,6239,50,12,6.35,120,1,80,33,72500
Xiaomi,8,256,5129,48,32,6.11,120,1,67,96,83500
Infinix,8,256,6966,48,12,6.23,120,1,25,33,50000
Poco,4,1024,5247,48,8,6.16,60,0,10,42,73500
Tecno,8,256,6835,12,12,6.88,144,1,10,79,74000
Google,4,512,4190,64,8,6.8,90,1,45,69,85500
Samsung,8,128,4774,50,20,6.14,144,1,33,26,56000
Samsung,12,256,5535,64,20,6.56,120,1,33,93,91500
OnePlus,24,256,7382,48,12,6.59,120,1,150,60,110500
Oppo,4,256,4259,200,8,6.66,90,1,150,82,86000
Lava,8,256,4145,50,32,6.35,120,1,150,76,82500
Infinix,4,256,7450,48,50,6.39,60,1,80,67,69500
Samsung,8,256,5044,50,32,6.36,144,1,120,85,97500
Tecno,12,256,6091,50,20,6.64,120,1,67,71,79000
Xiaomi,12,128,5701,50,32,6.79,120,1,80,79,91000
Realme,4,256,4200,50,12,6.76,120,1,120,72,75000
Poco,6,256,5858,108,16,6.91,120,1,18,29,61500
Realme,12,64,6300,50,12,6.74,120,1,150,64,75000
Lava,8,128,6239,64,12,6.94,60,1,25,49,52500
Lava,6,256,4993,50,16,6.43,120,1,45,94,71500
Xiaomi,12,512,6931,200,8,6.67,90,1,25,47,83000
Realme,12,512,7452,108,12,6.4,60,1,10,72,95000
Tecno,12,1024,5947,48,16,6.91,120,1,67,41,88000
Tecno,8,128,7281,48,32,6.53,90,1,120,67,78000
Honor,12,128,5383,50,16,6.82,165,1,80,65,77000
Apple,8,256,5880,50,32,6.2,120,1,100,72,100500
Motorola,8,256,4420,48,20,6.33,120,1,18,100,79000
Apple,12,256,6465,200,16,6.4,120,1,80,69,110500
Infinix,12,256,4643,64,32,6.7,120,0,18,56,67500
Lava,8,64,6568,48,8,6.65,60,1,25,33,51000
Redmi,8,512,7459,50,50,6.98,90,1,120,86,91500
OnePlus,8,512,7322,48,16,6.35,90,1,80,77,99500
Infinix,4,256,5473,64,50,6.85,120,1,25,67,70000
Nothing,6,256,4393,32,32,6.99,90,1,25,41,56500
OnePlus,8,128,6989,12,16,6.97,120,0,67,47,66000
Motorola,6,256,6102,50,12,6.42,120,1,67,68,74500
Nothing,8,512,6536,12,16,6.98,144,1,150,43,85500
Nothing,16,128,4744,48,12,6.88,90,1,18,93,92500
Oppo,12,128,4733,50,16,6.49,120,1,240,55,81000
Honor,8,512,4075,64,16,6.53,120,1,10,44,73500
Vivo,8,1024,4628,48,16,6.73,120,0,150,57,95500
Infinix,8,512,5692,64,12,6.92,120,1,18,55,72000
Honor,8,512,6926,48,8,6.58,165,1,45,50,71000
Nothing,12,64,4001,32,32,6.12,144,1,25,66,72000
Realme,8,1024,7480,16,16,6.34,60,1,45,35,89000
Infinix,12,128,7283,12,16,6.5,120,1,67,95,93500
Vivo,8,256,7180,48,20,6.14,120,1,150,71,84000
OnePlus,16,128,5680,50,32,6.8,144,1,240,73,98000
Honor,6,512,4122,50,32,6.51,144,1,25,54,59000
Google,6,256,6953,48,12,6.22,120,1,100,31,72000
Redmi,16,256,4131,48,12,6.3,144,1,67,54,77500
Realme,6,256,6770,32,16,6.51,120,1,25,29,53000
Google,16,1024,4527,48,32,6.64,120,1,120,83,120000
Infinix,4,128,6766,50,32,6.47,144,0,25,42,57000
Honor,4,512,5323,50,8,6.8,120,1,120,73,81000
Vivo,8,256,6143,48,32,6.81,60,1,240,80,93500
Lava,12,256,4043,200,32,6.69,120,1,33,62,69000
Realme,4,256,4794,32,16,6.9,120,1,80,67,71500
Nothing,16,128,4781,48,16,6.22,120,1,25,41,65500
Realme,8,128,6719,50,16,6.27,120,0,25,100,80000
iQOO,16,256,7045,200,12,6.42,120,1,100,54,87000
Samsung,8,128,5528,64,12,6.24,120,0,45,29,55000
OnePlus,8,512,6690,48,12,6.24,144,1,10,79,88000
iQOO,8,256,5384,48,16,6.9,120,1,10,52,63000
Nothing,12,128,6016,48,16,6.79,120,1,80,84,94000
iQOO,8,1024,4311,16,12,6.42,60,0,120,26,80500
Apple,8,512,5704,64,12,6.15,120,1,67,58,100000
Nothing,8,256,5425,50,20,6.31,90,1,67,93,84000
Tecno,8,128,7444,50,8,6.12,120,1,100,47,57500
Honor,6,256,4463,200,16,6.97,120,1,10,90,79000
Honor,12,128,5281,50,16,6.65,120,1,10,25,52500
Infinix,4,128,4160,50,12,6.52,120,0,80,95,85000
Redmi,6,512,6482,50,50,6.78,90,1,150,88,95500
Infinix,12,256,4056,32,12,6.31,120,1,150,95,83000
Google,24,128,4277,64,12,6.99,120,1,80,79,98500
Samsung,12,128,7495,48,32,6.99,90,1,33,70,96500
Nothing,8,256,4365,48,20,6.15,60,1,18,91,81000
Vivo,6,128,5347,50,16,6.32,60,1,67,36,55000
Vivo,16,512,5804,50,8,6.67,60,1,240,80,99000
Tecno,6,256,5419,48,16,6.54,144,1,100,91,83500
Honor,4,128,7112,50,16,6.31,120,0,18,61,59000
Oppo,16,128,4512,50,50,6.49,90,1,18,91,85000
Google,4,128,5216,50,20,6.45,120,1,45,47,69000
Redmi,8,512,7344,48,16,6.99,165,0,80,62,80000
OnePlus,8,128,5845,64,12,6.45,120,1,67,25,56000
Infinix,8,512,6348,50,32,6.65,90,1,240,73,90500
Poco,8,128,7319,48,16,6.59,120,1,10,41,57000
Tecno,12,256,5792,50,16,6.64,120,1,80,56,72500
Xiaomi,8,128,4184,48,50,6.38,120,1,150,57,66500
Redmi,8,256,6881,108,32,6.77,120,1,18,31,60500
OnePlus,6,256,5525,50,16,6.99,120,0,18,43,66000
Poco,12,256,6497,48,12,6.4,165,1,80,79,95500
iQOO,6,512,7216,48,16,6.56,144,1,240,45,83000
Realme,16,256,6223,32,16,6.68,165,1,240,65,98500
Samsung,6,128,4384,64,16,6.27,144,1,100,50,63500
Vivo,16,128,7163,16,16,6.28,60,0,25,70,70000
Oppo,6,256,6909,50,16,6.52,165,1,100,98,97000
Lava,12,256,5077,50,16,6.78,90,1,120,54,68500
Vivo,8,1024,4738,48,16,6.4,165,1,100,30,92000
Apple,8,1024,6155,50,32,6.8,90,1,18,87,129000
iQOO,8,512,5113,200,32,6.37,60,1,18,30,66500
Apple,12,256,6717,108,16,6.58,144,1,240,86,122000
Google,8,1024,6968,48,20,6.44,120,1,33,84,112500
Tecno,4,256,6029,108,16,6.26,120,1,25,46,58500
Infinix,8,256,7495,48,12,6.43,90,1,120,84,82000
Honor,8,256,4370,48,16,6.12,90,1,18,58,58000
Google,12,64,5055,50,20,6.15,120,0,240,81,88500
Honor,12,256,4760,108,16,6.97,90,1,10,94,78000
Google,12,256,6448,64,16,6.26,120,1,33,93,103500
Nothing,6,512,7071,50,16,6.25,90,1,18,58,76000
Motorola,8,128,5593,108,12,6.66,165,1,67,55,72000
Poco,12,64,5058,50,12,6.98,60,1,25,89,78500
Google,8,256,5223,108,32,6.26,90,1,240,99,95000
Redmi,4,1024,6738,12,16,6.13,120,1,67,30,75000
Infinix,8,128,6566,50,12,6.89,120,1,67,88,83000
Realme,16,64,5793,50,12,6.56,120,0,67,32,54500
OnePlus,8,128,4325,48,12,6.84,165,1,150,54,68000
Apple,8,128,6138,200,16,6.91,60,1,100,79,97500
Lava,16,128,4846,48,20,6.27,144,1,100,64,77500
Oppo,24,128,4538,32,16,6.42,90,1,67,70,94000
iQOO,12,512,6726,16,16,6.24,120,1,80,41,75500
Nothing,6,128,4268,48,20,6.64,60,1,25,52,59500
Realme,8,256,4501,50,8,6.72,90,1,150,29,52000
Google,16,128,6473,108,12,6.15,90,1,45,29,70000
Google,8,128,4581,108,50,6.19,120,1,10,74,78500
Apple,6,256,6053,12,50,6.16,120,1,25,62,85000
Nothing,8,512,7110,50,16,6.71,120,0,10,49,80500
Google,6,256,7397,48,16,6.11,120,1,18,31,62000
Apple,8,128,7113,200,32,6.82,120,1,25,70,115000
Realme,4,512,5250,48,50,6.34,144,0,25,73,85500
Nothing,12,256,6775,50,50,6.84,165,1,80,42,74000
Infinix,4,512,5648,108,20,6.91,120,1,45,33,72000
Honor,8,256,4411,50,20,6.54,120,0,240,55,69500
Honor,8,128,7063,50,16,6.27,144,1,120,60,75000
Apple,16,128,4642,48,16,6.99,120,1,120,100,120500
Realme,16,512,5813,48,16,6.19,60,0,80,85,90500
Nothing,8,256,6374,50,16,6.32,90,1,120,74,89000
Oppo,4,128,4612,108,32,6.86,120,0,25,52,63000
Infinix,12,128,4798,50,16,6.83,120,1,100,25,51000
Oppo,8,128,7459,50,32,6.27,165,1,80,36,69000
Vivo,12,256,5698,200,50,6.11,165,1,10,25,77000
Nothing,12,128,5151,64,32,6.7,120,0,10,96,91500
Lava,8,256,5149,64,16,6.32,90,1,100,68,71500
Vivo,8,512,6452,32,16,6.32,60,1,45,80,88500
iQOO,8,128,5728,108,12,6.58,120,1,33,41,65000
iQOO,12,256,4797,32,32,6.54,120,1,45,75,84000
Realme,6,128,7242,48,12,6.44,120,1,18,32,50500
Xiaomi,8,1024,6191,50,20,6.55,60,1,150,36,77500
Vivo,8,1024,4785,200,8,6.19,165,1,10,68,109000
Realme,8,1024,7143,50,8,6.51,120,1,10,55,94500
Apple,6,256,5917,64,12,6.37,120,1,67,80,92500
Infinix,8,128,4847,64,20,6.42,60,1,150,59,65500
Lava,12,64,6630,48,16,6.55,60,1,100,42,53500
Redmi,12,512,6815,200,16,6.72,144,1,150,67,98500
Xiaomi,8,256,6104,50,32,6.49,165,1,100,56,84500
Nothing,6,256,5481,50,32,6.78,120,1,67,38,67000
Oppo,16,128,5391,50,16,6.16,120,1,45,50,76000
Infinix,8,64,4249,50,16,6.73,60,1,80,42,43500
Lava,6,1024,7302,48,20,6.58,120,1,18,36,79000
Google,8,128,5670,50,50,6.37,120,1,150,92,88500
Samsung,12,512,6742,48,20,6.93,120,0,10,27,74000
Poco,6,512,4587,108,16,6.23,165,1,80,63,78500
Tecno,6,256,4068,48,12,6.66,120,0,240,100,87000
Redmi,8,128,4476,108,8,6.26,144,1,33,100,79000
Redmi,8,256,5770,200,16,6.99,60,1,150,26,62000
Tecno,8,512,5168,50,32,6.36,120,1,18,32,57500
Lava,12,256,5128,32,16,6.28,60,1,18,72,66000
Google,12,512,6360,50,32,6.94,144,1,45,87,95000
Xiaomi,4,256,6119,64,32,6.34,144,1,150,31,63500
Nothing,24,256,4521,48,32,6.43,120,1,150,63,92500
OnePlus,4,512,6000,32,12,6.47,60,1,33,42,70000
Nothing,12,256,6113,50,8,6.47,120,1,67,39,66000
OnePlus,4,1024,6976,50,16,6.76,120,1,240,39,97000
Oppo,4,256,5497,50,32,6.43,144,0,120,57,63000
Oppo,12,1024,5024,50,20,6.29,120,0,120,51,92000
iQOO,6,128,5610,50,16,6.77,90,1,45,33,58500
Poco,8,256,4585,48,16,6.78,120,1,10,51,67000
Lava,12,256,5063,48,50,6.94,90,1,25,34,67500
Poco,6,256,6291,50,32,6.18,120,1,33,94,84000
Apple,6,512,5720,50,16,6.97,120,0,240,48,94500
Google,16,512,6905,50,32,6.47,60,1,18,25,75000
Poco,16,512,5774,48,12,6.73,120,1,67,46,82500
Oppo,8,256,4172,16,8,7.0,90,1,33,50,68500
Infinix,6,256,7320,48,32,6.24,90,1,80,96,86500
Nothing,8,512,5451,50,20,6.31,120,1,33,81,82500
Honor,16,128,4459,50,32,6.79,165,1,67,59,79000
Nothing,16,128,6083,48,12,6.6,90,1,18,75,86000
iQOO,6,512,7365,50,16,6.53,60,1,150,86,93000
Oppo,8,128,4377,50,12,6.12,120,1,150,49,54500
Lava,4,512,7465,64,16,6.55,120,1,240,65,78500
Apple,4,512,7066,50,16,6.91,90,1,80,71,102500
Tecno,12,256,5702,64,16,6.59,144,0,150,56,70500
Honor,8,256,7471,50,8,6.42,144,1,25,72,72500
Tecno,16,512,5989,200,20,6.51,120,0,240,57,102500
Motorola,8,256,6566,200,16,6.93,120,1,80,55,80500
Xiaomi,8,64,5367,48,32,6.72,120,1,150,39,64500
Samsung,8,128,6441,32,16,6.22,120,1,18,40,67500
Apple,8,256,4367,32,16,6.95,120,1,25,28,84500
Honor,12,256,5783,64,20,6.84,165,1,100,36,76500
Infinix,12,512,5185,50,8,6.82,90,0,33,71,78500
Redmi,6,128,7296,50,12,6.81,120,1,33,87,78500
Oppo,8,128,4284,64,16,6.69,144,1,18,50,75500
Motorola,6,256,4182,48,32,6.64,120,1,33,34,53000
Samsung,4,128,5264,32,16,7.0,120,1,120,31,57500
Motorola,8,128,6799,50,8,6.23,120,1,33,40,58500
Google,12,256,6848,50,12,6.78,60,1,18,33,71000
Apple,8,256,4979,50,20,6.42,90,0,100,37,81000
Nothing,4,128,5059,12,12,6.58,90,1,120,43,59000
Apple,6,128,6692,32,20,6.69,90,1,100,78,104000
Oppo,6,64,7399,64,20,6.54,120,1,10,96,79500
Motorola,8,128,7321,50,20,6.72,120,1,67,96,86000
Nothing,8,256,4593,50,16,6.92,90,1,67,64,77000
OnePlus,8,128,5561,200,16,6.21,120,1,240,51,87000
OnePlus,6,512,6186,50,16,6.34,60,1,18,34,54500
Motorola,12,128,6497,64,12,6.68,120,1,100,89,88500
Motorola,6,512,4161,48,8,6.77,90,0,80,71,79000
Google,24,256,4113,64,32,6.37,120,1,45,99,102500
Google,6,256,5647,16,32,6.61,120,1,45,93,95000
Vivo,12,128,4098,50,12,6.52,144,1,67,80,70500
Vivo,4,256,6328,50,32,6.38,120,1,100,76,77000
Vivo,8,64,5024,64,8,6.28,90,1,67,30,54000
Motorola,6,128,4619,50,20,6.36,60,1,120,74,70000
Google,8,128,4100,108,16,6.74,120,1,100,33,70500
Honor,16,128,4573,50,32,6.6,90,1,25,27,55000
Google,6,256,5499,50,20,6.18,120,1,240,61,79000
Oppo,8,256,5995,200,16,6.39,120,1,80,40,75000
Realme,12,128,6884,50,12,6.85,144,1,33,95,95500
Poco,12,512,6189,108,32,6.74,60,1,120,83,97500
Infinix,12,256,7372,16,16,6.71,120,1,67,32,50000
Xiaomi,6,512,5897,48,12,6.84,120,0,33,72,76000
Google,16,128,7499,108,16,6.67,120,1,10,70,95000
Lava,4,256,5357,48,32,6.28,60,1,18,98,75500
Nothing,16,256,4820,50,16,6.17,120,1,240,91,97000
Tecno,4,128,4834,50,32,6.38,90,1,18,28,42500
Lava,12,256,4716,200,8,6.16,120,0,45,49,61500
Google,8,128,5504,50,32,6.24,144,1,240,91,87000
OnePlus,16,512,7463,64,12,6.62,144,1,18,46,89500
Xiaomi,4,512,4426,200,32,6.77,90,1,45,50,76500
Google,16,128,6069,12,16,6.53,144,1,67,70,84000
Honor,12,128,7069,200,32,6.88,90,0,67,55,76000
Google,24,64,4969,50,12,6.33,120,1,10,82,94500
iQOO,8,128,7227,50,16,6.37,90,1,25,77,78500
Lava,12,256,5360,200,16,6.71,120,1,80,76,95500
Motorola,8,256,7263,48,32,6.24,120,1,33,63,76500
Samsung,12,512,4135,48,32,6.44,90,1,25,70,94000
Honor,12,512,5197,48,12,6.7,120,1,120,32,69000
Apple,16,256,4544,48,16,6.48,120,1,120,29,84000
Samsung,8,256,6577,50,12,6.64,165,1,10,60,82000
Nothing,8,256,6709,50,20,6.58,60,1,120,66,73500
Infinix,16,256,5544,50,50,6.28,165,0,10,37,73000
Google,16,128,4586,16,16,6.9,144,1,120,67,80000
Honor,12,256,4272,48,16,6.5,120,1,33,41,59500
Realme,4,512,4318,108,20,6.3,120,1,150,63,78500
Lava,8,256,5985,48,8,6.85,90,1,100,66,68500
Motorola,12,1024,7064,108,16,6.71,120,0,120,90,113000
OnePlus,8,128,5625,48,32,6.74,90,1,120,52,67500
Motorola,8,512,4857,50,16,6.29,120,1,33,32,57500
OnePlus,8,128,6425,12,32,6.2,120,1,25,93,82000
Redmi,8,256,5772,50,32,6.99,120,1,80,45,68000
Oppo,8,128,6427,50,20,6.98,60,1,33,58,65000
Oppo,4,1024,5327,48,12,6.5,120,1,100,28,80500
Google,16,256,7004,50,16,6.4,120,1,18,90,96500
Redmi,12,256,5599,64,32,6.99,144,1,10,42,65000
Samsung,16,128,7070,12,16,6.32,144,0,18,61,77000
Nothing,8,256,6152,48,16,6.21,144,1,150,61,76500
Vivo,8,512,6484,32,8,6.64,120,1,25,55,69500
iQOO,12,128,4034,50,32,6.89,144,1,33,96,89000
Google,8,256,5189,64,16,6.9,90,1,45,76,77000
Infinix,8,128,4518,50,20,6.17,90,0,150,79,68500
Vivo,6,256,5135,48,8,6.48,60,1,240,35,56500
Apple,8,256,4449,48,32,6.88,120,1,150,64,106500
Motorola,12,1024,5156,50,16,6.59,120,1,120,32,98500
Infinix,12,256,6536,108,16,6.91,120,1,10,46,70500
Honor,8,128,5900,50,16,6.26,120,1,45,44,62500
Samsung,8,512,5052,48,20,6.3,120,1,10,72,89000
Honor,8,128,5015,48,32,6.75,60,0,25,82,69500
Samsung,8,256,4347,48,20,6.62,165,1,45,72,86500
Infinix,16,256,5967,48,16,6.95,120,1,67,91,94000
Realme,8,256,6234,32,12,6.83,120,1,240,56,79500
Oppo,8,256,6780,50,32,6.69,120,1,18,82,92500
Poco,12,512,5752,16,50,6.93,120,1,150,86,98000
Samsung,6,256,7419,108,32,6.27,165,1,33,49,80000
OnePlus,4,256,5952,50,12,6.58,144,1,150,60,76000
Poco,8,64,6472,64,12,6.12,90,0,80,49,50000
iQOO,6,512,6809,50,16,6.37,90,1,80,43,71000
Apple,8,128,5888,64,16,6.28,60,1,67,71,94500
Samsung,24,128,5581,50,16,6.92,144,1,33,72,101500
Tecno,24,512,4314,32,20,6.35,144,1,150,54,91500
Samsung,4,256,5061,50,12,6.91,60,1,25,38,51000
Oppo,12,256,4451,50,16,6.48,120,1,240,92,94500
Lava,4,256,5346,48,32,6.11,120,1,80,68,62500
Apple,16,256,7440,32,8,6.16,120,1,25,67,102500
Honor,6,512,5382,50,20,6.36,120,1,67,41,68500
Honor,6,256,5741,64,16,6.38,120,1,120,33,69500
Oppo,8,64,6568,108,50,6.55,120,1,18,65,79500
Poco,6,512,5050,64,16,6.19,120,1,33,74,77000
Google,6,64,4553,50,16,6.74,120,1,120,63,70500
Apple,6,512,6520,16,16,6.24,144,1,10,86,113500
Apple,8,256,5879,200,16,6.76,90,1,120,59,106500
Realme,6,128,6972,12,16,6.34,90,0,67,68,64500
Lava,8,256,5193,16,16,6.82,90,0,240,98,81000
Vivo,12,64,7207,48,16,6.48,120,1,33,48,65500
Google,12,128,5450,48,20,6.46,90,0,240,27,65000
Infinix,4,512,4704,12,8,6.22,144,1,25,59,53000
Poco,6,128,4930,48,16,6.1,165,1,100,80,76500
Vivo,8,128,5730,108,16,6.25,90,1,45,63,66000
Nothing,12,128,4314,64,20,6.33,120,0,45,86,80000
Vivo,8,64,6203,64,12,6.69,144,0,10,66,74500
Realme,16,256,4835,200,16,6.84,90,1,45,82,100500
Apple,12,128,4195,50,16,6.95,120,1,240,79,114000
Samsung,12,64,6988,200,16,6.5,120,1,18,81,98000
iQOO,12,128,7074,200,16,6.54,165,1,18,41,83000
Xiaomi,8,128,4122,32,16,6.55,120,1,80,72,73000
Vivo,8,256,6167,50,16,6.27,90,0,10,58,65500
OnePlus,6,256,6617,50,16,6.62,60,1,120,79,86000
Realme,8,512,4450,50,16,6.13,90,1,18,45,58000
Nothing,8,128,7075,108,12,6.99,120,1,45,78,78500
Infinix,4,128,4532,200,32,6.71,120,1,18,84,79500
Poco,4,512,5027,200,12,6.4,120,1,45,63,82500
Tecno,8,256,7233,50,12,6.64,120,1,120,34,65000
Honor,12,512,4192,64,16,6.11,60,1,100,52,71000
Poco,8,256,7136,48,16,6.75,165,1,67,34,64500
Xiaomi,8,256,4685,16,20,6.9,60,1,33,34,57500
Xiaomi,16,256,5480,50,16,6.63,120,1,100,44,81500
iQOO,8,256,6099,48,16,6.37,90,1,45,64,76000
Apple,6,256,4636,50,16,6.87,144,1,18,54,88500
Nothing,6,128,5423,64,20,6.82,120,1,120,82,76000
Google,8,512,4879,108,8,6.94,120,0,25,94,100500
Honor,12,256,6747,48,16,6.85,120,1,25,76,80000
Tecno,8,512,4525,200,32,6.76,120,1,80,48,84500
Nothing,16,256,6931,48,8,6.56,120,1,150,51,83000
Tecno,12,512,7267,200,32,6.89,60,1,45,50,80000
Google,8,512,4708,64,32,6.86,144,1,67,100,103500
Vivo,8,256,4052,50,16,6.79,165,1,45,37,60000
Honor,6,256,5209,64,20,6.56,144,1,240,68,73000
Infinix,16,256,4991,12,12,6.55,90,1,33,69,75000
Vivo,8,256,7252,50,12,6.74,144,1,67,28,60000
Honor,16,128,6733,50,16,6.51,120,1,25,68,88000
Tecno,6,256,6348,200,12,6.94,120,1,240,89,99000
iQOO,12,128,5621,48,8,6.96,120,1,100,96,96500
Honor,4,256,4300,50,16,6.22,90,1,33,79,61500
Poco,4,128,4315,50,50,6.74,144,1,67,45,63500
Apple,12,256,5843,200,16,6.5,60,0,120,95,129000
iQOO,12,256,7283,108,32,6.89,120,1,25,66,85500
Infinix,6,128,4579,200,20,6.12,90,1,10,77,72000
Xiaomi,12,128,4187,16,16,6.63,120,1,18,76,67500
Redmi,12,128,5617,50,16,6.14,120,1,120,26,64500
Google,12,512,6426,108,20,6.98,60,1,18,47,78000
Realme,12,256,6875,50,32,6.86,90,0,80,89,82500
Infinix,8,256,5020,48,20,6.84,60,1,80,26,50500
Apple,8,256,4255,50,12,6.66,120,1,100,48,91000
Google,6,128,6978,32,20,6.41,120,1,67,64,77500
iQOO,8,256,5412,32,16,6.95,120,1,240,84,93500
Google,8,256,7085,108,16,6.76,90,1,67,51,81500
Xiaomi,8,256,6111,48,16,6.62,90,1,240,29,62000
Lava,12,128,4085,50,16,6.99,90,1,25,96,84000
Honor,8,128,7370,48,8,6.32,165,1,120,96,94000
Honor,12,64,4877,50,16,6.68,120,1,150,41,64000
Tecno,4,128,6395,200,32,6.69,120,1,10,77,73000
Apple,12,128,5621,12,16,6.33,120,1,80,25,80500
Motorola,4,64,6471,50,20,6.75,120,1,67,70,70000
Infinix,12,1024,5568,50,50,6.31,120,1,120,65,103000
Infinix,8,128,6746,48,32,6.57,90,1,67,44,53000
Vivo,6,128,5090,50,16,6.25,120,1,25,55,59000
Xiaomi,6,512,5601,50,32,6.73,120,1,240,78,94500
Oppo,12,512,6934,48,32,6.93,120,0,150,49,82500
Xiaomi,8,256,6633,48,32,6.55,120,1,25,58,77500
iQOO,4,256,5117,50,8,6.63,165,1,45,74,72500
Google,4,1024,4828,50,32,6.99,120,0,33,91,111000
Google,4,256,6619,12,32,6.65,90,1,10,52,61000
Poco,8,128,6360,32,32,6.64,90,1,150,37,55500
OnePlus,8,512,6865,32,20,6.54,165,1,25,34,73500
Infinix,6,256,4967,200,12,6.85,60,1,120,72,75500
Redmi,16,64,7404,50,8,6.19,120,1,33,56,70000
Xiaomi,24,512,4573,50,32,7.0,120,0,25,82,102000
Samsung,8,128,4038,50,12,6.42,120,1,18,74,76500
Samsung,4,128,5910,50,8,6.6,120,1,100,64,71000
Poco,6,128,5937,50,32,6.55,120,1,18,82,68500
Oppo,4,128,6905,50,32,6.63,120,1,10,79,76500
Nothing,12,512,4765,50,32,6.44,165,1,150,72,100000
Lava,6,256,5451,50,12,6.47,120,0,120,90,79000
Infinix,6,256,4637,200,16,6.81,90,1,45,26,58500
Xiaomi,16,64,4460,64,20,6.68,120,1,67,29,62500
Google,6,256,5956,108,16,6.49,60,1,18,58,76000
Xiaomi,12,256,6898,50,8,6.35,120,1,100,87,89500
Realme,24,128,5157,48,8,6.26,120,1,150,97,94000
OnePlus,8,64,4675,50,12,6.72,165,1,150,87,89500
Poco,8,64,5922,50,12,6.98,120,1,18,40,52500
Xiaomi,8,256,6054,200,50,6.13,144,1,67,58,83500
Tecno,12,512,6849,108,32,6.63,120,1,33,71,95000
OnePlus,6,512,5799,50,12,6.55,120,0,240,68,85000
Honor,6,512,6812,50,32,6.49,90,1,25,96,96000
Apple,12,256,6839,50,12,6.57,165,1,33,77,106500
Apple,8,256,5528,50,16,6.43,120,1,240,51,86500
OnePlus,6,256,7278,50,20,6.12,120,1,45,72,73000
Realme,12,256,4025,50,12,6.4,60,1,120,87,76500
iQOO,6,512,5680,50,16,6.28,120,1,45,75,81500
Tecno,12,256,6098,200,32,6.78,120,1,45,70,90000
Lava,6,512,7382,108,12,6.65,90,0,100,72,82000
Infinix,8,256,5045,50,20,6.82,120,1,80,33,55500
Oppo,12,64,5881,48,32,6.21,120,0,80,96,89500
Lava,16,256,4712,48,16,6.94,60,1,80,88,79000
Honor,12,128,4063,50,20,6.52,120,1,33,99,83000
Poco,4,512,4053,32,16,6.93,144,1,67,80,80500
Poco,8,512,4645,64,16,6.5,120,1,240,65,93500
OnePlus,12,256,7234,48,32,6.67,60,1,33,79,87000
iQOO,8,1024,5701,108,16,6.83,120,1,10,97,121000
Nothing,8,256,6498,50,16,6.85,120,1,240,42,80500
Xiaomi,4,256,5450,48,16,6.3,90,1,67,88,76500
Motorola,8,128,4350,48,20,6.48,120,1,18,30,51000
Google,8,256,5542,16,20,6.11,165,1,33,62,81000
Lava,8,256,6285,50,16,6.66,120,1,67,70,64000
Lava,8,256,6771,50,12,6.62,120,1,10,54,54000
Lava,8,256,4073,50,8,6.52,120,1,240,48,70500
Oppo,12,512,4581,50,8,6.24,120,1,18,93,95500
Redmi,6,128,7226,16,16,6.76,90,1,67,65,67000
Google,8,1024,5313,48,8,6.92,90,1,80,95,120500
Tecno,16,512,5118,108,20,6.24,90,1,100,41,72500
Honor,6,256,4458,16,20,6.44,60,0,18,35,41500
Samsung,16,256,5826,50,32,6.11,120,1,25,97,98000
Poco,6,256,4563,48,32,6.35,120,1,120,93,84500
Samsung,12,256,4803,50,16,6.1,144,1,100,91,100500
Vivo,8,128,4211,32,12,6.34,144,1,10,81,66500
Google,6,128,6142,108,16,6.18,144,1,10,51,75500
Redmi,16,64,4383,48,16,6.3,120,1,80,100,85500
Realme,12,512,4949,108,16,6.39,144,0,100,49,78000
Redmi,8,128,5636,50,16,6.33,120,0,67,63,65000
Realme,16,256,6383,108,16,6.86,120,1,120,84,98500
Honor,4,256,5651,64,12,7.0,60,1,45,26,53500
Google,8,128,7387,48,8,6.38,90,0,33,76,70500
Honor,6,512,4783,108,20,6.12,90,1,33,32,51500
Redmi,12,1024,7172,12,16,6.11,120,1,25,95,108500
Poco,24,1024,4780,48,16,6.52,165,1,18,37,99500
Poco,6,128,6304,48,12,6.72,120,1,100,100,78000
Nothing,16,256,4237,50,32,6.59,60,0,25,48,70000
Poco,8,128,7298,108,16,6.88,120,0,80,92,87000
Nothing,16,128,5116,200,16,6.98,165,0,80,36,75000
iQOO,8,256,4217,108,16,6.18,165,1,45,59,72500
Realme,8,256,4717,50,16,6.46,144,1,67,39,57000
Infinix,8,512,4500,16,8,6.46,120,0,33,56,63000
Redmi,12,256,5674,48,32,6.91,120,1,33,46,73500
OnePlus,4,256,6018,50,16,6.39,165,0,18,44,67500
Nothing,8,256,6590,50,50,6.95,90,1,10,89,80000
OnePlus,12,128,6409,50,16,6.74,60,1,150,76,89500
Vivo,8,256,4130,108,50,6.91,120,0,120,65,80000
iQOO,12,256,6703,32,16,6.5,120,0,45,82,86000
Vivo,12,128,4941,50,50,6.15,165,0,150,61,78000
OnePlus,12,512,6208,64,8,6.2,120,1,120,49,86000
Samsung,4,512,5537,50,16,6.58,165,1,10,28,66000
Redmi,6,512,7485,48,12,6.59,120,0,10,94,83500
Nothing,12,256,7200,200,16,6.3,120,1,10,70,105500
Infinix,8,256,4973,48,16,6.74,120,0,33,86,72500
Nothing,8,256,4936,50,32,6.3,165,1,150,37,70500
Oppo,12,1024,6307,64,32,6.69,90,1,240,35,94500
Redmi,8,128,7203,48,12,6.95,144,1,150,64,69000
Poco,6,512,6936,64,32,6.6,60,1,67,96,93500
Motorola,8,128,5153,108,20,6.9,120,1,10,96,90500
Apple,8,64,5026,50,8,6.11,90,1,150,72,96500
Lava,6,512,6032,48,16,6.49,120,1,45,41,62500
Lava,6,512,6253,108,16,6.38,120,1,18,39,59500
Vivo,12,256,6840,50,20,6.97,120,1,120,53,87000
OnePlus,4,512,4700,50,16,6.29,120,1,25,44,68000
Motorola,8,128,5006,50,12,6.49,90,1,120,96,81500
Infinix,4,256,7496,200,16,6.74,90,1,18,93,92000
Tecno,12,512,5270,48,32,6.31,90,1,33,80,83500
Poco,16,256,4004,48,16,6.27,90,1,120,97,88000
Motorola,8,512,5927,108,32,6.91,60,0,18,98,98000
Oppo,12,256,6348,108,20,6.45,144,0,67,30,69500
Motorola,8,512,6459,50,16,6.88,60,1,18,82,84000
Tecno,12,512,4686,48,16,6.1,120,0,240,42,69500
Motorola,6,256,5989,64,12,7.0,60,1,25,100,86500
OnePlus,6,256,7321,50,50,6.7,120,1,80,25,67000
Google,8,128,6285,50,8,6.48,120,1,67,78,86500
Realme,8,256,4394,48,16,6.66,120,1,80,45,61500
Google,8,128,6738,50,12,6.81,120,1,80,72,81000
iQOO,8,64,6404,50,32,6.9,120,1,33,44,68000
Poco,8,256,6926,32,20,6.34,90,1,25,51,56000
Honor,6,1024,5114,48,8,6.77,90,1,18,37,69000
Xiaomi,16,512,7112,50,12,6.94,120,1,67,41,84000
Realme,8,256,6305,48,50,6.53,120,1,150,57,81000
OnePlus,8,256,4913,64,8,6.17,60,1,10,54,60500
Google,8,256,7110,64,8,6.3,90,1,33,96,93000
Poco,12,256,5905,64,12,6.67,144,1,33,60,73000
Vivo,16,128,7076,64,16,6.46,120,0,80,42,77500
Honor,24,128,5628,48,50,6.4,120,0,150,28,73000
Samsung,6,256,7371,50,32,6.48,165,1,80,42,80000
Motorola,12,256,6736,48,32,6.61,120,0,33,77,83000
Realme,12,256,6502,16,32,6.67,120,1,80,93,93500
Redmi,4,256,6271,108,12,6.42,120,1,100,80,78000
Lava,4,512,4473,50,16,6.78,120,1,120,43,70500
Realme,8,128,7331,50,16,6.42,60,1,240,56,69500
Poco,12,128,5646,50,16,6.15,144,1,240,60,72500
Oppo,6,128,4854,50,16,6.88,120,1,10,52,55500
Apple,8,512,5187,108,16,6.17,144,1,18,54,90000
Realme,8,256,7071,50,50,6.19,120,1,150,25,60000
Oppo,8,128,5280,50,50,6.68,60,0,33,94,67000
Nothing,8,512,5796,64,12,6.52,120,1,80,51,81000
Motorola,6,512,6953,50,16,6.76,120,1,25,83,88000
Nothing,16,128,6826,48,32,6.37,120,1,10,28,65500
Google,4,512,6379,48,32,6.78,144,1,25,55,74500
Honor,4,512,7355,50,50,6.52,90,1,25,37,72500
Poco,6,128,6760,32,12,6.12,90,1,25,92,76000
Samsung,16,1024,6009,50,12,6.94,120,0,100,31,103000
Vivo,8,128,5920,50,16,6.58,90,1,33,86,72500
Lava,8,256,6692,50,12,6.22,120,1,25,44,64500
iQOO,6,256,4887,50,16,6.21,120,1,240,57,74500
Lava,8,256,6077,50,16,6.56,165,1,150,75,77000
Oppo,12,256,6813,50,16,6.22,90,0,45,47,70000
Motorola,8,128,4777,48,50,6.6,120,0,45,78,64500
Honor,12,512,4474,48,16,6.15,120,0,80,29,66500
Motorola,6,256,5692,50,32,6.79,165,0,120,54,75500
Vivo,8,256,7121,50,16,6.9,120,1,80,39,66500
Google,24,128,6244,50,16,6.88,120,1,45,69,101500
Poco,8,128,4664,50,16,6.48,120,1,150,89,72000
Apple,8,512,4230,48,32,6.26,144,0,10,68,92500
Lava,8,512,7277,48,20,6.69,120,1,80,58,76500
Redmi,12,256,6894,64,16,6.13,90,1,120,36,59500
Poco,8,128,5590,108,12,6.42,60,0,150,65,71000
Lava,6,256,5906,64,12,6.89,120,1,240,90,86500
Apple,8,256,4573,50,12,6.57,144,1,33,29,87500
Motorola,12,256,4696,64,16,6.34,120,1,150,27,57500
Nothing,8,512,7329,64,20,6.79,120,1,45,49,84000
Infinix,4,1024,4919,50,32,6.8,90,1,25,62,94500
iQOO,8,64,6456,48,16,6.25,90,0,33,91,69000
Redmi,8,128,4005,200,12,6.27,120,1,67,60,64500
Samsung,4,256,6150,12,16,6.19,90,1,18,93,77000
Samsung,24,256,6189,48,16,6.27,120,1,18,71,100500
Tecno,24,128,6242,50,16,6.54,144,1,10,37,76000
Apple,8,256,5882,50,16,6.7,120,0,25,76,98500
iQOO,4,128,5005,50,8,6.9,120,0,25,60,61500
Tecno,4,128,5327,16,12,6.59,144,1,45,38,59000
Poco,8,256,5869,50,32,6.59,120,1,45,62,70500
Poco,12,128,5343,12,32,6.72,120,1,150,71,68000
Poco,6,256,4379,50,50,6.96,90,1,240,98,92500
Lava,16,128,6755,50,8,6.36,120,1,240,54,84500
Motorola,8,512,7466,12,12,6.22,120,1,80,35,66000
Apple,12,256,5594,50,16,6.4,120,1,18,78,107000
Samsung,12,128,5718,108,20,6.11,144,1,100,78,90500
Apple,8,128,7136,48,16,6.49,60,1,45,63,92000
Poco,6,128,4158,50,16,6.39,120,1,80,28,49500
Google,4,64,7128,48,16,6.91,90,1,45,82,74000
iQOO,12,128,5918,12,12,6.76,60,1,80,57,65500
Infinix,8,512,6272,200,32,6.51,90,1,100,72,94000
Apple,8,512,6922,12,16,6.46,144,1,33,43,91500
Redmi,12,512,6040,32,16,6.19,120,1,240,89,100000
Google,12,256,6922,12,20,6.24,120,1,240,92,100500
Infinix,4,128,5325,48,16,6.11,90,1,25,31,34500
Honor,6,256,5570,200,12,6.63,120,1,10,35,64500
Google,8,128,6894,200,8,6.34,144,1,150,29,75000
Vivo,16,128,5486,50,32,6.72,120,1,25,79,84000
Lava,4,512,4769,64,16,6.83,120,1,67,81,77500
Honor,16,128,4312,50,12,6.22,144,1,67,75,77500
OnePlus,8,256,6619,200,16,6.97,120,1,18,75,86000
Tecno,4,256,5745,50,16,6.25,90,1,150,96,82500
Xiaomi,12,1024,4742,200,32,6.15,144,1,80,59,107500
Nothing,6,128,6706,12,16,6.6,60,1,100,92,83500
Apple,24,256,6935,108,50,6.82,90,1,120,83,135000
Samsung,12,64,5846,200,20,6.62,120,1,18,84,100000
Poco,8,512,4415,32,16,6.4,144,1,45,32,63000
Tecno,6,1024,6669,50,20,6.96,120,1,67,53,91500
Redmi,6,1024,6992,50,20,6.11,120,1,33,62,92500
Google,16,256,5180,50,16,6.51,120,1,100,35,76500
Xiaomi,8,128,6877,50,16,6.8,120,1,45,82,76000
Xiaomi,8,256,7358,32,16,6.26,60,1,25,49,52500
Honor,12,512,7315,50,12,6.63,120,1,25,99,100500
Honor,12,1024,5562,48,16,6.36,120,1,100,43,89500
iQOO,6,256,7443,108,32,6.72,120,1,150,31,74500
Lava,8,128,5319,200,16,6.61,144,1,33,56,74000
Honor,8,512,4234,50,8,6.18,90,1,67,71,81000
Motorola,16,128,5872,64,16,6.3,120,0,120,45,67000
Nothing,4,128,5404,50,16,6.89,120,1,25,55,72000
Nothing,6,512,6907,64,16,6.94,60,1,100,47,73500
Apple,8,256,5734,50,12,6.19,144,0,120,70,96500
Realme,8,128,4144,50,16,6.32,120,0,120,48,59500
OnePlus,6,128,7257,48,12,6.86,120,1,67,68,79000
Tecno,12,128,7168,64,16,6.26,90,1,240,35,65000
Lava,6,256,6070,50,8,6.14,120,1,25,38,40000
Tecno,8,256,7022,108,16,6.23,90,1,67,27,47000
Realme,6,512,5724,48,12,6.58,60,1,25,48,68500
Xiaomi,24,256,5235,12,20,6.81,120,1,240,35,81000
Redmi,4,256,6067,12,16,6.68,165,0,120,42,65000
Poco,6,256,5371,50,8,6.72,90,1,150,32,51000
Oppo,8,512,5943,50,16,6.67,90,1,45,54,85000
Honor,8,256,5722,48,20,6.36,120,1,80,80,84000
Motorola,8,128,6033,50,16,6.12,60,1,18,40,45500
Lava,12,256,4510,50,20,6.25,120,1,240,29,62000
Tecno,4,128,5108,50,32,6.74,90,1,33,68,64000
Google,8,512,6150,200,16,6.25,90,0,10,78,95500
Google,12,1024,4135,50,16,6.98,120,1,45,89,120000
Vivo,8,256,6754,200,12,6.93,90,1,33,82,99000
Apple,8,256,4899,200,32,6.75,120,1,150,77,113000
Infinix,8,128,6109,32,12,6.65,120,1,80,84,71500
Motorola,6,128,5779,50,12,6.26,120,1,100,26,44000
Honor,12,256,4465,48,16,6.5,90,1,150,65,70000
Infinix,8,512,6235,200,8,6.15,120,1,33,69,78000
Tecno,8,256,4124,64,20,6.39,120,1,120,33,60500
Infinix,12,128,6536,50,12,6.57,120,1,10,41,60000
Xiaomi,12,128,7496,48,12,6.61,165,1,45,74,76000
Motorola,8,256,6891,48,16,6.24,90,1,33,35,61500
Lava,8,512,5515,108,16,6.9,120,1,120,42,73000
Redmi,8,128,6839,50,32,6.95,90,0,25,74,63500
iQOO,8,256,6734,50,16,6.88,120,1,67,34,59500
Lava,12,256,4036,50,16,6.67,60,1,100,63,70000
Infinix,16,256,5108,50,12,6.37,144,0,150,82,95000
Samsung,6,128,6237,64,16,6.25,90,1,10,35,65500
Apple,6,512,5477,50,16,6.76,90,1,10,85,111000
Honor,6,256,4284,50,20,6.95,90,0,25,69,64500
Google,6,128,4469,32,16,6.42,120,1,33,45,59500
Google,16,128,5014,64,20,6.79,144,1,45,100,107000
Poco,4,256,5532,64,20,6.34,90,0,33,75,68500
iQOO,16,256,5475,50,8,6.16,120,1,18,45,71500
Poco,8,256,4955,50,32,6.57,120,1,80,60,73500
Oppo,12,128,7192,50,16,6.82,120,1,45,25,54000
Poco,12,256,4142,48,8,6.67,60,1,10,48,58000
Samsung,8,512,5060,50,16,6.58,90,1,33,100,106500
Oppo,8,256,6190,16,32,6.8,90,1,150,42,67000
Google,6,1024,5389,50,16,6.76,120,1,150,72,107000
Vivo,8,256,4077,50,12,6.73,120,0,120,74,75500
Lava,16,128,5226,32,12,6.48,144,1,45,38,63500
Poco,4,64,7004,48,32,6.52,90,1,18,28,44500
Redmi,6,128,4241,50,16,6.48,144,1,33,45,50000
Lava,4,256,6320,16,8,6.33,120,1,120,71,68000
Tecno,12,256,5580,48,50,6.33,120,1,33,88,82500
Google,12,128,5937,48,16,6.6,120,0,100,45,67500
Infinix,8,128,6499,50,50,6.2,120,1,100,61,77000
Infinix,8,256,5564,50,32,6.93,60,0,33,68,66000
iQOO,6,1024,4653,50,20,6.7,144,1,150,50,98500
Infinix,8,256,4903,50,12,6.35,120,1,150,67,72000
Oppo,24,128,6499,108,16,6.93,120,1,80,81,105500
Tecno,12,256,6766,12,16,6.16,90,1,240,64,75000
Redmi,8,256,5230,50,50,6.88,120,1,45,72,77000
Nothing,4,256,4412,64,32,6.87,90,1,18,36,57000
Nothing,12,256,4162,64,32,6.85,165,1,150,57,85000
Xiaomi,12,256,6169,50,32,6.23,144,1,25,86,86000
Motorola,6,256,4282,32,16,6.35,60,1,18,45,52000
Motorola,12,64,4023,108,32,6.99,90,1,150,46,70500
iQOO,12,256,4882,64,16,6.53,90,1,33,33,65000
Honor,8,256,5810,64,8,6.34,120,1,100,48,68000
OnePlus,6,256,5919,50,12,6.91,120,1,45,92,94000
Oppo,8,64,6269,64,50,6.84,120,1,18,39,54000
Infinix,6,256,4591,108,16,6.99,120,1,67,78,71000
Apple,4,128,7304,48,20,6.16,60,1,100,40,76000
Xiaomi,8,256,4973,50,12,6.35,90,1,150,67,72500
Redmi,12,128,5046,50,16,6.2,120,1,25,59,65500
Xiaomi,8,256,5880,50,16,6.14,144,1,45,92,96500
Poco,8,256,6974,50,16,6.95,90,0,240,43,63000
Honor,4,128,4645,50,16,6.93,60,1,80,80,70500
Samsung,8,256,5768,200,16,6.18,144,1,45,88,98500
Xiaomi,12,512,4498,48,16,6.74,90,1,80,64,78500
Google,6,256,6263,32,32,6.86,90,1,120,73,91500
Google,6,128,6488,48,8,6.69,90,1,240,26,58500
Xiaomi,8,256,5090,50,32,6.44,120,1,100,78,82000
Realme,16,128,6056,64,16,6.94,90,1,80,25,54500
Xiaomi,8,128,4915,50,20,6.44,144,1,240,68,78500
Lava,8,256,6473,48,16,6.35,165,1,10,93,86000
Vivo,12,128,4321,50,50,6.25,144,0,67,64,70000
Samsung,8,256,4612,50,8,6.73,144,1,18,40,68000
Honor,12,512,5571,50,32,6.3,144,1,33,93,107500
Google,6,256,7210,50,12,6.9,120,1,10,25,64000
Xiaomi,6,128,5481,50,16,6.6,120,1,33,26,44500
Lava,8,256,7316,50,16,6.38,144,1,25,75,70000
Oppo,6,256,5386,48,20,6.45,120,1,45,39,59500
Realme,6,128,7188,50,32,6.95,60,1,10,50,51500
Xiaomi,12,256,7070,48,16,6.18,120,1,100,33,66500
Realme,16,128,4830,16,16,6.81,90,0,10,40,64500
Realme,8,512,6025,50,16,6.13,120,0,10,70,72500
OnePlus,8,512,4204,50,32,6.69,120,1,33,51,82500
Apple,8,512,5439,200,20,6.55,90,1,25,96,123500
Poco,4,128,7463,32,16,6.87,120,0,10,73,69000
Vivo,8,256,5013,64,12,6.61,120,1,120,95,83000
Samsung,12,512,6724,50,20,6.79,144,1,240,41,102000
Oppo,6,256,5588,50,16,6.61,120,1,80,64,76500
Lava,12,128,6137,50,16,6.38,120,1,25,83,70000
Redmi,8,64,6807,50,8,6.35,120,1,25,91,77500
Infinix,6,128,4733,32,32,6.72,60,1,33,39,40000
Samsung,6,256,7005,200,8,6.64,120,1,67,68,98000
Tecno,12,256,6969,32,16,6.55,120,1,18,83,81500
Realme,4,128,6271,50,20,6.32,90,1,67,66,66500
Infinix,16,128,7186,50,16,6.74,144,1,80,78,89500
iQOO,16,256,4701,64,32,6.63,90,1,240,71,98000
Lava,16,128,6592,50,16,6.28,90,1,33,93,80000
Infinix,8,512,6319,108,32,6.73,60,1,240,86,99500
Realme,8,512,5455,48,16,6.51,120,1,18,74,76500
Apple,8,128,4311,48,16,6.28,120,1,120,40,86000
Xiaomi,16,256,4674,50,32,6.81,144,1,67,88,94000
Redmi,16,512,7320,50,32,6.96,60,1,45,39,75000
Vivo,12,256,6265,32,20,6.49,120,1,25,82,90500
Apple,8,128,7182,64,50,6.26,120,0,25,48,77500
Honor,6,256,6680,32,16,6.72,60,1,120,70,67000
Google,16,512,4751,200,20,6.35,144,1,80,95,117000
Samsung,4,256,5103,50,12,6.35,90,1,45,25,64000
Nothing,12,256,6133,48,12,6.18,120,1,33,88,96000
Nothing,12,128,5216,50,16,6.31,120,0,67,44,63500
iQOO,12,256,6093,48,20,6.93,60,1,45,50,69000
Realme,24,128,7077,48,16,6.83,165,1,67,53,77500
Vivo,8,256,4548,48,16,6.66,120,1,33,80,82500
Samsung,8,256,5562,50,12,6.41,90,1,80,25,68500
Tecno,8,256,4018,108,12,6.79,120,0,45,75,71500
Samsung,8,64,5057,48,8,6.85,60,1,80,27,59500
Apple,4,256,6860,48,20,6.98,120,1,120,96,112500
Infinix,4,256,5540,64,16,6.1,120,1,33,54,52500
Motorola,8,256,6404,12,16,6.7,90,1,33,33,52000
Redmi,16,512,6256,50,20,6.88,90,1,100,26,68000
Samsung,16,512,4303,50,20,6.71,120,1,100,62,103500
Realme,4,128,4994,50,16,6.19,120,1,120,84,67500
Infinix,12,1024,4074,12,8,6.96,165,1,10,60,100000
Realme,8,128,4455,108,16,6.16,90,1,120,65,65000
Vivo,8,512,5017,50,32,6.32,90,0,25,80,83500
OnePlus,8,256,4024,108,16,6.19,120,0,150,91,88500
Apple,4,128,6037,108,8,6.35,120,1,67,48,84500
Motorola,8,128,6465,64,16,6.15,120,1,100,75,71000
Vivo,8,128,5983,50,8,6.2,120,1,45,94,78500
Vivo,12,512,5611,64,20,6.91,144,1,150,66,93500
Nothing,4,256,5733,64,50,6.57,60,1,80,44,59500
Oppo,12,128,4341,50,32,6.85,90,0,100,89,87000
Nothing,12,512,6609,50,20,6.4,120,1,150,64,83500
Poco,12,128,6045,48,16,6.93,165,1,25,65,79000
Samsung,16,256,4992,50,20,6.61,90,0,33,99,93500
Tecno,4,128,5120,50,20,6.11,120,1,67,52,58000
Apple,6,512,5349,50,12,6.2,144,1,18,44,94500
Honor,8,256,4801,108,20,6.24,120,1,25,41,60000
Google,12,64,6506,50,12,6.71,60,0,25,39,64500
Samsung,12,128,5923,64,32,6.91,120,1,10,73,83500
Xiaomi,4,128,7243,108,32,6.81,144,1,67,38,64500
Vivo,4,128,4206,48,16,6.93,60,1,67,30,50000
Xiaomi,6,128,7235,48,16,6.18,60,1,45,63,69500
Google,12,128,4695,64,32,6.1,120,1,100,81,96000
Tecno,8,512,6683,50,12,6.9,120,1,100,33,64500
Apple,24,128,4996,108,8,6.53,60,1,45,80,112500
Google,6,64,6919,32,32,6.42,144,1,100,34,67500
Apple,16,256,6169,48,32,6.23,165,1,18,85,124000
Infinix,8,256,4721,48,50,6.75,144,1,25,63,73000
Motorola,8,256,6152,32,16,6.16,120,1,45,50,66000
Motorola,12,256,5811,50,16,6.58,120,1,10,81,80000
iQOO,8,128,4216,48,16,6.14,120,1,80,26,59000
Honor,6,256,5527,50,50,6.82,120,1,150,93,93000
Honor,6,128,5447,48,8,6.56,120,1,150,27,57000
Tecno,6,64,7027,48,12,6.2,120,0,45,54,68000
Google,8,64,6775,50,16,6.57,90,1,18,94,84500
Nothing,16,256,4247,50,16,6.74,144,1,150,82,92000
Poco,4,256,5248,64,12,6.2,90,1,45,91,78500
Poco,24,64,5723,50,16,6.64,120,1,120,76,92500
Infinix,8,1024,7298,50,12,6.5,90,1,120,27,87500
iQOO,16,128,4853,50,16,6.71,120,1,25,58,68500
Lava,8,256,7058,50,16,6.48,120,1,33,63,72500
Google,16,128,4971,50,20,6.6,120,1,150,27,77500
iQOO,4,256,6813,48,16,6.19,120,1,240,92,89500
Poco,8,256,6911,200,16,6.6,60,1,45,72,81000
Samsung,6,256,6205,50,16,6.16,144,1,33,91,92000
Xiaomi,6,64,5173,32,16,6.8,90,1,80,38,50500
Apple,8,1024,4102,48,16,6.5,90,1,10,59,116000
Realme,24,512,6156,200,12,6.88,120,1,240,33,98500
Lava,6,1024,6039,50,32,6.95,120,1,10,53,90000
Poco,6,256,4044,50,20,6.4,120,1,80,89,92000
OnePlus,12,512,4687,50,16,6.1,90,0,25,34,68500
Redmi,8,256,6011,48,16,6.33,120,1,10,27,55000
iQOO,8,256,6065,50,16,6.49,60,1,33,88,82000
Oppo,6,256,7006,50,12,6.32,120,1,10,64,67000
Nothing,12,128,4735,12,8,6.5,90,1,18,74,80500
Redmi,8,256,4399,50,12,6.67,120,1,100,45,58500
Honor,8,512,4831,64,16,6.27,144,1,240,77,92500
Xiaomi,8,256,4296,50,32,6.39,90,1,100,91,86000
Apple,4,128,7157,48,8,6.42,90,1,67,62,83500
Honor,4,256,4028,108,8,6.81,90,1,67,85,76000
Infinix,12,256,5890,108,20,6.55,90,1,18,35,61500
Motorola,24,512,4651,200,32,6.42,120,1,45,84,114500
Oppo,8,256,7059,108,12,6.7,120,1,80,60,81000
Samsung,12,64,6491,48,12,6.21,144,1,150,25,59000
Apple,12,512,4448,50,12,6.32,120,1,150,67,109000
Lava,12,256,5098,12,20,6.36,120,1,33,33,59000
Honor,6,256,7465,48,12,6.72,60,1,25,95,85500
Samsung,16,512,6315,48,32,6.56,120,1,240,76,110000
OnePlus,6,128,6621,200,16,6.17,90,1,45,50,70000
Nothing,16,256,5963,16,16,6.18,120,1,80,82,90000
OnePlus,8,512,4768,48,8,6.52,120,1,18,70,86500
iQOO,6,256,4680,50,32,6.87,120,1,80,39,73000
Tecno,8,256,4746,108,16,6.84,120,1,240,47,73000
Honor,8,256,5215,48,16,6.97,165,1,33,46,70000
Oppo,8,256,5047,50,20,6.87,90,1,240,66,81000
iQOO,8,512,6795,48,32,6.49,120,1,25,91,101500
Xiaomi,16,512,4151,48,16,6.39,165,1,80,35,82000
Nothing,12,256,6130,50,16,6.27,120,1,33,74,79500
OnePlus,6,512,6521,108,16,6.6,90,1,25,63,93500
Infinix,6,512,5973,48,8,6.69,90,1,67,70,76500
Nothing,8,256,5455,50,16,6.32,144,1,80,55,77000
Xiaomi,12,256,5088,108,16,6.45,90,1,25,40,65000
Redmi,24,128,6139,108,20,6.64,90,1,100,72,98500
Honor,8,128,5406,64,12,6.39,90,1,80,91,74500
Nothing,8,256,5405,50,32,6.87,120,0,10,39,66000
Apple,6,128,5627,48,16,6.63,120,0,25,26,70500
OnePlus,6,512,4137,50,50,6.89,90,1,10,57,74000
Motorola,6,256,6473,48,16,6.95,165,1,67,76,89000
Infinix,12,128,7460,50,32,6.14,120,1,150,73,81500
iQOO,12,512,5959,50,20,6.89,60,1,80,83,90000
Realme,8,128,4659,108,16,6.28,90,0,18,56,59500
Tecno,8,256,7201,50,20,6.47,120,1,45,43,66000
Poco,12,256,4839,48,16,6.7,144,1,33,77,79000
Oppo,6,256,5848,16,16,6.83,120,1,33,34,52500
Lava,12,256,5539,108,20,6.71,165,1,18,93,90000
Google,16,256,5960,12,20,6.71,120,1,25,47,84500
Nothing,12,512,4030,32,16,6.48,90,1,67,98,97500
Nothing,8,128,5201,48,8,6.53,120,1,25,35,47500
Apple,6,256,5527,50,16,6.42,120,1,25,66,95000
Samsung,6,128,4164,200,12,6.23,144,1,33,96,89500
Poco,12,256,5251,32,16,6.17,120,1,80,54,67500
Nothing,8,256,4629,108,12,6.57,60,0,25,48,70500
Realme,16,256,7213,200,20,6.61,120,1,240,46,89000
Infinix,12,1024,4235,200,20,6.28,165,1,33,26,90000
Motorola,16,128,4527,50,12,6.94,120,1,120,51,72500
Nothing,4,256,4432,50,12,6.82,90,0,240,79,77000
Xiaomi,12,512,6272,48,8,6.99,120,1,18,58,78500
OnePlus,6,256,7273,50,16,6.73,90,1,10,84,88500
Redmi,8,128,4273,64,12,6.41,120,1,25,58,64000
Realme,12,256,5613,50,8,6.46,120,1,240,91,93000
Xiaomi,8,256,5179,50,20,6.78,144,1,10,57,69500
Infinix,4,256,7493,50,32,6.4,120,1,67,89,81000
Realme,8,256,5428,12,8,6.27,120,0,120,52,65500
Motorola,8,512,4543,50,32,6.17,165,1,150,71,86500
Realme,12,256,5324,32,16,6.73,165,1,120,63,79500
Poco,4,256,4205,50,32,6.84,60,1,150,97,71000
Motorola,8,128,4099,32,16,6.75,60,1,240,54,63500
Poco,8,128,4706,64,16,6.36,120,1,10,29,55000
Infinix,6,256,7499,50,32,6.75,120,1,100,49,65500
Tecno,4,128,7348,50,8,6.85,120,1,240,70,76500
Google,4,256,4034,108,16,6.19,120,1,18,55,72000
Apple,12,128,4160,50,16,6.3,144,1,25,43,89000
Redmi,8,512,6415,50,50,6.46,90,1,150,48,70000
Motorola,8,256,7383,108,12,6.76,120,1,33,80,84000
Infinix,16,128,4404,50,16,6.21,120,1,18,92,75500
Apple,4,256,5611,50,20,6.34,60,1,18,58,85000
Apple,8,128,4825,64,8,6.43,60,1,45,33,72500
Google,6,512,5248,48,32,6.92,165,0,33,87,97000
iQOO,12,128,4433,50,16,6.98,144,0,100,76,75000
Realme,8,128,5849,32,32,6.59,60,1,33,56,64500
Vivo,8,256,6166,64,32,6.42,120,1,18,57,73000
Motorola,8,128,4318,48,32,6.5,120,1,33,68,64500
Infinix,12,128,5050,48,32,6.6,120,1,100,84,84000
iQOO,8,256,6957,64,16,6.56,165,1,80,34,73000
Google,12,256,6441,48,12,6.95,120,1,100,30,69500
Lava,8,128,4469,48,8,6.8,144,1,25,33,49000
Vivo,8,64,7071,50,8,6.16,144,1,18,49,63500
Lava,4,1024,6575,48,8,6.69,120,1,45,84,96500
Realme,16,128,5313,12,8,6.24,90,1,120,35,60500
Xiaomi,16,256,5124,50,50,6.65,120,1,25,49,76500
Xiaomi,6,256,5112,200,16,6.33,120,1,10,100,97500
Samsung,12,256,5220,50,8,6.34,144,1,80,91,100500
Google,4,256,5621,50,50,6.77,144,0,67,36,62500
Samsung,16,256,4739,64,12,6.67,90,1,67,34,79500
Nothing,6,512,6330,50,16,6.49,120,1,33,88,100500
Motorola,16,512,5904,50,8,6.46,120,1,45,64,88500
Lava,6,256,5794,108,32,6.61,90,0,18,49,52500
Motorola,8,128,7309,48,20,6.68,90,1,100,97,87000
Google,4,512,7121,64,12,6.56,90,1,100,53,78500
OnePlus,8,64,5848,50,16,6.42,120,1,80,82,74000
Infinix,12,256,5260,50,8,6.74,120,1,67,81,83500
Tecno,4,256,5786,50,16,6.5,90,0,240,73,71500
Lava,24,256,4053,50,32,6.89,120,1,240,37,85500
Redmi,8,256,5847,64,20,6.59,120,1,67,25,53500
Infinix,4,256,5398,48,12,6.21,120,1,45,74,71000
iQOO,12,128,4741,50,8,6.23,120,1,120,63,76500
Nothing,6,64,4272,50,32,6.19,120,1,240,67,72000
Infinix,12,256,5134,50,8,6.84,144,0,240,31,61000
Infinix,12,1024,7124,32,16,6.79,90,1,45,97,120000
iQOO,8,128,5198,48,16,6.33,120,1,240,66,83500
Poco,12,256,4810,50,20,6.93,120,1,240,47,70500
Redmi,4,256,4799,32,12,6.57,60,1,150,47,58500
Oppo,16,256,4633,16,32,6.66,120,1,18,95,88500
iQOO,12,512,4599,50,16,6.74,120,1,18,83,92500
Xiaomi,4,512,6301,32,8,6.78,120,0,33,46,66500
Honor,16,512,5668,50,32,6.17,60,1,18,68,90000
Honor,8,128,6069,50,16,6.42,120,1,10,64,71000
Google,16,512,4856,48,16,6.72,165,1,120,83,110500
Infinix,8,128,7195,12,16,6.25,90,1,67,78,69000
Oppo,8,512,4259,64,50,6.72,90,0,45,32,64500
Poco,4,512,6304,64,20,6.33,60,1,150,47,74000
Infinix,16,128,6736,48,20,6.12,165,1,67,85,77500
Google,8,256,4199,48,16,6.82,90,1,18,60,72500
Infinix,8,256,5029,48,20,6.23,144,1,120,26,56000
iQOO,6,128,6477,48,12,6.46,144,0,240,29,58000
Motorola,8,128,6155,48,16,6.79,120,1,18,40,59500
Xiaomi,12,128,6890,200,20,6.65,90,1,120,58,84500
Xiaomi,6,256,6717,50,8,6.34,120,1,10,70,71000
Infinix,8,256,5203,48,8,6.29,144,0,25,53,60500
Samsung,6,256,5532,50,32,6.85,90,0,25,44,63500
Xiaomi,16,512,5167,200,8,6.28,120,1,33,85,106500
iQOO,4,512,7350,50,8,6.93,120,1,67,41,76500
Infinix,12,256,5944,50,20,6.11,165,1,10,69,75000
Lava,8,256,6346,12,12,6.95,60,1,100,64,71500
Nothing,8,256,4969,48,16,7.0,90,1,18,94,88000
Realme,6,256,5670,200,16,6.21,144,1,33,49,72000
Motorola,8,256,4266,50,20,6.38,120,1,67,88,91000
OnePlus,8,512,5813,50,50,6.32,120,0,18,39,70500
Google,8,256,6641,200,16,6.12,144,1,10,35,74500
Oppo,12,256,5924,50,8,6.27,120,1,45,29,71000
Redmi,12,128,6574,50,16,6.71,90,1,100,82,83500
Google,4,128,7020,50,32,6.17,120,1,80,52,72000
Lava,12,128,5879,200,20,6.98,120,1,67,91,90500
Oppo,4,128,7196,50,20,6.74,90,1,67,72,74000
Samsung,8,256,6735,16,16,6.44,90,1,80,48,74000
Vivo,8,512,4275,32,16,6.88,90,1,120,96,98500
Lava,12,256,7245,108,20,6.99,120,0,100,85,96500
OnePlus,16,128,6382,32,12,6.99,165,1,100,83,99000
Lava,8,512,5949,50,32,6.85,90,0,25,50,66000
Redmi,16,256,4898,108,16,6.17,90,1,150,44,69000
Redmi,6,256,4597,50,12,6.46,120,1,25,36,53500
iQOO,8,512,6699,50,16,6.69,60,1,33,28,68000
Honor,8,256,4809,64,8,6.5,120,1,80,84,83000
Tecno,8,128,5234,50,20,6.46,60,1,10,97,75500
Tecno,8,256,7158,200,16,6.41,120,1,120,95,88000
Redmi,8,256,4527,108,16,6.82,120,1,67,54,69500
Realme,8,1024,5489,50,8,6.88,144,1,80,28,80500
iQOO,16,256,5591,50,32,6.52,60,1,25,97,92500
Redmi,6,512,4869,16,12,6.54,90,1,67,72,72500
Nothing,16,128,4955,48,16,6.4,90,1,33,78,84000
Google,6,64,4134,48,16,6.96,120,1,10,52,70500
Infinix,8,512,7259,50,16,6.52,90,1,25,89,93000
Infinix,6,256,4624,50,16,6.35,120,1,33,92,68000
Realme,16,256,6055,64,16,6.38,120,1,25,51,79000
Lava,8,256,4488,48,16,6.73,120,1,10,73,65500
Infinix,12,256,6500,48,32,6.44,120,1,45,82,82500
Apple,8,128,5365,48,32,6.69,90,0,10,53,77000
Lava,8,512,6198,50,16,6.3,120,1,80,33,64000
Samsung,8,128,4718,50,32,6.32,144,1,80,35,61000
Lava,6,256,4033,108,32,6.89,120,1,80,30,54500
Vivo,8,256,5359,50,50,6.88,90,1,10,74,80500
Lava,6,512,6422,64,32,6.84,120,1,18,66,84000
Vivo,4,512,4476,48,16,6.89,120,1,100,26,66500
Tecno,8,256,6176,32,12,6.77,120,1,25,42,55500
Poco,4,512,7267,50,16,6.92,120,1,150,93,84500
Samsung,8,256,4223,50,16,6.25,120,1,10,83,88500
Nothing,8,128,7140,48,16,6.46,120,1,10,28,51500
Nothing,6,256,5983,48,12,6.24,120,1,100,48,69000
Infinix,8,256,6084,200,16,6.42,90,1,100,30,66500
Realme,4,64,7495,50,8,6.5,165,1,150,59,67000
Oppo,8,512,5646,50,50,6.36,165,1,240,49,88000
Lava,16,256,7021,50,16,6.95,90,0,80,43,68000
Honor,6,256,5653,32,32,6.6,120,1,240,76,81000
Realme,16,128,7188,12,50,6.94,120,1,80,61,83500
Infinix,4,64,4568,200,32,6.25,90,1,67,56,60000
Apple,8,1024,4700,32,32,6.51,120,1,67,63,114000
Redmi,16,128,5818,108,8,6.43,120,1,240,68,89000
Vivo,6,256,4280,48,32,6.39,144,1,120,89,86000
Apple,16,512,6174,50,8,6.46,90,1,18,79,122500
Honor,16,1024,6486,50,12,6.68,165,1,25,38,95000
Oppo,6,256,4556,48,50,6.91,120,1,33,73,75000
Tecno,6,512,4775,64,8,6.78,90,1,67,80,83500
Redmi,6,64,4808,50,12,6.9,120,1,120,86,72500
Lava,8,256,6284,108,16,6.21,120,1,150,27,53500
Poco,8,256,5120,48,32,6.14,90,1,33,44,58000
OnePlus,8,256,7384,50,50,6.88,120,1,100,59,79500
Motorola,6,64,5192,32,16,6.39,120,1,150,35,57000
Nothing,8,256,5426,50,16,6.8,120,0,240,25,63000
Xiaomi,12,256,4082,12,16,6.82,60,1,10,86,69500
iQOO,4,512,6458,64,12,6.8,144,1,33,38,79000
Realme,8,256,6883,200,8,6.53,165,1,25,63,78000
Nothing,4,128,5254,50,12,6.82,144,1,150,47,51000
Honor,6,128,7056,50,12,6.46,90,1,80,32,46000
Tecno,4,256,4782,50,32,6.19,60,1,100,38,50000
Oppo,24,128,4122,50,32,6.12,120,1,240,90,99500
Google,6,1024,4312,16,16,6.37,120,1,33,52,83000
Xiaomi,16,256,5760,50,20,6.18,90,0,240,45,80500
Nothing,6,256,4620,64,12,6.19,90,1,150,33,65500
Tecno,16,256,5460,16,50,6.95,120,1,120,60,81000
Redmi,8,128,6322,12,16,6.77,90,1,67,91,80500
Google,8,256,4584,200,20,6.38,120,1,33,75,80500
Infinix,16,256,4775,48,16,6.44,120,1,45,25,63500
Samsung,8,128,6867,50,12,6.54,144,1,120,87,89000
Infinix,12,512,7201,16,12,6.68,90,1,10,94,94500
Samsung,6,128,4704,12,32,6.6,165,1,150,98,92500
OnePlus,12,128,4106,48,16,6.81,144,1,18,29,56500
Samsung,24,128,5957,64,16,6.16,90,1,25,85,94000
Poco,8,256,7022,50,16,6.42,120,1,100,98,89000
Xiaomi,16,128,5965,48,12,6.66,120,1,18,36,61500
Google,16,256,6537,64,16,6.58,144,0,45,99,101500
OnePlus,8,512,4453,50,8,6.11,120,1,45,80,87500
Samsung,24,128,4638,200,16,6.6,60,1,150,31,86000
Apple,16,256,5242,48,32,6.57,120,1,150,54,103000
Motorola,8,256,6936,64,8,6.78,120,1,45,90,87000
Oppo,16,256,6014,200,20,6.26,165,1,240,98,113000
Xiaomi,8,256,4735,48,32,6.93,120,1,33,55,68000
Infinix,12,256,4408,50,16,6.35,165,1,67,29,56500
Tecno,12,256,6124,48,12,6.95,90,1,67,98,84000
Poco,8,64,5839,50,32,6.32,90,0,10,46,55000
Samsung,4,512,4444,50,16,6.7,120,1,45,96,96500
Oppo,8,256,4446,108,20,6.47,120,1,18,64,74000
iQOO,12,512,6974,64,8,6.26,90,1,100,48,84500
Apple,6,256,6487,50,16,6.34,144,1,18,60,90000
Oppo,12,256,4644,50,12,6.58,60,1,67,76,77500
Apple,16,128,6494,16,16,6.42,144,1,45,97,122500
Apple,12,256,6279,108,32,6.98,60,1,80,61,99500
Redmi,6,256,6991,48,12,6.91,60,1,120,35,61500
Tecno,8,256,6089,48,20,6.29,120,1,240,49,68000
Tecno,6,128,5043,48,16,6.84,144,1,33,97,77500
Samsung,8,128,5593,200,32,6.5,60,1,67,90,91000
OnePlus,8,512,5562,108,16,6.1,90,1,10,90,99000
Oppo,4,64,6202,108,20,6.58,120,0,10,62,59500
Redmi,16,128,4485,64,16,6.63,120,1,80,41,51000
Realme,12,256,5844,50,16,6.39,120,1,120,70,86500
Lava,24,512,5388,48,16,6.5,120,1,33,98,102000
Motorola,8,1024,4494,48,16,6.91,90,1,80,39,88000
Lava,12,512,5114,48,16,6.43,120,1,18,77,76500
Tecno,6,128,5556,48,8,6.87,120,1,10,34,48500
Honor,12,64,7470,64,16,6.18,120,1,240,56,73000
Realme,4,256,6607,12,32,6.39,90,1,67,56,71000
OnePlus,8,128,4008,50,20,6.29,60,1,18,37,50500
Redmi,8,128,6212,50,12,6.65,120,1,80,25,55500
Redmi,8,256,6896,50,16,6.62,165,1,25,56,70000
Poco,16,256,6459,50,20,6.62,120,1,100,26,67000
iQOO,12,256,7399,108,20,6.84,120,1,67,67,89500
iQOO,6,128,6910,16,16,6.57,120,1,100,72,68500
OnePlus,16,64,6253,48,8,6.79,120,1,45,83,95500
Redmi,8,128,4811,48,20,6.56,90,1,150,55,63500
Oppo,8,128,6147,108,16,6.6,120,1,25,65,68500
Xiaomi,16,256,5407,50,50,6.75,144,1,25,39,79500
Infinix,12,256,6676,64,16,6.13,120,1,80,85,80000
OnePlus,8,256,4481,48,50,6.99,144,1,150,34,73000
Xiaomi,4,64,4434,50,20,6.41,120,1,120,61,64000
Infinix,8,64,7218,50,16,6.37,144,1,67,53,69000
Infinix,12,512,6251,50,20,6.82,90,1,100,95,96500
Apple,4,1024,4531,48,12,6.54,120,1,25,44,104500
Lava,8,512,5269,50,32,6.81,120,1,120,71,81000
Oppo,8,128,5384,108,20,6.63,60,1,18,67,69000
Google,12,128,7279,32,16,6.96,90,1,67,96,96000
Xiaomi,4,512,6237,64,16,6.38,60,1,240,58,82500
Google,12,128,7337,48,32,6.27,120,0,33,38,73000
OnePlus,6,256,5457,50,20,6.6,60,1,100,55,66500
Lava,4,64,6752,108,12,6.57,120,1,150,58,75000
Infinix,6,128,6451,64,32,6.59,120,0,120,97,77500
Poco,24,512,6267,64,32,6.59,90,1,25,28,80000
Google,12,256,6046,108,16,6.89,120,1,25,45,78500
Samsung,8,256,5632,48,12,6.85,60,1,100,81,92000
Nothing,8,128,4479,16,32,6.41,120,0,33,91,76500
Nothing,12,128,5684,50,16,6.12,120,0,10,80,73000
Nothing,6,128,5296,48,12,6.55,120,1,67,27,52500
Infinix,8,128,4800,50,20,6.54,120,1,67,64,64000
Realme,6,256,4593,108,8,6.12,120,0,45,77,73500
Samsung,8,256,5089,50,12,6.67,90,1,100,76,86500
Motorola,8,512,7393,48,32,6.93,90,1,18,27,71500
Oppo,24,128,5182,64,12,6.29,90,1,150,89,103500
OnePlus,8,256,5274,16,16,6.53,120,1,25,63,74500
Nothing,4,256,4710,48,8,6.82,144,1,33,53,69500
Xiaomi,8,1024,4585,50,12,6.99,165,1,45,48,91500
Redmi,8,128,5947,50,16,6.81,60,1,10,56,63000
Infinix,8,128,7267,48,16,6.56,90,1,240,78,81500
Poco,8,256,7262,50,20,6.4,90,1,100,36,65500
Motorola,12,256,4988,50,16,6.55,120,1,120,51,76500
Honor,12,256,4278,48,50,6.8,120,1,120,30,73500
Xiaomi,24,64,5293,48,16,6.16,144,1,45,76,89500
Samsung,6,128,6191,108,20,6.71,120,1,67,61,81500
Apple,16,256,6808,64,50,6.17,120,1,120,86,112000
Apple,24,256,4118,200,16,6.49,120,1,240,90,132000
Google,12,256,4972,64,20,6.91,144,1,18,85,91500
Xiaomi,8,256,4500,48,16,6.38,60,1,240,62,67000
Redmi,4,128,5414,50,16,6.98,90,0,150,43,52000
Nothing,8,256,4526,12,12,6.37,120,1,120,29,54000
iQOO,16,64,5289,48,8,6.32,120,1,10,38,61500
Redmi,4,256,6053,50,32,6.49,90,1,10,66,62000
OnePlus,6,256,5999,48,50,6.22,144,0,67,41,68500
Nothing,4,128,6470,50,20,6.47,60,1,25,50,51000
Poco,6,128,5761,108,8,6.59,120,0,80,34,53000
Nothing,6,256,4965,200,8,6.94,90,1,10,30,65000
Lava,8,512,7451,50,16,6.73,120,1,150,29,70000
Realme,6,512,5018,50,12,6.67,120,1,33,56,75500
Lava,4,512,5740,48,32,6.42,120,1,18,60,72500
OnePlus,12,128,4053,64,12,6.28,120,1,45,76,73500
Honor,8,256,4744,16,16,6.22,120,1,67,54,53000
Redmi,12,128,6004,48,16,6.32,120,1,10,48,60500
Poco,16,512,5327,50,50,6.66,120,1,67,87,98500
Tecno,24,256,5780,50,20,6.2,60,1,67,59,79000
Lava,8,256,7431,48,16,6.69,90,1,18,89,79000
iQOO,8,512,5755,64,16,6.17,90,1,10,63,78500
Infinix,6,512,7288,48,20,6.15,120,1,45,86,83500
Google,12,128,4999,16,50,6.23,144,1,67,81,85000
Vivo,6,256,5833,64,16,6.49,90,0,10,59,64500
Motorola,6,64,4062,108,16,6.89,144,1,240,77,83000
OnePlus,12,512,5692,50,20,6.87,144,1,10,86,103000
Oppo,6,256,5821,64,32,6.49,120,1,240,74,93500
iQOO,8,128,7198,50,32,6.33,120,0,45,60,75000
Apple,8,64,6634,48,50,6.94,144,1,80,50,93000
Vivo,6,128,7179,50,16,6.42,90,1,67,73,76000
OnePlus,6,128,4775,50,16,6.66,90,1,120,71,77500
Realme,4,128,7184,32,16,6.93,144,1,67,85,72500
Samsung,6,512,5244,32,12,6.21,90,1,18,86,95500
Poco,6,512,4910,200,20,6.24,120,1,45,35,60000
Google,12,256,7461,50,12,6.22,90,1,80,59,83500
OnePlus,4,256,5843,50,16,6.52,144,1,240,68,82000
Honor,12,512,6039,108,8,6.27,60,1,120,70,91500
Motorola,12,128,4457,64,32,6.27,60,1,100,86,77000
Honor,12,256,4283,16,12,6.83,120,1,240,67,73000
Infinix,16,128,6876,50,8,6.74,120,1,67,77,81500
Apple,8,128,6179,50,12,6.35,90,1,150,81,95000
Honor,12,128,4241,50,8,6.11,60,1,120,47,56500
Poco,8,128,5344,50,20,6.78,90,1,25,79,76500
iQOO,8,128,5288,108,16,6.94,120,1,18,53,71500
Apple,4,256,4767,48,8,6.8,90,1,18,71,93500
Realme,12,256,4457,64,16,6.48,90,1,18,85,85500
Vivo,8,256,6964,50,12,6.88,144,0,10,35,65000
Xiaomi,16,256,4840,200,8,6.67,144,1,10,62,86000
Realme,6,256,7350,108,20,6.26,90,1,10,100,91500
Realme,24,128,4947,50,50,6.93,120,1,45,47,83500
Lava,8,128,4989,32,12,6.61,90,0,67,52,56500
Motorola,16,128,5057,48,8,6.67,90,1,240,88,95000
Infinix,12,128,4629,50,8,6.76,60,1,33,91,89000
OnePlus,12,256,5545,50,12,6.17,120,1,18,66,85000
Samsung,12,512,6222,48,20,6.88,90,1,240,97,125000
Poco,16,256,7299,64,20,6.98,120,1,150,84,92500
Oppo,12,256,4810,16,16,7.0,120,0,33,48,67000
Oppo,4,256,6018,48,12,6.77,120,1,45,59,68000
Honor,24,512,6514,32,20,6.55,120,1,18,41,92000
Vivo,6,256,4876,12,20,6.23,60,1,120,67,69000
Xiaomi,12,128,7363,108,16,6.61,120,1,33,90,83000
Realme,16,128,4028,48,16,6.47,120,0,67,76,81000
Nothing,8,128,4589,108,32,6.36,120,0,150,46,66500
Xiaomi,16,512,4754,32,12,6.54,120,1,10,31,70500
Infinix,6,1024,4061,50,12,6.84,120,1,25,74,98000
Realme,12,128,5737,50,16,6.96,90,0,18,41,50500
Honor,8,256,5252,108,50,6.2,90,0,80,97,87000
Samsung,4,256,5261,12,16,6.72,120,1,10,25,54500
Xiaomi,4,128,5380,48,8,6.37,165,1,18,86,77000
Lava,6,256,6077,48,20,6.87,120,1,80,47,68000
Poco,12,512,6461,48,16,6.78,120,1,67,64,83500
Poco,8,128,6882,50,16,6.25,120,1,18,67,64500
Samsung,12,256,6584,50,16,6.68,120,1,25,53,86000
Apple,12,512,4216,50,16,6.62,120,1,100,60,105500
Nothing,8,128,4684,48,16,6.35,120,0,120,60,63500
Apple,24,512,7177,48,32,6.66,120,1,25,36,103000
Oppo,6,256,7391,48,32,6.81,120,1,100,70,83500
Oppo,8,512,5312,108,32,6.55,120,0,120,85,95000
Vivo,6,128,7170,50,16,6.6,120,1,18,87,73000
Tecno,12,128,7167,50,8,6.99,60,1,120,25,53500
Redmi,4,128,6856,48,16,6.3,120,0,18,37,52500
Infinix,8,256,7411,50,20,6.17,120,1,33,60,61500
iQOO,12,128,5522,50,20,6.85,120,1,45,78,82500
Honor,8,128,5203,48,12,6.51,144,0,67,96,78500
Nothing,4,256,5110,50,50,6.16,120,1,33,51,57500
Tecno,12,64,6004,50,20,6.35,120,1,33,28,52000
iQOO,12,512,5597,50,16,6.41,144,1,25,36,76500
Lava,12,128,5736,50,20,6.27,144,1,18,39,57500
Oppo,8,256,7019,64,16,6.66,90,1,240,79,94000
Motorola,12,128,4424,108,16,6.43,120,1,45,37,55500
Nothing,12,256,4972,48,20,6.14,120,1,240,59,79000
Redmi,4,128,5932,50,32,6.22,120,1,10,71,64000
Poco,6,256,7147,48,16,6.8,120,1,120,25,59000
Samsung,12,128,4150,108,12,6.15,120,1,150,97,99500
Infinix,12,256,7327,200,16,6.13,90,1,150,83,89000
Infinix,12,128,4581,108,32,6.47,60,1,80,33,56000
Tecno,4,512,6649,108,20,6.15,120,1,18,42,63000
Realme,8,256,4856,50,16,6.71,120,1,150,52,70500
Poco,6,512,5978,50,16,6.32,90,1,18,82,83000
Oppo,6,256,5667,50,50,6.79,90,0,120,73,81000
Redmi,8,256,4384,50,8,6.98,120,1,120,95,93500
iQOO,8,256,7259,50,16,6.66,144,1,45,40,78500
Honor,8,512,5340,48,16,6.44,120,1,120,34,77000
OnePlus,16,256,4446,200,12,6.64,90,1,25,75,99000
Tecno,12,128,6695,48,16,6.1,144,1,67,94,88000
Realme,4,64,7471,16,16,6.2,120,1,33,38,43000
Motorola,16,512,6826,48,8,6.47,144,1,120,62,95000
Google,12,256,5196,50,12,6.26,90,0,120,90,85500
Apple,24,512,4682,64,50,6.38,120,1,240,99,150500
Nothing,8,256,5264,200,12,6.81,144,1,33,81,94000
OnePlus,6,256,6729,50,16,6.85,144,1,100,57,75500
iQOO,16,512,4927,48,16,6.91,120,1,240,98,111000
Samsung,4,128,4451,50,32,6.88,60,1,33,66,68500
OnePlus,16,256,6140,48,16,6.34,90,0,100,98,89500
Oppo,6,128,4483,32,16,6.15,120,1,100,35,54000
Infinix,12,128,5151,50,16,6.58,120,1,33,50,61000
Oppo,4,128,5702,50,16,6.7,120,1,80,62,75000
Apple,8,256,5297,200,8,6.57,120,0,33,66,106000
Google,4,256,6708,48,50,6.87,120,1,240,42,76000
Infinix,8,128,6303,108,32,6.52,120,1,33,71,79000
Apple,6,256,4410,50,16,6.4,90,0,10,44,80500
Motorola,8,128,4812,64,32,6.57,120,1,18,34,57500
Poco,12,512,5300,64,32,6.16,120,1,150,47,81000
Motorola,24,256,6670,48,16,6.55,144,1,67,54,96000
Vivo,6,512,5623,48,16,6.35,120,0,10,49,63500
Poco,6,64,4102,50,16,6.89,90,1,10,34,48000
Apple,6,128,6852,50,12,6.15,120,1,150,100,101500
Oppo,8,256,6630,50,20,6.53,60,1,45,91,77500
Oppo,6,1024,5327,108,16,6.84,120,1,80,81,115000
Honor,6,256,6939,50,50,6.74,90,1,80,56,69000
Redmi,6,128,5886,48,16,6.51,90,0,25,87,79500
Realme,8,256,7471,50,8,6.21,120,1,25,45,66000
Xiaomi,4,256,5526,200,16,6.1,120,1,10,57,62500
Xiaomi,6,1024,5231,50,20,6.92,90,1,33,49,88000
OnePlus,4,256,7015,50,16,6.89,120,1,67,69,76500
Xiaomi,16,128,5331,48,12,6.29,90,1,45,42,68000
OnePlus,12,128,6054,50,32,6.3,120,1,45,66,76000
Realme,16,512,7402,108,16,6.77,120,1,45,87,108000
Oppo,8,128,4339,50,32,6.97,120,1,18,91,85000
Google,8,256,5802,32,32,6.17,90,1,67,95,93000
Vivo,8,256,5392,48,8,6.42,60,0,10,99,76000
iQOO,8,1024,7490,50,12,6.53,120,1,100,83,109000
Lava,6,512,6572,200,16,6.27,165,1,18,62,79000
Oppo,6,128,4540,12,16,6.66,120,0,10,30,43500
iQOO,12,512,6469,200,12,6.28,60,1,45,58,82000
Vivo,8,512,5851,48,12,6.97,60,1,10,46,73500
Lava,8,512,6776,50,8,6.39,120,1,67,77,89500
Nothing,8,256,4491,50,32,6.5,165,1,120,48,73500
Google,8,512,7139,108,16,6.25,120,1,18,73,95500
Nothing,12,512,6586,200,16,6.45,144,1,45,31,86000
Xiaomi,12,256,7487,108,12,6.61,120,1,80,50,84500
Oppo,16,256,6824,50,16,6.27,90,1,80,100,100500
OnePlus,12,256,5357,200,32,6.38,120,1,120,89,103500
Google,4,256,6873,108,16,6.85,90,1,67,61,83000
iQOO,16,64,7104,16,20,6.41,90,1,80,66,78500
Redmi,6,128,4143,50,50,6.85,144,1,45,95,86500
Apple,12,512,4623,48,32,6.24,120,1,45,83,108500
iQOO,6,64,4590,50,20,6.35,120,1,120,57,66500
Lava,4,256,6538,64,8,6.55,120,1,80,91,79500
Poco,12,256,7429,50,8,6.11,165,1,33,100,87500
Oppo,16,512,6400,48,16,6.13,120,1,240,45,97500
Redmi,12,1024,6485,50,12,6.9,120,1,240,85,120500
Lava,6,128,4821,12,32,6.12,144,1,80,47,51000
Vivo,6,256,5053,48,12,6.54,120,1,80,59,63000
OnePlus,12,256,6937,12,8,6.31,90,1,33,94,95000
Poco,12,256,5291,50,32,6.53,120,1,25,51,68500
Apple,24,256,6204,50,50,6.51,120,1,150,67,115000
Vivo,8,64,7417,48,32,6.2,60,1,18,36,54500
Tecno,12,128,5596,50,16,6.98,144,1,67,78,83500
Poco,6,128,4198,50,32,6.16,120,1,80,77,74000
Infinix,6,256,4387,64,32,6.24,90,1,18,78,65000
Honor,8,512,5700,200,8,6.33,165,1,33,34,72000
OnePlus,8,512,7443,50,32,6.58,165,1,33,74,100000
Xiaomi,6,256,4377,16,12,6.35,165,1,45,66,72000
Xiaomi,24,1024,6971,200,20,6.16,60,1,240,83,131000
Nothing,6,128,7476,200,8,6.24,120,1,18,42,62000
iQOO,8,64,6644,64,16,6.37,165,1,45,76,78500
Realme,8,256,7273,200,32,6.63,120,1,18,42,72000
Apple,4,128,4920,50,32,6.41,120,1,45,34,66500
Oppo,8,256,5062,32,12,6.83,144,1,120,86,85000
Lava,6,256,4233,16,16,6.85,90,1,10,72,65000
Apple,6,1024,5529,200,16,6.86,120,1,120,50,121000
Apple,24,128,4721,48,16,6.85,144,1,33,83,107500
Motorola,8,256,7150,50,16,6.34,165,0,10,40,63000
Vivo,6,128,4294,32,16,6.2,90,1,25,51,53500
Tecno,8,256,6802,50,12,6.23,90,1,45,89,83000
Redmi,16,512,6172,32,12,6.92,90,1,25,41,75000
Poco,8,128,5881,50,16,6.96,120,1,25,77,77000
Samsung,6,256,5087,50,16,6.53,60,1,33,99,82500
Nothing,24,256,5245,108,8,6.32,120,1,33,34,77500
OnePlus,8,256,6609,48,12,6.19,90,1,100,58,69500
Realme,4,256,5207,200,16,6.62,60,1,67,49,67500
Samsung,8,256,4835,50,12,6.87,90,1,100,32,61000
Oppo,12,256,5698,108,20,6.29,165,1,67,70,85500
Oppo,8,128,7232,32,20,6.23,120,1,80,93,94000
Oppo,6,512,5374,12,16,6.46,165,1,100,59,83000
Vivo,8,512,4730,64,32,6.11,120,1,240,72,94000
Lava,6,128,6072,50,20,6.42,120,1,120,55,63000
Xiaomi,8,1024,4633,12,16,6.7,120,1,150,49,94500
Apple,4,512,6197,50,16,6.61,120,1,67,46,88000
Poco,8,256,4778,50,16,6.54,90,1,80,70,67500
Lava,12,256,5786,48,32,6.53,90,1,67,54,67000
Xiaomi,12,256,5310,50,12,6.58,144,1,240,87,94000
Google,8,256,6313,50,16,6.63,120,1,120,41,68000
Lava,6,128,6464,32,50,6.94,60,1,10,80,69000
Realme,8,256,5650,108,16,6.18,120,1,240,69,80000
Apple,6,128,5001,50,50,6.47,144,1,45,61,94500
Apple,12,512,5251,50,12,6.34,120,1,67,93,117000
Samsung,8,128,6976,12,50,6.31,120,1,18,59,70000
Google,6,1024,6250,64,50,6.39,120,1,240,73,109500
Honor,6,64,5881,50,12,6.72,144,1,45,46,69000
Poco,8,256,6407,48,20,6.79,120,1,120,52,73500
Redmi,6,256,7144,48,12,6.89,60,1,80,27,51000
Xiaomi,12,256,5539,48,16,6.72,120,1,25,96,96500
Poco,6,256,6245,32,32,6.69,120,1,240,44,67000
Samsung,8,256,6693,200,12,6.83,120,1,120,26,81500
Nothing,16,128,4845,64,16,6.97,60,1,25,33,63500
Tecno,24,512,5969,50,16,6.56,120,0,10,32,86000
Realme,12,512,6413,200,12,6.13,60,1,80,26,75500
Motorola,12,256,5306,50,20,6.85,165,1,18,44,72000
Apple,6,256,5627,64,12,6.49,144,1,25,68,97500
Apple,16,128,5764,108,8,6.3,120,1,45,25,78500
Nothing,12,128,4816,48,8,6.56,144,1,80,38,69500
Lava,6,512,6988,64,16,6.27,60,1,80,74,77500
Xiaomi,8,256,4144,200,12,6.84,90,1,45,45,69000
Redmi,8,512,4388,48,32,6.84,90,1,67,30,67000
Motorola,12,128,5122,48,12,6.44,120,1,67,90,80500
Samsung,24,512,6685,50,16,6.37,90,0,100,52,90000
Poco,12,128,5607,108,16,6.78,120,1,45,57,77000
Oppo,16,512,4597,48,12,6.62,120,1,150,77,103500
OnePlus,12,128,6090,108,32,6.7,120,1,33,63,82000
Lava,6,512,7149,108,12,6.47,144,1,80,85,91500
Honor,8,256,6577,64,16,6.99,120,1,120,61,81500
Motorola,12,256,4145,108,16,6.83,120,1,150,96,96000
OnePlus,12,512,4308,48,16,6.75,120,1,80,62,87000
Poco,16,512,5611,50,16,6.83,120,1,67,35,80500
Samsung,12,128,5211,50,20,6.62,120,0,33,52,78000
Poco,8,256,4453,50,16,6.41,120,1,240,83,87000
Apple,8,512,4350,64,32,6.75,120,0,120,47,96000
Realme,6,64,4826,108,20,6.34,120,1,10,61,59500
Vivo,12,256,6426,48,16,6.78,90,1,18,64,74000
OnePlus,8,256,6049,50,8,6.34,144,1,80,42,72000
OnePlus,6,256,6408,32,16,6.8,60,1,45,99,84500
iQOO,12,256,6469,200,32,6.3,120,1,25,70,81500
Honor,6,512,6341,48,50,6.5,120,1,100,55,70000
Oppo,16,256,4746,50,8,6.54,120,0,240,85,93500
Poco,16,256,4142,50,20,6.12,90,0,33,65,67000
Samsung,4,128,7053,50,20,6.48,120,1,80,28,69000
Samsung,12,128,4447,50,32,7.0,120,1,25,40,68000
Tecno,16,128,5918,50,12,6.47,120,1,67,51,72500
Samsung,8,64,7288,50,16,6.99,90,1,33,30,60000
iQOO,6,128,5190,50,8,6.14,60,1,33,43,54000
Infinix,4,512,6887,50,32,6.98,60,1,100,73,77500
Oppo,6,64,5289,200,16,6.89,90,1,120,92,91000
Lava,16,128,4885,64,12,6.53,144,1,10,75,75000
iQOO,4,256,4298,50,12,6.43,60,1,33,35,46500
Infinix,4,512,6833,50,12,6.14,144,0,80,40,61500
iQOO,8,256,5243,50,32,6.42,120,1,10,67,73500
Xiaomi,8,256,7085,50,12,6.45,90,0,240,49,71500
Apple,24,256,4647,108,12,6.76,120,1,45,81,121500
Oppo,4,512,5398,12,32,6.3,90,0,18,74,76500
Lava,6,256,4515,50,12,6.33,120,1,80,72,65000
Nothing,12,256,4116,32,20,6.17,90,0,33,33,45000
Infinix,12,256,5690,50,16,6.1,120,1,67,84,83500
Nothing,6,1024,6143,50,8,6.38,120,1,45,27,84500
Honor,4,256,6517,50,16,6.84,120,1,10,44,64500
Poco,8,128,6853,64,20,6.44,120,1,45,69,69500
Tecno,8,256,7281,50,12,6.9,165,1,240,48,81000
Apple,4,64,7173,48,16,6.92,90,1,10,99,102000
OnePlus,6,256,4056,50,16,6.72,90,1,120,88,89000
Tecno,8,256,6446,50,50,6.13,60,0,100,82,72000
Lava,8,256,6762,64,32,6.86,144,1,25,97,90000
Oppo,12,128,6676,108,16,6.73,120,0,25,35,67500
Xiaomi,24,128,5191,12,8,6.87,120,1,67,35,73500
Realme,6,256,6871,50,12,6.98,144,1,18,46,59000
Infinix,6,512,7023,48,16,6.21,120,1,67,70,80000
Honor,8,256,5696,200,12,6.19,60,0,67,89,89000
Lava,12,512,6300,200,32,6.91,120,0,67,45,86000
Samsung,12,128,7318,48,50,6.39,165,1,33,89,98000
Motorola,12,256,5699,48,16,6.86,120,1,18,93,85000
Realme,6,256,4645,50,32,6.54,90,1,10,60,64000
Oppo,8,64,7223,32,20,6.35,120,1,45,66,70000
Oppo,8,512,5019,50,20,6.74,144,0,240,42,77500
Lava,12,128,7115,50,8,6.36,144,1,120,28,60000
OnePlus,12,128,5527,50,16,6.28,120,1,240,52,78000
Redmi,16,512,6935,48,8,6.46,90,1,150,85,102500
iQOO,16,64,5289,16,8,6.84,120,0,150,75,80000
Xiaomi,16,128,5918,50,12,6.13,90,1,120,27,62500
OnePlus,12,512,5022,50,32,6.71,165,1,10,83,98500
OnePlus,4,64,5975,50,20,6.41,144,1,45,36,53000
Vivo,8,256,6054,48,8,6.15,60,0,33,39,51000
Apple,6,128,4427,108,16,6.11,90,1,10,31,76000
Motorola,12,128,6182,64,16,6.46,90,0,45,46,56500
Redmi,8,256,6756,48,16,6.81,120,1,25,99,88000
OnePlus,12,256,5347,48,32,6.62,165,1,67,72,90500
OnePlus,8,512,6277,50,16,6.95,120,1,67,39,70000
Honor,8,128,4594,50,32,6.52,90,1,10,99,79000
Redmi,6,256,6066,50,8,6.26,120,1,10,64,70500
Xiaomi,12,128,4094,50,32,6.96,120,1,18,74,74500
Apple,8,64,6717,48,8,6.69,60,1,150,60,99000
Apple,8,128,5936,50,20,6.48,120,1,25,68,102500
Vivo,16,128,5881,32,16,6.24,144,0,33,62,79500
Honor,8,1024,5209,32,32,6.73,120,1,240,48,98000
Apple,6,128,5185,50,16,6.58,120,1,25,57,88000
Lava,4,512,5954,64,8,6.42,144,1,33,76,64500
Poco,16,256,4343,64,50,6.24,120,1,45,63,84000
Google,8,256,6153,48,16,6.45,90,1,67,79,84500
Tecno,12,1024,6574,50,12,6.81,90,1,18,50,91000
iQOO,12,256,4429,50,16,6.87,60,1,18,55,69000
Google,6,256,5252,48,8,6.91,144,0,150,25,63000
Xiaomi,8,128,5611,108,12,6.76,120,0,120,74,79500
Google,12,256,6107,48,16,6.57,120,1,240,84,93500
Xiaomi,8,128,6415,48,12,6.58,120,1,80,71,70500
Infinix,8,512,6225,32,12,6.98,120,1,100,33,64500
OnePlus,8,128,6542,50,16,6.29,120,0,240,70,82500
Xiaomi,8,128,6945,50,16,6.32,120,1,240,87,89500
Xiaomi,6,256,6209,50,32,6.6,120,1,25,97,84500
iQOO,8,256,7446,32,16,6.65,144,1,18,39,59500
OnePlus,16,256,7059,50,8,6.72,120,1,240,31,78000
Redmi,8,256,6530,50,12,6.24,120,1,25,45,66000
OnePlus,6,256,6905,32,12,6.43,120,1,33,71,84000
Motorola,12,256,4598,50,16,6.9,90,1,45,60,73500
OnePlus,6,512,5364,32,50,6.22,120,1,80,94,94000
Redmi,8,256,7225,48,20,6.72,90,1,18,36,66500
Nothing,12,512,6735,108,20,7.0,120,0,120,44,88000
Nothing,12,64,7467,50,32,6.77,90,1,100,64,77500
Nothing,8,256,5940,48,16,6.33,120,1,10,32,60500
Nothing,12,64,5946,64,12,6.76,120,1,100,59,68000
Lava,8,256,4342,48,32,6.24,120,1,150,92,87500
Samsung,8,512,4744,50,20,6.27,120,0,120,63,82500
OnePlus,8,256,5087,64,16,6.32,144,1,240,44,84000
Realme,8,128,4865,108,16,6.23,120,1,45,64,70500
Motorola,6,512,6344,50,20,6.91,144,0,18,50,77000
OnePlus,6,256,5724,50,16,6.74,120,1,18,55,77500
Google,12,128,6597,50,12,6.57,60,0,18,39,60500
Lava,6,1024,6427,48,32,6.18,120,1,45,58,87500
Motorola,4,1024,6990,12,8,6.45,120,1,45,92,106000
Lava,12,128,7442,50,32,6.89,120,1,18,28,54000
Lava,12,128,4087,48,16,6.89,60,1,25,72,64500
Samsung,12,256,6143,48,32,6.73,90,1,67,49,77000
Oppo,4,256,6843,48,50,6.92,120,1,67,66,77500
Realme,12,1024,6455,64,8,6.81,144,1,150,25,93000
Vivo,6,512,4312,108,12,6.69,90,1,10,81,88000
iQOO,8,512,6894,50,32,6.8,120,1,18,98,108000
Tecno,8,128,4410,50,32,6.84,120,1,150,90,80000
Vivo,16,256,4493,50,16,6.58,144,1,33,38,65000
Lava,6,128,7471,108,8,6.92,120,0,150,83,75000
Motorola,8,512,6605,48,16,6.45,120,1,80,73,85000
Motorola,8,256,7479,12,16,6.15,120,1,25,75,74500
Realme,4,256,5703,200,16,6.39,90,1,18,84,87000
Google,12,256,7044,48,16,6.46,120,1,10,35,74500
Oppo,8,64,4034,200,50,6.66,120,1,25,91,78500
Lava,6,256,6871,48,16,6.99,90,1,100,93,85500
Redmi,8,128,7368,50,12,6.52,120,1,45,66,79000
Redmi,24,128,6497,48,16,6.21,60,1,25,55,78000
OnePlus,12,128,6785,50,32,6.98,90,0,10,80,76500
Poco,4,256,4500,64,16,6.54,144,1,10,97,76500
Redmi,8,128,5320,108,32,6.13,165,1,45,40,60500
Honor,8,256,6313,50,20,6.55,120,1,33,66,66500
Lava,8,512,6570,48,16,6.19,120,1,45,75,79500
Realme,8,512,6038,48,8,6.45,90,1,33,37,58500
iQOO,24,256,6226,50,16,6.26,120,1,67,74,90500
Apple,6,256,7086,50,32,6.58,120,0,240,56,98500
Google,8,128,4223,64,16,6.61,120,1,240,26,65500
OnePlus,16,256,4269,48,8,6.4,120,1,150,47,76000
Motorola,8,128,6711,48,32,6.19,120,1,67,70,83500
Nothing,12,128,7329,48,32,6.53,120,1,240,26,71500
Google,8,256,7406,50,12,6.21,60,1,150,79,90500
Tecno,4,1024,6159,48,20,6.25,120,1,18,50,81500
Samsung,12,64,5903,50,50,6.3,144,1,45,54,75500
Vivo,24,256,5677,48,8,6.39,90,1,45,51,72000
Vivo,8,512,6567,12,16,6.58,144,1,120,53,83000
Honor,6,128,5102,50,16,6.38,60,1,120,50,58500
Apple,12,256,4982,64,16,6.71,120,1,33,70,108000
Tecno,8,128,4557,12,32,6.49,120,1,67,51,63500
iQOO,6,256,4714,64,12,6.12,120,1,80,95,90000
iQOO,12,128,6836,48,12,6.35,144,1,18,97,88500
Motorola,6,128,7500,108,32,6.73,120,1,120,30,62000
Honor,16,256,5570,50,8,6.28,120,1,120,36,72000
Tecno,6,64,6352,50,16,6.8,120,1,240,76,76500
Google,8,256,6607,200,50,6.65,144,1,150,39,82500
iQOO,8,512,7078,50,16,6.9,144,1,18,98,104000
OnePlus,8,512,4146,50,8,6.91,120,1,100,30,72000
Google,8,256,7418,50,8,6.89,120,1,120,88,96000
Infinix,8,256,6168,48,16,6.86,165,1,240,34,49000
Redmi,12,512,7017,50,32,6.96,90,1,45,81,94000
Infinix,8,64,6613,200,20,6.94,120,0,67,37,65000
Oppo,8,256,4669,48,20,6.86,90,0,67,76,81000
Infinix,12,256,7209,50,50,6.75,120,1,25,32,59500
Redmi,8,512,5810,48,16,6.69,90,1,45,37,69000
iQOO,16,512,4115,64,12,6.79,120,1,18,56,83500
Poco,6,256,7356,50,20,6.36,120,1,45,69,76000
Poco,12,128,4021,200,8,6.2,120,1,18,43,67500
Tecno,12,128,5531,48,32,6.68,120,0,150,82,79000
Motorola,8,256,5832,48,16,6.47,90,1,100,90,84500
Motorola,12,128,5611,48,12,6.38,90,1,45,97,76500
Nothing,12,256,6331,50,12,6.63,120,1,18,38,71000
Samsung,24,256,6841,48,16,6.55,60,1,33,50,85500
Samsung,6,256,5796,48,32,6.18,60,1,33,44,65500
Honor,8,64,6379,64,16,6.69,165,1,25,40,64500
Google,8,256,4787,48,32,6.78,120,1,80,50,71000
iQOO,8,1024,6144,50,32,6.37,90,1,18,43,89000
iQOO,4,128,6972,50,12,6.37,90,1,10,37,46000
Xiaomi,6,64,4374,64,32,6.33,120,1,45,86,69000
Oppo,24,256,5347,16,32,6.54,120,1,240,95,113000
Nothing,12,128,4008,200,16,6.17,90,1,25,68,77500
iQOO,8,512,7097,50,12,6.12,60,0,10,43,63000
Apple,8,256,4689,48,16,6.93,120,1,33,33,77500
Oppo,8,64,4705,64,12,6.4,120,1,100,65,63500
Infinix,12,512,6665,50,8,6.76,120,1,10,66,75500
Xiaomi,4,128,7005,50,20,6.44,120,1,120,74,72500
Oppo,6,64,6851,16,12,6.99,90,1,120,85,75000
Xiaomi,8,128,5973,32,32,6.86,144,1,10,56,66000
Infinix,6,512,4877,64,16,6.9,90,1,18,51,69500
Honor,6,256,7089,50,16,6.3,90,1,10,55,60000
Lava,8,256,6212,50,16,6.61,120,1,120,47,65000
Motorola,8,512,7299,50,50,6.86,60,1,25,29,66000
Xiaomi,6,1024,5776,50,32,6.12,120,1,45,96,105000
Apple,6,512,5382,48,32,6.24,120,1,80,84,100500
Vivo,6,128,6442,48,12,6.36,120,0,67,29,54000
Tecno,12,256,4350,200,16,6.12,90,1,150,89,94500
Apple,8,128,6479,48,12,6.92,120,0,100,60,94500
Samsung,8,512,7050,50,12,6.91,120,0,10,78,93000
Google,4,512,4998,48,12,6.62,165,1,67,36,67500
Redmi,8,128,4443,50,16,6.16,144,1,25,29,54500
Tecno,16,256,4573,48,16,6.16,120,0,10,40,61000
Nothing,6,512,4560,50,8,6.79,90,1,120,64,77500
Honor,6,128,5736,50,12,6.33,120,1,150,46,60500
OnePlus,12,128,6249,32,32,6.46,60,0,100,55,70500
Honor,6,256,5939,108,16,6.64,120,1,45,77,77500
Poco,12,512,6552,12,32,6.18,120,0,25,98,91000
Tecno,6,256,4275,32,16,6.43,120,1,10,54,57000
Lava,6,512,6031,50,32,6.99,120,1,80,54,83000
iQOO,8,512,5920,200,12,6.19,144,1,240,85,107500
Oppo,8,128,6478,12,16,6.42,165,1,45,70,70000
Nothing,8,256,6436,200,32,6.56,120,0,18,44,75500
Xiaomi,16,128,5526,200,32,6.29,120,1,25,93,88500
Xiaomi,8,256,5380,50,16,6.44,120,1,10,97,84500
Vivo,12,256,7253,108,8,6.13,90,0,33,96,87500
OnePlus,8,256,4111,64,20,7.0,144,1,150,98,91500
Poco,8,64,4202,12,12,6.67,120,1,10,77,63500
OnePlus,12,128,4294,48,16,6.97,120,1,150,71,92000
Realme,8,256,5112,108,32,6.92,120,1,100,99,102500
Vivo,8,512,7463,200,16,6.51,90,1,25,74,103000
Redmi,8,128,4922,16,12,6.43,90,0,25,54,54500
Tecno,6,512,5889,64,16,6.46,120,1,100,33,67500
Motorola,4,128,6966,64,16,6.73,120,1,100,36,56000
Samsung,6,256,6655,64,12,6.93,165,0,120,27,67000
Oppo,8,256,6616,108,32,6.14,120,1,150,69,85000
Infinix,6,256,4179,50,12,6.66,120,1,33,76,69500
OnePlus,12,128,7372,50,32,6.72,144,0,240,91,92000
Google,4,256,4305,48,8,6.68,120,1,67,44,66500
Poco,4,256,6779,50,32,6.28,120,1,67,43,58000
Samsung,4,256,4441,64,16,6.42,120,0,33,84,75500
Google,6,256,6480,16,50,6.39,165,1,67,86,93000
Oppo,8,128,5441,32,16,6.95,120,1,25,30,58000
Oppo,4,1024,4460,48,50,6.66,60,1,80,42,84000
Nothing,8,512,4170,50,12,6.82,120,0,67,25,50500
Realme,8,128,5449,64,20,6.65,120,1,150,80,85500
Xiaomi,16,512,7267,32,32,6.85,60,0,120,66,96500
Tecno,8,512,7200,64,16,6.39,120,1,33,61,78500
Poco,8,256,7489,16,8,6.92,165,1,150,48,78000
Apple,6,256,6023,50,8,6.3,90,0,150,82,94000
Redmi,8,512,7339,50,20,6.67,90,1,25,96,95000
Lava,8,512,5711,48,32,6.67,60,0,18,93,75000
Tecno,4,256,7102,200,12,6.83,165,0,240,89,92500
Infinix,6,256,5611,48,32,6.4,120,1,80,58,64500
Samsung,8,512,5678,50,20,6.21,120,1,25,91,96000
Xiaomi,8,256,4228,50,32,6.22,120,1,10,63,60000
Nothing,12,128,7002,48,32,6.88,90,1,67,63,80500
Apple,12,256,7217,108,16,6.21,120,1,45,42,88500
Realme,6,1024,5559,108,8,6.67,120,1,240,78,110500
Xiaomi,24,1024,4953,32,16,6.57,90,1,240,62,116000
Redmi,12,256,4343,108,20,6.1,60,1,120,87,75500
Tecno,12,256,4176,32,12,6.81,165,1,33,47,56500
Honor,8,256,4911,50,16,6.71,165,1,67,94,93000
iQOO,6,512,5102,50,32,6.86,90,1,67,99,98000
Poco,8,256,7197,50,16,6.56,120,1,120,25,56000
Poco,6,256,5703,48,32,6.76,120,1,67,28,63000
Apple,8,256,5685,48,16,6.38,144,1,33,25,76500
OnePlus,8,128,5593,50,16,6.14,144,1,45,74,76500
Oppo,12,128,6826,50,20,6.85,120,1,80,62,84500
Poco,8,256,5088,200,12,6.7,90,1,240,69,85000
Honor,12,256,5194,50,16,6.87,120,1,100,44,71000
Realme,12,1024,4127,50,20,6.44,144,1,100,29,85000
Apple,8,64,5520,50,32,6.52,120,1,10,27,73000
Infinix,4,128,5910,50,12,6.73,120,1,100,72,70000
Samsung,8,256,6822,64,16,6.81,90,1,240,53,85500
Nothing,24,256,6368,108,12,6.63,165,0,80,72,97500
Vivo,8,256,5941,64,20,6.49,90,1,120,39,70500
Xiaomi,4,256,5494,50,16,6.11,120,1,10,71,64500
Tecno,12,512,6772,48,8,6.7,144,1,120,50,88500
Google,8,64,7489,50,20,6.61,90,1,18,25,66500
Lava,6,256,4234,32,12,6.16,90,0,18,52,50000
Motorola,12,128,6654,50,12,6.32,60,1,45,93,76500
Honor,8,256,7079,48,16,6.66,120,1,67,84,84000
Xiaomi,16,128,6920,12,12,6.62,120,1,240,57,86000
OnePlus,6,128,6340,64,8,6.74,165,1,80,54,76500
Redmi,16,256,6175,50,16,6.51,144,1,67,70,93500
Oppo,8,256,6575,48,16,6.75,120,1,120,35,67500
Xiaomi,12,256,6150,48,20,6.38,60,1,120,85,89500
Redmi,6,1024,4384,108,16,6.88,120,1,100,40,85000
Realme,12,256,4802,50,16,6.28,144,1,100,80,84000
iQOO,4,1024,4206,48,16,6.88,144,1,120,26,75000
Oppo,8,128,4192,12,20,6.16,120,1,25,89,79500
Nothing,16,128,4903,32,12,6.24,120,1,67,77,76000
Apple,6,512,7261,50,20,6.44,165,1,240,56,108500
Apple,4,256,4077,50,32,6.64,60,0,67,75,84500
Nothing,12,128,4160,108,8,6.88,90,1,100,72,85500
Tecno,6,256,7389,50,8,6.64,120,1,120,46,64000
Motorola,12,128,4013,50,32,6.34,120,1,33,68,73000
Poco,6,1024,6215,48,50,6.7,120,1,10,96,113500
Nothing,6,512,5150,108,16,6.96,120,1,10,67,82500
Oppo,12,256,6578,50,20,6.16,120,1,240,88,102000
Xiaomi,12,1024,4299,50,32,6.6,90,1,120,71,103500
Oppo,4,128,4112,50,32,6.83,60,1,25,64,57000
iQOO,6,128,4806,108,16,6.1,120,1,100,86,77000
iQOO,6,256,4381,50,16,6.44,144,1,10,44,62500
Samsung,8,512,7498,200,32,6.23,120,1,67,57,92500
Lava,12,128,5182,32,16,6.77,165,1,33,31,53000
Poco,8,256,6321,50,12,6.46,144,1,150,56,70000
Vivo,12,256,5194,50,20,6.24,120,1,18,100,84500
Redmi,16,256,6224,48,16,6.35,120,1,150,65,81000
Poco,8,512,7046,200,16,6.49,90,0,33,31,68500
Xiaomi,6,256,6438,50,8,6.39,144,0,100,31,61000
Redmi,12,256,7281,50,50,6.94,120,1,80,44,73500
Redmi,6,256,6986,50,16,6.16,120,1,18,27,55000
Redmi,12,1024,4582,50,12,6.59,120,1,33,51,94000
iQOO,4,64,5789,50,16,6.34,120,0,80,44,50500
Oppo,12,256,5182,50,8,6.35,90,0,150,40,63000
Lava,12,256,5500,12,16,6.35,165,1,10,83,93000
Poco,8,256,4540,32,12,6.75,90,1,120,96,81500
Infinix,8,128,7394,32,16,6.23,90,1,25,31,49500
iQOO,8,512,7447,108,32,6.64,60,1,33,45,75500
Xiaomi,8,128,4041,16,16,6.98,90,1,25,68,63000
Oppo,8,128,7023,108,16,6.36,60,1,240,83,88500
Samsung,6,128,6240,50,32,6.92,144,1,100,53,78000
Poco,6,256,4969,50,20,6.26,120,1,67,68,69000
Samsung,8,512,4603,64,8,6.64,120,1,33,97,99500
Apple,8,512,5066,48,16,6.16,120,1,80,81,112000
Xiaomi,8,256,4113,50,16,6.12,60,1,100,74,64500
Xiaomi,8,256,7213,64,12,6.58,120,0,67,27,62500
Samsung,8,256,7122,50,12,6.74,144,1,120,46,81500
Motorola,12,1024,4228,48,16,6.75,120,1,33,66,107000
Infinix,8,256,5654,50,12,6.59,120,1,10,75,80000
OnePlus,16,128,6435,64,12,6.34,120,1,120,47,79500
Honor,8,128,5645,50,16,6.36,120,1,120,48,72000
Oppo,12,512,7365,64,16,6.39,120,0,18,30,71500
Samsung,6,512,5976,32,20,6.57,90,1,18,69,92000
OnePlus,8,256,4071,48,32,6.63,90,1,25,45,60000
Nothing,12,256,5835,64,8,6.32,165,1,18,89,89500
iQOO,12,1024,6308,32,32,6.87,90,1,120,80,117000
Samsung,6,128,4593,50,12,6.72,144,1,100,58,79000
Xiaomi,8,128,4342,48,20,6.49,90,1,25,71,66500
Lava,6,128,6158,64,16,6.24,90,1,240,46,64500
Realme,8,512,4443,48,32,6.4,120,0,25,93,89500
OnePlus,8,128,6493,108,20,6.69,120,1,67,84,83500
Xiaomi,8,128,7116,50,12,6.33,90,1,150,28,53500
OnePlus,8,256,4098,50,8,6.44,144,1,45,54,73000
OnePlus,6,512,5580,50,20,6.64,120,1,67,59,84500
Infinix,8,512,4038,48,12,6.13,120,1,120,41,70000
Lava,12,256,4035,64,16,6.75,120,1,80,95,81500
OnePlus,12,128,4967,64,32,6.9,120,1,18,35,59500
Lava,12,256,6014,50,32,6.83,120,1,120,86,85500
Vivo,8,128,5747,48,20,6.52,60,1,150,61,72500
Tecno,6,256,7164,50,8,6.55,120,1,45,94,83000
Honor,12,256,6840,108,50,6.66,90,0,80,62,84500
Lava,24,256,6551,48,12,6.98,144,1,25,94,98000
Vivo,8,128,4948,32,16,6.28,120,1,45,73,79000
Redmi,16,128,5306,50,16,6.93,120,1,25,47,65000
Motorola,16,256,7111,50,20,6.81,120,1,150,41,83000
Motorola,12,256,6510,50,16,6.62,90,1,80,59,73500
Samsung,4,128,6019,200,8,6.97,120,1,100,47,76500
Lava,8,512,5898,12,16,6.35,120,1,240,55,79500
Realme,16,64,6234,50,32,6.97,90,0,150,74,78000
Samsung,12,512,5008,50,16,6.8,120,0,45,94,104000
Tecno,8,256,4866,50,32,6.33,90,1,10,83,72500
Nothing,8,256,4377,108,20,6.56,90,1,45,67,74500
Samsung,6,1024,7293,50,32,6.83,90,0,80,39,92000
Nothing,8,256,5184,108,16,6.81,90,1,120,29,64000
Apple,6,128,6442,50,50,6.18,120,1,33,68,88000
Tecno,4,256,4261,48,16,6.44,90,1,18,94,71500
Lava,12,256,6169,48,16,6.27,120,1,100,98,94000
Google,16,256,6409,48,20,6.43,165,1,33,62,97500
Tecno,6,256,4575,50,16,6.94,120,1,45,65,68500
OnePlus,24,256,7237,48,16,6.19,120,1,120,95,116000
Vivo,16,512,4941,200,32,6.77,144,1,67,69,102500
Poco,24,256,4043,32,8,6.48,90,1,33,90,90500
Samsung,8,256,6704,50,20,6.24,165,1,25,52,82000
Vivo,8,512,7223,64,8,6.5,144,1,100,54,86500
Google,12,128,6347,108,20,6.62,120,1,67,46,77000
Vivo,12,256,5122,50,12,6.85,120,1,67,63,85000
iQOO,12,512,5701,64,16,6.36,120,1,100,47,82500
Apple,8,256,7329,64,50,6.65,90,1,18,83,98500
Realme,8,128,4828,48,32,6.71,120,1,45,39,55000
Vivo,8,128,4465,48,16,6.88,165,1,150,61,72500
Google,12,256,5458,200,16,6.6,144,1,67,36,81500
Google,8,256,5736,200,16,6.36,120,0,45,68,76500
iQOO,8,512,6602,50,32,6.49,120,1,10,79,88500
Nothing,24,128,4194,50,12,6.98,120,1,120,64,94000
Apple,8,512,6019,16,16,6.98,120,1,25,59,93500
Lava,12,512,5058,200,12,6.97,60,1,45,69,87500
Motorola,4,128,4641,48,32,6.68,60,1,240,95,80500
Xiaomi,8,256,7443,50,16,6.65,90,1,67,78,80000
Nothing,12,128,7437,50,16,6.48,120,1,100,85,91000
Lava,12,256,6724,50,12,6.13,90,1,33,86,82000
Vivo,12,256,4586,50,16,6.47,120,1,240,87,97500
Tecno,24,256,5074,50,12,6.95,120,1,25,27,71000
Xiaomi,16,512,5352,50,16,6.32,165,1,10,85,98500
OnePlus,6,128,6191,64,50,6.13,120,0,33,39,57500
Tecno,8,128,4915,108,50,6.34,120,1,120,54,61500
Redmi,16,64,6134,50,12,6.68,144,1,67,66,77000
Xiaomi,12,256,5466,50,8,6.58,60,1,120,66,78000
Nothing,8,256,6962,50,8,6.82,60,1,45,45,65500
Redmi,12,256,6282,50,20,6.44,165,1,67,73,82500
Nothing,8,256,5042,50,20,6.18,90,1,10,55,55500
Motorola,6,128,6502,48,32,6.18,120,1,120,59,68000
Realme,16,512,5177,48,32,6.98,120,1,45,71,99000
Infinix,6,512,5095,50,16,6.34,165,1,100,97,94500
Honor,4,512,6698,48,16,6.22,120,1,80,35,62500
Honor,24,512,5155,48,16,6.77,90,1,150,76,107500
Redmi,6,256,6573,16,20,6.33,120,1,150,33,59500
Oppo,4,512,5008,50,20,6.36,90,1,100,57,76500
Motorola,8,128,4609,48,12,6.88,144,1,120,28,60500
Samsung,4,256,7465,16,16,6.17,90,1,150,30,54500
Apple,8,512,4032,48,8,6.41,90,0,240,41,87500
Motorola,8,128,5804,108,16,6.71,60,1,120,70,77500
Lava,6,256,4978,50,12,6.85,90,0,80,71,70500
Motorola,6,512,4143,108,12,6.55,144,1,10,74,84000
Infinix,8,512,4981,12,16,6.88,120,1,120,93,87000
Vivo,16,128,5170,48,16,6.56,90,1,33,80,86000
Honor,6,256,6282,48,20,6.26,120,1,67,97,84000
Infinix,12,256,6812,48,16,6.13,90,1,240,33,61500
Infinix,6,256,7465,50,8,6.65,165,0,10,81,74500
Samsung,6,512,6615,16,50,6.2,120,1,120,34,76000
Honor,8,512,6984,48,32,6.77,120,0,10,81,80000
Apple,12,1024,5397,16,32,6.79,120,1,100,27,108500
Vivo,12,256,5096,108,16,6.86,60,1,18,61,80500
iQOO,8,128,6868,50,50,6.81,120,1,150,92,94000
Redmi,12,128,7155,50,32,6.78,120,1,120,89,89500
Poco,8,256,4415,12,16,6.84,120,1,120,89,72500
Apple,16,128,4186,50,20,6.44,120,1,240,67,105000
Redmi,12,64,4480,50,16,6.18,120,1,10,77,70000
OnePlus,8,128,6696,108,8,6.89,120,1,18,80,91500
Oppo,16,256,6099,32,16,6.98,90,1,25,27,60000
Lava,8,128,7290,50,16,6.46,120,1,33,81,73000
Google,6,256,5688,50,16,6.99,120,1,80,52,78000
Honor,6,256,6150,200,32,6.45,120,1,10,51,68000
Apple,12,1024,5683,50,16,6.5,120,1,45,32,113000
Infinix,8,128,4672,48,20,6.21,90,1,240,89,79500
Motorola,8,256,4081,48,16,6.84,120,1,18,97,88500
Xiaomi,6,512,5781,108,8,6.97,120,1,25,42,73000
Xiaomi,6,128,4566,50,8,6.61,60,1,80,43,49500
Apple,16,128,6091,64,8,6.66,165,1,120,48,99500
Infinix,8,512,6384,48,20,6.83,120,1,240,56,71500
Samsung,8,256,6310,200,12,6.46,165,1,10,100,101500
Infinix,4,64,4058,50,16,6.49,120,1,18,76,71500
Motorola,16,256,4917,48,12,6.92,144,1,80,30,76000
Nothing,6,256,4456,48,16,6.99,144,0,240,70,79000
Google,16,128,5999,50,16,6.46,120,1,80,77,92000
Honor,8,128,4123,50,8,6.69,90,1,33,48,52500
Google,6,256,4982,12,32,6.13,120,1,150,82,87500
Vivo,8,256,6633,200,8,6.62,120,1,33,72,84500
OnePlus,8,512,5644,50,32,6.93,60,1,100,39,81500
Google,8,256,4469,108,32,6.71,90,1,25,81,79500
iQOO,4,256,7134,108,16,6.3,90,1,18,95,89500
Tecno,6,256,6307,50,8,6.46,120,1,45,91,82000
Samsung,12,256,4523,108,16,6.8,60,1,120,40,81500
Apple,4,512,4108,50,16,6.53,165,1,120,26,87000
iQOO,16,512,6189,64,20,6.81,60,1,150,53,95500
Redmi,16,512,6230,32,12,6.37,60,1,45,68,81500
Lava,4,256,7251,50,16,6.87,165,1,100,68,77000
Infinix,8,256,6207,50,16,6.34,144,1,67,88,82500
Infinix,16,256,6872,48,8,6.6,120,1,100,70,81500
Vivo,6,256,4290,50,12,6.69,120,1,240,40,78000
Honor,12,128,6303,64,32,6.11,60,1,240,96,83000
Redmi,12,128,5234,200,16,6.61,165,1,25,77,91000
Motorola,16,128,5465,108,16,6.67,144,1,120,34,72500
Infinix,6,1024,5418,50,32,6.46,144,1,33,54,88000
Apple,24,256,6127,50,32,6.92,120,1,240,51,120000
Poco,4,256,4424,50,8,6.33,120,1,240,37,59500
Nothing,12,512,7435,50,16,6.96,60,1,10,87,93000
Honor,6,256,4870,12,16,6.41,120,1,120,27,56000
Samsung,6,256,4356,200,12,6.61,120,1,240,47,78500
Vivo,4,128,5862,200,16,6.68,120,0,120,54,61500
Samsung,16,128,6769,50,16,6.4,120,1,18,40,81000
Apple,8,128,6497,108,16,6.51,144,0,120,97,108000
OnePlus,8,256,4460,108,32,6.17,90,1,240,67,81500
Samsung,8,128,6424,48,8,6.67,120,1,45,77,88000
iQOO,16,256,5076,50,12,6.62,90,1,100,38,73500
Motorola,8,128,5528,48,50,6.9,144,1,18,34,55000
Lava,8,256,5900,50,20,6.54,120,1,120,60,65000
Realme,6,128,5499,50,8,6.34,144,1,10,56,54500
Nothing,16,128,6340,50,50,6.61,60,1,67,96,92500
Infinix,8,256,6178,200,16,6.6,120,1,18,42,68000
Redmi,6,256,4631,48,8,6.72,120,1,67,78,81000
Honor,8,512,6144,48,16,6.4,165,1,18,63,92500
Samsung,6,128,6278,64,32,6.91,120,0,100,89,93500
Realme,12,512,7412,108,16,6.25,60,1,10,69,87000
Redmi,8,256,4482,50,20,6.74,120,1,67,25,59000
iQOO,8,1024,7416,48,16,6.31,120,1,100,86,108000
Google,16,512,5006,50,50,6.16,120,1,25,91,108000
Samsung,8,128,4103,108,16,6.94,120,1,100,50,69500
Infinix,4,128,6679,108,16,6.79,120,0,25,62,65500
Samsung,6,512,6106,50,16,6.43,90,1,240,43,91000
Realme,12,256,4040,50,8,6.92,120,1,33,45,63500
Xiaomi,16,128,4446,108,50,6.72,144,1,80,62,87000
Nothing,12,128,4164,108,8,6.17,90,1,100,98,87500
Infinix,8,256,7461,64,16,6.69,90,1,100,48,65000
Apple,8,256,6085,50,32,6.43,90,1,10,25,77000
Infinix,4,256,4365,50,8,6.39,90,1,18,41,48000
OnePlus,8,128,5533,48,8,6.87,60,1,10,41,64000
iQOO,12,64,5896,48,8,6.82,165,1,10,72,76000
Google,12,256,4557,32,8,6.28,90,1,10,67,80500
Motorola,8,64,5388,64,16,6.59,120,1,120,34,61000
Samsung,12,256,7384,200,12,6.82,120,0,150,98,104000
Motorola,8,512,4631,64,12,6.26,120,1,33,26,60500
Apple,24,256,6819,50,8,6.31,120,0,45,58,102500
Infinix,16,256,6565,50,16,6.45,144,1,45,68,79000
Lava,8,512,6826,64,12,6.78,120,1,120,92,106000
Nothing,8,128,6371,108,12,6.76,165,1,120,51,73500
Xiaomi,16,64,5629,50,32,6.1,90,1,10,39,63500
Samsung,16,256,6842,16,16,6.75,90,1,45,64,85500
iQOO,8,256,4840,50,16,6.93,90,1,80,43,64500
iQOO,4,512,6588,50,16,6.81,120,1,240,34,76000
Realme,8,256,5912,64,50,6.62,90,1,120,60,72000
Redmi,6,128,6781,108,16,6.19,120,1,10,87,69500
Poco,8,128,5752,200,8,6.85,90,0,10,87,79500
OnePlus,8,1024,7485,48,16,6.45,120,1,67,92,117500
OnePlus,6,128,5241,16,32,6.76,165,1,45,74,82500
Redmi,12,256,5129,48,12,6.67,120,0,25,81,88500
Oppo,4,128,7103,48,20,6.42,120,1,45,98,84000
Honor,4,64,7447,64,16,6.85,120,0,45,49,56500
Infinix,12,128,6922,50,32,6.92,60,1,150,98,86500
Realme,4,256,6318,50,50,6.35,120,1,18,81,78500
Realme,16,512,4442,50,50,6.3,120,1,240,86,98000
Motorola,16,256,5163,108,16,6.65,120,1,45,98,98500
Nothing,12,256,5433,50,32,6.68,60,1,240,25,63000
Google,8,1024,7037,50,12,6.98,120,0,150,75,114000
iQOO,8,512,4785,32,12,6.16,120,1,240,26,72500
Google,16,128,6387,108,12,6.35,144,1,45,83,104000
Infinix,8,256,4539,48,32,6.26,120,1,100,80,76500
Xiaomi,12,512,4525,16,12,6.31,120,1,120,77,90000
Samsung,4,256,6788,50,16,6.61,120,1,25,55,78500
Apple,8,512,5657,48,32,6.64,120,0,240,98,117000
Google,8,256,4712,50,12,6.16,90,1,67,86,88000
Apple,8,128,6558,48,16,6.23,120,0,240,71,95500
Motorola,6,128,5246,48,16,6.64,90,1,100,33,55000
OnePlus,24,128,4979,48,8,6.95,165,0,80,69,100500
Apple,4,128,5761,48,32,6.13,90,0,33,86,95500
Samsung,12,512,5387,48,8,6.2,90,0,45,62,80500
iQOO,4,128,7205,200,8,6.75,60,1,33,100,87500
Infinix,12,256,6995,108,8,6.51,120,1,67,69,80500
iQOO,8,512,6811,50,16,6.64,120,1,80,42,79000
Poco,6,128,4608,48,32,6.61,120,0,25,64,59000
Samsung,4,256,6028,50,50,6.85,90,0,33,65,81500
Google,8,512,4526,64,32,6.2,120,0,67,97,87500
Xiaomi,12,128,5964,48,20,6.43,120,1,67,78,80500
Vivo,8,512,6300,64,8,6.89,120,1,33,41,73500
OnePlus,8,512,6495,50,20,6.6,165,0,33,56,82000
Samsung,16,64,5772,50,16,6.17,120,1,33,79,85000
OnePlus,8,256,7401,32,20,6.32,60,1,67,44,68000
Poco,8,256,6574,200,32,6.21,165,1,33,88,95000
Realme,6,128,5483,108,32,6.95,90,1,67,54,72500
Tecno,16,64,5608,32,32,6.77,144,1,45,39,63500
Apple,12,128,7122,64,16,6.54,90,1,33,91,104500
Oppo,8,256,7339,50,16,6.13,90,1,150,82,82500
Motorola,8,512,6548,48,20,6.47,90,0,80,85,81500
OnePlus,8,128,6200,48,16,6.58,90,1,67,73,83000
Oppo,12,128,4141,50,50,6.33,165,1,33,48,63500
Motorola,12,256,6046,48,8,6.57,144,0,18,88,82500
Nothing,6,512,7376,108,8,6.63,120,1,120,47,80000
Google,6,128,6229,50,32,6.72,90,1,45,25,57500
Tecno,6,512,7251,50,32,6.66,120,1,240,76,93000
Infinix,16,256,4814,108,12,6.11,120,1,240,69,90000
Google,4,256,4018,48,32,6.36,120,1,150,95,94500
Oppo,8,128,5806,50,16,6.7,90,1,33,55,65000
Honor,6,128,5476,50,12,6.18,90,1,67,31,58500
Redmi,12,256,7374,50,16,6.35,120,1,120,91,96500
Lava,8,128,6332,16,16,6.48,120,1,80,55,60000
Honor,16,64,7061,200,32,6.63,90,1,120,71,84500
Oppo,12,256,6882,50,8,6.57,120,1,18,71,87000
iQOO,4,128,5005,64,20,6.91,120,1,100,42,68500
Vivo,12,512,5107,200,8,6.2,120,1,80,35,83500
Motorola,12,512,4859,200,20,6.51,120,1,67,72,97000
Lava,16,512,5496,50,16,6.26,90,1,25,46,76000
Lava,4,256,7174,50,16,6.56,60,1,100,26,43000
Apple,12,256,5439,50,32,6.45,90,0,67,82,103000
Lava,12,128,6314,50,16,6.39,144,1,45,45,58000
Oppo,6,128,7268,50,12,6.75,120,1,120,68,85500
iQOO,16,256,5331,108,8,6.81,120,1,80,35,84000
Infinix,12,512,4795,48,20,6.62,120,1,150,57,82000
OnePlus,12,128,4938,50,12,6.92,90,1,100,97,89500
Infinix,12,512,5764,64,50,6.44,144,1,120,40,83500
Tecno,12,256,5333,108,16,6.13,120,1,240,39,77500
Tecno,6,512,7108,48,12,6.19,144,1,10,85,88500
Infinix,6,256,6288,64,50,6.73,120,0,240,46,61000
Motorola,8,256,6348,48,8,6.61,144,1,150,55,81500
Tecno,8,256,6545,32,20,6.96,120,1,33,32,56500
Infinix,8,512,6971,50,32,6.16,165,1,240,26,74500
Tecno,12,128,7401,48,16,6.33,144,1,67,54,66000
Xiaomi,16,256,5071,108,12,6.19,120,1,18,26,62000
Vivo,24,256,5119,50,16,6.49,144,1,33,83,99000
Google,16,128,6999,50,12,6.48,60,1,240,88,105500
Honor,8,256,4177,50,12,6.42,60,1,80,27,57500
Redmi,12,128,6034,12,16,6.79,120,1,120,65,78000
Oppo,6,512,7465,50,32,6.43,120,1,45,65,86000
Nothing,8,128,7276,48,20,6.85,90,0,100,42,62000
iQOO,6,512,4526,64,8,6.76,120,1,18,53,69500
Redmi,8,256,7074,64,8,6.66,90,1,150,62,76000
Infinix,16,64,5537,50,8,6.77,90,1,240,41,64000
Apple,8,256,4431,64,12,6.58,120,1,150,76,98500
Vivo,12,256,7220,108,20,6.33,120,0,100,93,92500
Vivo,6,256,6185,50,16,6.48,120,1,100,25,65500
Redmi,8,512,4631,50,12,6.44,120,1,67,93,85000
Lava,12,512,4690,12,8,6.81,165,1,150,95,107500
Apple,6,128,4419,48,32,6.31,144,1,80,100,108500
Motorola,12,256,5338,64,20,6.41,144,1,18,72,81000
Vivo,6,128,5400,50,12,6.76,90,1,67,97,78500
Apple,12,256,7200,64,16,6.2,120,1,100,99,119000
Nothing,8,256,6398,50,32,6.29,120,0,33,81,77500
Lava,16,128,5110,50,12,6.61,120,0,25,28,48000
iQOO,8,256,4145,64,16,6.47,90,1,80,56,70000
Nothing,8,256,5896,50,50,6.78,60,1,240,27,56500
Xiaomi,8,256,6446,48,12,6.5,120,0,33,80,80500
Oppo,4,64,4960,48,16,6.31,90,1,80,80,77000
Redmi,16,512,5148,50,20,6.38,120,1,33,68,88000
Poco,12,128,4858,48,16,6.47,90,1,67,52,62500
Redmi,16,512,6851,48,20,6.6,120,1,150,61,95000
Honor,6,128,4182,108,16,6.46,144,0,100,93,83000
Redmi,16,128,4151,108,32,6.31,120,1,120,86,83000
Apple,12,512,7101,48,8,6.35,120,1,67,86,117500
Samsung,6,128,4399,16,20,6.25,90,1,120,58,70500
Nothing,6,128,5336,108,32,6.14,120,1,67,42,55000
Infinix,16,128,4180,64,16,6.5,120,1,33,81,76500
iQOO,16,64,4698,48,20,6.68,60,1,100,90,86000
Xiaomi,16,128,6441,48,32,6.93,165,1,120,25,71500
Vivo,16,256,5641,108,50,6.41,120,1,150,56,85000
Lava,6,512,6575,16,16,6.12,144,1,100,68,80000
Nothing,12,128,5616,50,16,6.88,120,0,18,90,81500
Samsung,8,128,6861,50,32,6.64,165,1,18,99,99000
Samsung,4,512,6984,48,8,6.31,120,1,67,51,76000
Vivo,6,256,7093,48,16,6.4,120,1,240,76,84000
Honor,4,256,7226,48,8,6.42,90,1,18,94,77500
Realme,6,256,5044,50,16,6.82,120,1,120,30,61500
Motorola,4,128,7339,50,16,6.97,90,1,240,63,76500
Tecno,8,128,5058,48,32,6.43,90,1,240,51,65000
Oppo,6,512,6887,50,16,6.1,120,1,25,48,76000
Apple,6,128,4587,16,32,6.13,90,1,150,51,84500
Google,8,512,4171,12,20,6.16,90,1,25,99,94500
Tecno,6,512,4814,50,12,6.94,144,0,45,26,58500
Honor,12,256,7430,50,16,6.71,120,1,100,78,88500
Lava,8,256,4270,50,50,6.22,90,1,100,36,61500
Poco,16,128,4550,48,8,6.51,144,0,120,94,93000
Nothing,6,256,4661,50,50,6.45,90,1,18,48,63500
Redmi,16,512,5393,64,50,6.26,120,1,10,48,80500
Google,12,256,5612,50,20,6.39,120,1,10,40,78000
Lava,16,128,4356,50,50,6.15,90,1,33,60,69500
Vivo,8,256,5775,32,12,6.2,120,1,10,58,65000
Apple,4,256,5569,48,16,6.52,144,1,33,79,98000
Realme,12,256,4672,50,50,6.54,60,1,100,32,62000
Infinix,4,256,5579,50,12,6.84,120,1,45,63,67000
Xiaomi,16,128,7364,50,16,6.85,60,0,240,49,71500
Infinix,12,256,4488,48,12,6.73,165,1,45,40,61000
Infinix,6,1024,4144,64,8,6.64,120,1,100,85,93000
Xiaomi,16,128,4021,50,12,6.34,90,1,80,59,75500
Realme,16,256,6531,48,16,6.2,120,1,10,54,79000
Apple,8,128,5204,64,16,6.36,120,0,18,88,96000
Vivo,24,512,6814,108,16,6.6,165,1,25,86,124000
Apple,24,256,6269,50,16,6.7,120,1,120,77,119000
Oppo,8,256,6818,48,12,6.55,90,0,240,96,91500
Apple,16,128,5553,50,16,6.67,120,1,67,50,89500
Samsung,16,512,7422,64,16,6.35,144,1,120,55,97000
OnePlus,16,256,4643,32,16,6.35,90,1,240,90,99000
Vivo,12,64,6740,50,16,6.69,165,1,240,25,76500
Redmi,8,512,6616,48,32,6.51,120,1,100,34,72500
Lava,4,1024,5053,48,32,6.61,90,1,80,78,96000
Honor,12,128,7401,200,32,6.13,144,1,240,83,99000
Poco,8,256,4515,200,12,6.75,60,1,10,55,68000
Realme,16,128,5889,200,32,6.96,60,1,33,63,77500
Vivo,8,128,4266,64,12,6.94,120,1,150,26,61500
Samsung,12,128,6410,108,20,6.85,120,1,33,57,78500
Google,8,256,5710,48,16,6.86,60,1,45,90,92000
Google,8,1024,5038,50,32,6.48,90,0,150,68,102000
Xiaomi,6,256,4214,12,20,6.8,120,1,120,52,63000
iQOO,12,256,6872,48,8,6.9,120,1,33,34,69500
Oppo,6,512,4027,64,16,6.43,90,1,120,88,85500
Samsung,8,512,5336,50,16,6.81,120,1,120,86,92500
Motorola,6,256,6962,48,16,6.34,144,1,240,28,59500
Tecno,4,128,6118,48,16,6.69,60,1,18,98,70000
Xiaomi,6,256,7285,64,20,6.4,120,1,10,81,79000
Lava,8,128,5960,12,16,6.35,90,1,67,37,50000
Xiaomi,8,256,5856,48,12,6.79,144,1,150,75,80500
Tecno,4,256,7355,108,16,6.52,120,1,120,77,81500
Honor,8,256,5431,200,32,6.15,120,1,33,51,78500
Realme,6,128,4600,50,20,6.14,90,1,10,49,49500
Redmi,16,128,4122,50,32,6.85,144,1,18,83,86500
OnePlus,8,256,5974,50,12,6.59,90,0,33,53,68500
OnePlus,8,256,6034,108,32,6.5,120,0,67,62,74500
Xiaomi,8,256,5131,48,16,6.76,120,1,80,77,78000
Poco,8,256,6138,48,12,6.35,120,1,25,70,80500
Realme,8,512,6810,200,8,6.71,60,1,45,26,69000
Realme,24,128,5983,50,16,6.88,120,1,120,91,111500
Honor,8,256,6086,108,20,6.15,120,1,80,84,87500
Google,8,128,6071,48,16,6.57,90,1,150,96,96000
iQOO,6,256,7017,50,32,6.64,60,1,33,94,88000
Motorola,12,512,4271,108,16,6.71,90,1,67,27,68500
Realme,4,256,5890,50,8,6.11,120,1,25,85,74500
Tecno,12,128,5854,50,16,6.88,60,1,100,31,59500
iQOO,12,256,5025,64,20,6.37,90,1,80,42,66500
Oppo,8,256,5948,12,20,6.62,90,0,10,38,58500
iQOO,16,64,6327,32,16,6.78,120,1,67,93,88500
Realme,8,128,4196,200,16,6.1,90,1,100,84,80000
Tecno,8,1024,6344,200,12,6.72,60,1,150,41,99500
Tecno,12,128,5788,108,12,6.47,60,1,25,51,62000
Nothing,6,256,5513,48,16,6.87,120,1,150,100,93000
Tecno,12,64,5202,48,8,6.53,120,1,240,58,70000
Lava,12,256,5650,64,16,6.68,144,1,240,65,81500
Redmi,6,256,4310,48,16,6.31,60,1,33,37,48500
Realme,16,256,6127,64,16,6.61,120,1,100,42,79500
Realme,12,512,6185,48,16,6.36,120,0,10,65,80000
Realme,6,256,4835,50,32,6.6,120,1,120,89,82000
Infinix,12,128,4495,50,20,6.26,90,1,45,53,66000
Tecno,6,128,6237,32,50,6.65,144,1,67,25,47000
Honor,6,128,4715,200,16,6.73,90,1,150,97,85500
Motorola,6,64,4115,64,8,6.96,120,1,240,77,73500
Motorola,16,256,5348,48,16,6.62,90,1,45,84,89500
Oppo,12,256,6883,16,12,6.37,90,1,67,99,97000
Vivo,4,256,4702,200,16,6.75,144,1,120,42,71500
Samsung,8,128,5432,50,16,6.68,90,1,100,84,81500
Vivo,6,512,6670,48,12,6.24,120,1,45,41,69000
Realme,6,256,6947,200,8,6.94,60,1,10,70,71000
Motorola,12,256,4223,50,16,6.12,120,1,120,79,76500
Samsung,8,128,6938,108,12,6.21,120,0,10,35,65000
Xiaomi,12,256,6233,50,32,6.96,120,1,18,67,85000
Infinix,24,128,4732,50,12,6.12,120,1,45,27,71500
Realme,12,512,6738,32,12,6.27,165,1,10,77,86500
Lava,16,512,5347,48,16,6.77,120,1,240,94,104000
Xiaomi,12,256,7052,50,16,6.98,90,1,33,81,83500
Redmi,6,256,7095,64,16,6.29,120,1,100,99,84000
iQOO,16,128,5600,48,8,6.46,90,1,45,89,85000
iQOO,8,256,6844,108,12,6.94,120,1,10,84,92000
Infinix,12,128,6314,108,32,6.54,144,1,33,54,67000
Xiaomi,12,512,4623,50,12,6.8,165,0,100,65,84000
Tecno,8,256,6014,50,32,6.37,120,0,150,50,62000
OnePlus,8,256,7349,108,12,6.77,120,1,80,83,92000
Realme,8,128,4775,50,16,6.61,120,0,25,34,46500
Realme,8,1024,5759,64,16,6.88,60,1,100,74,96500
Poco,12,256,4529,48,16,6.6,90,1,18,58,65500
Nothing,4,256,6659,32,12,6.73,165,1,45,61,71000
Motorola,12,256,6068,200,16,6.13,90,1,120,88,97000
Apple,16,128,4078,108,8,6.12,120,1,10,91,102000
Tecno,12,128,5763,50,16,6.65,60,0,120,41,64500
OnePlus,16,256,4984,50,32,6.97,60,1,80,32,84000
Nothing,8,128,5380,108,32,6.72,120,1,100,50,70000
Motorola,8,256,6516,108,12,6.94,90,0,33,31,56000
Vivo,8,256,4382,50,16,6.3,60,1,45,69,73000
Infinix,6,256,5619,200,16,6.11,120,1,18,49,71000
OnePlus,12,128,4491,64,16,6.42,120,1,120,99,95000
Poco,12,256,4981,48,12,6.28,60,1,45,69,75500
Honor,8,512,4406,50,16,6.19,144,1,100,62,79000
Samsung,16,256,5284,16,8,6.3,60,1,18,91,84000
Oppo,12,256,4018,48,8,6.75,144,1,18,100,93500
iQOO,6,256,5579,50,32,6.23,120,1,100,46,64500
Motorola,12,128,7414,64,20,6.97,120,0,67,69,88000
Google,8,512,6512,48,32,6.71,120,1,10,88,107500
Xiaomi,12,512,5574,50,12,6.22,90,1,80,79,88000
Nothing,8,128,6241,50,32,6.56,90,1,150,70,75500
OnePlus,12,128,7344,200,50,6.64,90,1,33,89,98500
Redmi,12,128,5721,200,50,6.5,60,1,150,56,78000
Google,6,256,4615,108,12,6.78,90,1,150,51,71500
Poco,4,128,4128,64,16,6.73,120,1,120,52,53000
Realme,6,128,7440,12,16,6.72,120,1,33,47,64000
Samsung,8,512,4475,108,16,6.8,120,1,150,95,104000
iQOO,16,128,5762,12,12,6.76,120,1,18,89,85500
Tecno,4,128,5607,48,20,6.98,120,1,18,75,70500
Infinix,4,256,7075,48,16,6.88,90,0,10,49,60500
Vivo,4,128,6157,64,32,6.11,120,1,10,53,59500
Apple,6,512,7275,48,16,6.26,144,1,150,47,101500
OnePlus,16,1024,5260,48,12,6.21,144,1,33,92,127500
Motorola,8,256,6908,50,16,6.22,90,1,33,68,72500
Tecno,8,512,5426,48,16,6.43,90,1,25,89,86500
Honor,6,256,5698,108,12,6.7,120,1,10,52,71500
Honor,8,128,6263,108,12,6.77,120,1,18,90,92000
Nothing,8,128,4813,12,16,6.37,120,1,18,58,63000
Nothing,12,128,7306,200,12,6.53,90,1,100,25,74000
OnePlus,8,512,7237,50,8,6.32,120,1,120,99,106500
Xiaomi,12,256,4425,64,20,6.14,90,1,80,89,80500
Redmi,16,64,5338,108,12,6.69,60,1,100,75,78500
Poco,8,1024,5364,108,12,6.75,120,1,120,59,104500
Oppo,6,128,7082,50,32,6.98,120,0,240,78,84500
Xiaomi,12,128,4639,50,32,6.16,120,1,10,88,69500
Xiaomi,12,256,6551,32,12,6.41,120,1,10,88,88000
Realme,4,256,4165,108,16,6.86,90,0,240,94,83000
Honor,12,256,7261,48,16,6.88,60,1,120,68,87000
Apple,8,128,7136,16,32,6.2,120,1,18,54,87500
Nothing,8,128,6985,48,16,6.32,165,1,33,90,89500
Realme,8,512,6165,32,8,6.19,120,1,33,44,63000
iQOO,8,512,7061,64,16,6.76,120,0,25,26,64000
Infinix,8,128,6207,48,16,6.31,90,1,240,76,76500
Infinix,8,256,7357,50,32,6.79,120,1,67,28,56000
Oppo,8,256,4711,32,20,6.72,120,1,67,40,63000
Vivo,6,256,7475,50,12,6.43,120,1,18,71,75500
Oppo,16,256,5419,50,32,6.75,144,1,240,79,100000
Honor,16,512,4379,50,16,6.68,120,0,100,91,94500
Realme,6,256,4296,48,16,6.23,60,1,10,54,61500
Oppo,12,128,6213,64,8,6.56,90,1,150,81,83500
Lava,8,512,4722,50,16,6.26,120,1,25,78,80000
Realme,6,128,7272,48,16,6.83,165,1,10,43,65000
Apple,8,128,4842,108,8,6.35,120,1,33,58,90000
Motorola,6,256,7381,108,32,6.39,90,0,10,87,87000
Poco,8,64,4983,200,16,6.62,120,1,25,54,66000
Lava,4,64,6096,108,16,6.66,120,1,10,38,49000
Poco,4,256,5799,16,32,6.46,144,1,67,44,65000
Realme,8,64,7395,108,32,6.43,90,1,10,69,70000
Samsung,8,128,6100,50,20,6.65,120,1,120,97,100500
Vivo,12,256,5300,200,32,6.31,120,1,33,76,88500
Google,8,256,6873,64,16,6.83,60,1,120,68,73500
Poco,16,128,4137,48,16,6.71,120,1,10,38,56000
Vivo,12,128,4749,50,32,6.7,90,0,18,63,71000
Nothing,16,256,7171,48,20,6.89,60,1,10,47,78000
Xiaomi,8,128,5262,48,12,6.91,165,0,80,68,70000
OnePlus,6,256,5424,64,50,6.93,120,0,18,84,83000
Poco,6,256,7050,48,20,6.66,165,1,10,100,91500
iQOO,12,512,7191,50,32,6.54,90,1,80,34,76500
Infinix,16,256,5975,50,16,6.58,60,1,18,31,65500
Oppo,8,256,6160,48,32,6.62,120,1,45,89,83500
Google,12,64,4603,200,20,6.32,120,1,240,93,97500
OnePlus,8,64,6356,50,16,6.2,120,1,150,99,91000
iQOO,8,1024,5590,50,16,6.35,120,0,45,72,96500
Nothing,4,128,5654,32,8,6.48,120,0,80,48,51000
Vivo,8,512,6489,108,16,6.6,144,1,120,90,99000
OnePlus,8,64,7360,50,20,6.45,120,1,120,74,85500
Realme,16,128,5381,50,16,6.5,120,1,33,39,63000
Redmi,24,128,4076,64,16,6.68,60,1,80,37,75000
Honor,8,512,6337,48,12,6.67,120,1,150,98,97500
Vivo,6,128,5966,16,20,6.36,60,1,25,42,50500
iQOO,16,256,6480,200,20,6.67,120,1,33,54,84500
Motorola,12,256,4205,48,16,6.56,60,1,67,91,86000
Vivo,12,256,5549,48,20,6.32,90,1,240,50,69000
Motorola,8,256,5588,48,20,6.47,60,1,100,36,56000
Motorola,8,512,6601,64,32,6.12,120,1,67,97,91500
Apple,12,128,4921,32,50,6.33,120,1,45,80,103500
Motorola,4,128,4381,48,12,6.24,120,1,67,42,51000
Motorola,16,1024,7371,48,32,6.43,90,1,150,81,120000
Honor,6,256,4525,12,32,6.82,120,1,10,45,60000
Honor,4,256,4369,50,20,6.86,90,1,80,81,76000
Xiaomi,16,128,4133,200,16,6.54,144,1,80,81,98000
Xiaomi,12,512,6056,48,32,6.57,60,1,25,64,75500
Realme,8,256,6389,200,16,6.22,120,1,33,26,65500
Google,6,64,4707,48,16,6.87,90,1,67,48,62000
Google,16,128,7073,50,12,6.4,120,1,45,27,74000
Oppo,16,256,4671,108,32,6.12,120,1,150,59,83000
Oppo,6,256,6841,12,32,6.55,90,1,18,47,67500
Poco,6,256,5409,48,20,6.9,120,1,25,42,63500
Infinix,12,512,4586,48,12,6.49,144,1,45,71,82000
Google,6,128,6645,48,12,6.75,120,1,100,74,81000
Vivo,12,128,5718,50,12,6.92,60,1,25,90,89000
Samsung,8,128,6445,32,12,6.77,90,1,150,34,76000
Vivo,8,256,7272,50,12,6.25,60,1,150,35,65500
Infinix,24,256,5047,48,16,6.27,120,1,45,81,97000
Redmi,16,512,4240,200,50,6.22,120,1,33,35,74500
Lava,8,512,6143,50,16,6.22,120,0,240,51,70500
Infinix,6,256,4360,200,16,6.83,120,1,240,49,77500
iQOO,4,128,5016,50,50,6.9,60,0,67,90,71000
iQOO,12,128,7110,50,8,6.23,60,1,100,91,83500
Xiaomi,6,128,5324,50,16,6.96,60,1,150,75,71000
Oppo,8,128,4252,64,16,6.56,120,0,240,26,57500
Realme,8,512,4255,16,8,6.65,120,1,120,41,63500
iQOO,12,128,4980,48,20,6.81,120,1,100,37,58500
Honor,12,128,5029,108,32,6.43,120,1,18,93,89000
Tecno,8,256,5772,108,16,6.46,165,1,150,59,80500
Redmi,12,128,4818,200,20,6.63,120,0,10,86,79500
Poco,12,128,4850,108,8,6.26,120,1,150,91,88500
Poco,8,128,6131,64,16,6.36,120,1,67,27,59000
OnePlus,6,512,5427,50,12,6.83,120,0,80,35,69000
Apple,6,256,6794,48,16,6.78,120,1,240,43,88000
Nothing,4,1024,6392,50,16,6.44,120,1,10,36,79500
iQOO,8,128,6738,48,16,6.6,144,1,240,25,65000
Nothing,24,512,4372,108,8,6.74,165,1,120,70,108000
Redmi,12,128,7369,50,8,6.29,144,1,240,37,77000
Oppo,6,512,4253,48,16,6.97,165,0,25,98,91500
Tecno,8,256,5714,200,32,6.98,120,1,18,60,81500
Infinix,12,256,5214,200,32,6.45,120,1,10,96,86500
iQOO,6,256,6624,108,12,6.96,90,1,33,57,69500
Apple,6,256,6469,32,16,6.31,144,1,33,65,92500
Google,12,256,7021,12,32,6.79,120,1,25,42,71000
Motorola,4,256,4677,200,32,6.35,90,1,33,86,89500
Vivo,24,512,7107,48,12,6.47,90,1,18,52,102500
Poco,4,256,7163,48,8,6.13,120,1,45,85,71500
Google,8,256,6197,32,20,6.4,90,1,100,67,73000
Apple,4,64,4424,12,16,6.65,120,0,150,44,73000
iQOO,6,256,7012,64,32,7.0,90,0,33,61,70000
Oppo,4,512,5377,64,12,6.97,120,1,240,90,95500
Oppo,8,256,5043,64,12,6.25,144,1,100,98,89000
Vivo,8,128,6196,48,12,6.59,120,0,80,54,63000
OnePlus,16,256,5154,200,16,6.68,60,0,80,91,100500
Apple,12,256,4770,200,16,6.99,120,1,67,82,120000
Google,16,512,6415,50,16,7.0,165,1,100,98,117500
Samsung,12,64,4125,12,32,6.59,120,1,67,94,77000
Google,12,256,4885,48,32,6.11,120,1,67,57,76500
Redmi,12,256,4416,50,8,6.35,144,1,67,70,73500
Nothing,8,512,5535,108,8,6.61,144,1,240,75,99500
Tecno,16,256,4540,108,16,6.74,120,0,45,69,84000
Google,6,256,5044,108,20,6.62,120,1,18,28,65500
Lava,8,128,6384,50,12,6.84,60,0,150,81,66500
Infinix,12,128,6998,50,16,6.23,90,1,25,93,79500
Google,6,512,4662,50,16,6.24,120,1,18,31,66500
Realme,8,256,4601,50,12,6.23,120,1,45,75,69500
Infinix,12,256,7234,200,16,6.83,120,1,150,92,108000
Redmi,16,128,4886,48,8,6.39,120,1,150,73,79000
Honor,8,256,5194,48,20,6.73,120,0,240,94,95500
Motorola,8,256,4398,50,16,6.47,120,0,45,54,64000
Infinix,6,256,5894,48,32,6.92,120,0,67,88,81000
Google,8,256,6193,50,12,6.59,120,1,120,57,82500
Oppo,8,512,6419,200,12,6.44,90,0,100,76,94500
iQOO,8,256,4613,64,32,6.58,120,1,18,81,82500
Samsung,6,128,4693,48,16,6.56,120,1,120,68,77500
Tecno,12,256,5630,50,12,6.3,120,1,18,79,81000
Lava,12,256,5577,48,16,6.21,120,0,33,53,57000
Vivo,16,1024,4252,12,16,6.41,60,1,100,88,111500
iQOO,12,256,4772,50,32,6.61,144,1,240,93,96000
Poco,12,256,5429,48,50,6.1,90,1,33,26,59000
Lava,6,256,4246,50,16,6.76,60,0,33,44,49000
Samsung,8,64,4111,50,16,6.82,120,1,100,56,65500
Tecno,8,128,5031,50,50,6.41,120,1,67,100,82500
Redmi,24,128,4321,50,20,6.92,90,1,45,36,73500
Poco,8,128,4579,50,32,6.17,60,1,10,85,67000
OnePlus,8,128,7258,12,20,6.63,60,1,25,52,59000
Lava,6,128,4983,64,50,6.23,144,1,67,53,65500
Apple,12,64,4614,108,20,6.84,144,1,45,74,99500
OnePlus,4,256,6903,64,32,6.72,90,1,150,81,85500
Apple,8,1024,4114,50,12,6.47,60,0,240,31,104500
Honor,12,256,4789,50,12,6.34,60,0,120,55,58500
Motorola,6,256,5195,64,16,6.26,144,1,33,59,64500
Nothing,6,128,4716,64,50,6.3,60,1,45,46,58000
iQOO,12,512,5747,50,20,6.17,165,1,33,61,80500
Infinix,8,256,4984,16,8,6.89,120,1,33,59,65500
Oppo,8,128,6253,50,16,6.35,165,1,18,25,54500
Vivo,6,256,4574,108,50,6.29,90,1,150,48,66500
Oppo,8,128,6543,200,16,6.13,144,1,33,32,60000
Poco,8,1024,7355,50,32,6.73,60,1,10,96,110500
OnePlus,8,128,5195,12,32,6.23,120,1,25,34,52000
OnePlus,4,256,5283,50,32,6.69,120,1,240,38,72500
Poco,6,256,5598,48,32,6.99,165,1,240,45,71500
Xiaomi,6,256,4349,50,16,6.28,120,1,33,26,50500
Infinix,8,128,6450,108,8,6.45,144,1,150,94,88000
Apple,8,256,5201,64,16,6.44,60,1,150,32,91500
Lava,12,512,4356,50,12,6.93,60,1,45,44,59000
Xiaomi,8,256,7477,64,8,6.11,120,1,45,49,63500
Lava,6,256,5502,50,16,6.49,60,1,80,99,76000
Vivo,8,256,6414,50,12,6.8,165,0,33,42,62000
Xiaomi,4,64,5132,48,32,6.31,120,1,80,83,68000
Nothing,8,512,5661,32,20,6.64,120,1,80,76,87000
Apple,4,64,4708,12,16,6.98,90,1,10,40,64500
OnePlus,8,128,4966,48,16,6.46,120,1,240,57,73000
Lava,8,64,5415,48,16,6.34,120,1,240,34,59500
Honor,6,512,7091,200,16,6.52,90,1,80,26,70500
Samsung,8,256,4556,50,8,6.54,120,1,10,27,58500
OnePlus,12,256,6943,50,20,6.25,144,1,10,99,98500
Oppo,8,512,5346,200,16,6.23,120,1,10,42,90500
Oppo,6,64,7322,50,16,6.55,60,1,100,67,68500
Redmi,6,128,5763,12,12,6.31,144,0,80,83,73000
iQOO,12,64,5288,108,12,6.55,144,1,240,46,74000
Apple,6,512,5137,50,16,6.36,144,1,25,76,103000
Vivo,8,256,6852,50,12,6.44,120,1,100,56,75500
Infinix,24,128,4182,50,16,6.79,120,0,240,33,71000
Oppo,12,512,6446,48,16,6.97,120,0,10,96,97500
OnePlus,16,256,6910,64,12,6.51,120,1,120,46,93500
Oppo,8,128,4707,32,12,6.46,90,1,150,25,47500
Infinix,12,1024,7250,48,32,6.33,165,1,120,51,105000
Samsung,12,128,6487,64,16,6.3,90,1,150,72,81000
Oppo,6,128,4746,200,32,6.77,90,1,10,61,70500
iQOO,16,64,4875,64,50,6.97,120,0,100,25,67000
Tecno,16,256,6772,50,20,6.65,90,1,120,78,78000
Motorola,12,256,4569,64,50,6.99,120,1,67,93,92500
Vivo,6,128,4315,64,32,6.91,90,1,25,72,63500
Nothing,8,512,7244,200,16,6.26,120,1,18,40,87500
Poco,8,512,6553,64,16,6.88,60,1,33,61,79500
Google,6,256,5025,64,16,6.59,120,1,18,41,66500
Redmi,8,512,4478,12,12,6.41,120,1,10,62,78500
Lava,6,512,5735,108,16,6.88,90,1,10,97,93500
Google,6,128,5816,12,20,6.75,120,1,45,91,88000
Google,6,256,6174,64,20,6.57,120,1,150,63,78500
Honor,8,128,4273,108,20,6.61,144,1,18,61,68000
Tecno,8,1024,4630,48,20,6.94,165,1,45,58,92500
Vivo,8,128,7010,12,12,6.11,120,1,18,89,76500
Infinix,8,128,5184,48,12,6.39,120,1,100,96,85500
Xiaomi,12,512,7019,108,16,6.95,120,1,80,44,89000
Realme,8,512,4220,48,16,6.95,120,1,150,85,102500
Xiaomi,6,128,5611,50,8,6.1,120,1,25,39,53500
Redmi,8,512,7318,64,16,6.41,90,1,67,86,92000
Oppo,12,256,7169,50,16,6.49,144,1,18,75,83000
Tecno,12,256,5538,50,20,6.67,90,1,45,75,88000
Nothing,6,1024,5448,50,16,6.67,60,1,80,76,105000
Samsung,8,128,5148,48,16,6.31,120,1,120,85,85000
Samsung,8,128,5592,64,16,6.89,165,1,120,50,73000
Realme,6,256,5765,64,32,6.84,144,1,10,56,69500
Vivo,8,256,5140,50,20,6.15,144,1,240,90,90000
Nothing,8,128,5064,48,16,6.47,90,1,25,42,58000
Vivo,6,128,4053,12,12,6.83,165,1,18,64,69000
Xiaomi,12,512,6929,50,20,6.58,90,0,120,98,92000
Lava,4,256,7480,64,16,6.18,120,1,67,26,52500
Honor,16,512,4237,50,16,6.93,165,1,80,40,80000
Xiaomi,8,512,6429,48,16,6.39,120,1,25,73,79000
Redmi,8,64,6378,16,20,6.93,120,0,33,25,43000
Realme,6,128,4425,108,16,6.48,120,0,10,58,51000
Nothing,6,128,5813,108,16,6.83,165,1,67,36,63000
iQOO,12,512,4633,48,16,6.51,120,1,150,76,97000
Infinix,16,512,4458,200,12,6.72,120,0,10,65,86500
Google,24,128,5676,32,20,6.48,144,1,67,80,102500
Tecno,8,128,5612,48,32,6.92,120,1,25,41,63500
Redmi,6,128,6033,48,16,6.42,120,1,80,100,75500
Tecno,8,128,4065,50,8,6.43,120,0,100,96,72500
Vivo,6,256,4742,50,16,6.99,120,1,67,29,56500
Honor,16,128,5624,48,32,6.16,120,0,240,57,67500
Realme,12,256,7015,48,12,6.72,120,1,100,27,62000
Nothing,24,256,4920,50,16,6.24,60,1,33,93,90000
Oppo,24,512,5538,48,12,6.33,90,1,67,99,111500
Poco,12,128,5495,200,32,6.43,120,1,67,48,72500
Infinix,16,512,5136,50,20,6.37,144,1,120,43,73000
iQOO,8,256,6434,50,16,6.67,120,1,80,46,69500
Infinix,8,128,7467,48,16,6.38,120,1,100,85,74500
Motorola,6,256,4231,200,12,6.39,60,1,67,54,71500
OnePlus,8,512,4959,64,32,6.75,60,1,100,83,85500
Vivo,6,256,4168,32,16,6.7,90,1,120,56,62000
Xiaomi,4,1024,4597,50,12,6.71,120,1,100,65,89000
Nothing,6,512,6065,200,12,6.77,120,1,150,57,94500
Google,4,256,4626,50,16,6.82,60,1,100,96,87500
Nothing,6,256,5147,108,16,6.61,120,1,67,39,70500
Nothing,12,512,5915,108,32,6.24,120,1,18,54,83500
Xiaomi,4,256,6709,50,16,6.34,90,0,33,50,57000
Nothing,16,256,4784,12,16,6.89,90,0,18,31,62500
Tecno,16,128,4916,200,32,6.92,165,1,25,59,85000
Realme,12,512,4485,108,16,6.53,165,1,10,38,69000
OnePlus,12,1024,4226,200,8,6.67,120,0,100,32,96500
Samsung,4,128,7056,64,8,6.18,144,1,10,31,59500
Motorola,8,512,4096,50,32,6.11,120,1,25,71,82000
Xiaomi,4,128,4951,108,32,6.82,120,1,120,90,83000
Google,12,128,4386,50,12,6.37,90,1,67,69,80500
Oppo,8,256,4899,48,50,6.7,120,1,33,65,78000
Vivo,6,512,5849,48,16,6.44,144,1,33,83,95000
Vivo,8,256,4122,64,12,6.9,144,1,25,40,62500
Lava,6,64,4126,50,16,6.13,120,1,120,90,62500
Xiaomi,8,128,6954,32,12,6.62,90,1,240,74,76500
Oppo,8,128,6245,48,20,6.75,120,0,240,35,61500
Redmi,12,1024,4403,12,16,6.15,120,1,80,63,86500
Motorola,8,128,4912,50,16,6.63,120,1,25,42,58000
iQOO,6,128,5416,50,16,6.88,120,0,45,25,46500
Realme,8,256,5194,50,32,6.48,90,1,100,46,60500
Tecno,12,256,5791,50,8,6.78,60,1,150,97,87500
Nothing,12,128,6181,48,8,6.93,120,1,120,71,80000
Vivo,12,128,5449,200,8,6.74,165,1,25,73,89000
Lava,6,1024,7385,16,12,6.24,120,1,100,25,78000
Realme,8,128,7371,50,20,6.72,120,0,100,40,61500
Oppo,6,256,5704,50,16,6.4,144,0,240,52,74000
OnePlus,8,128,6119,48,20,6.19,120,1,240,54,87500
Honor,6,256,6477,48,12,6.13,90,0,240,97,83500
Tecno,16,128,7435,16,12,6.66,120,1,80,63,83500
Tecno,6,512,4698,64,50,6.72,120,1,240,35,72000
iQOO,8,128,4808,200,8,6.66,90,1,10,55,65000
Google,8,256,4276,50,12,6.81,120,1,25,66,77000
Apple,8,128,5497,50,12,6.58,90,1,45,58,91000
Realme,8,256,6147,50,20,6.63,120,1,150,35,63000
Vivo,6,256,6735,64,16,6.35,165,1,67,35,59500
Xiaomi,8,512,7080,200,20,6.85,120,1,10,31,76500
Realme,12,512,6759,50,32,6.94,90,1,67,26,70500
Vivo,6,128,7319,50,20,6.89,120,1,80,67,74500
Vivo,16,256,7151,50,16,6.98,120,0,120,65,80000
Xiaomi,12,1024,6180,200,20,6.28,120,1,120,28,98000
Oppo,8,256,4511,50,16,6.52,144,1,80,77,81500
Redmi,16,512,4035,64,12,6.1,120,1,80,96,104000
Apple,12,128,5874,48,16,6.63,120,1,33,55,93500
Honor,12,256,4907,50,12,6.89,90,0,10,32,58000
Lava,6,128,7224,48,12,6.69,90,1,67,85,70000
Nothing,8,64,7114,12,16,6.23,120,1,10,34,55500
Xiaomi,8,512,5376,64,8,6.68,120,1,10,80,76500
Xiaomi,4,128,5140,50,50,6.63,60,1,150,37,53000
iQOO,8,128,5750,50,12,6.9,165,1,100,88,88000
Realme,6,512,6027,32,32,6.67,120,1,120,92,92000
Xiaomi,8,128,6775,50,20,6.55,120,1,150,80,76000
Google,8,256,5764,50,20,6.3,120,1,33,68,77500
iQOO,6,512,5617,50,16,6.86,60,1,240,54,88500
Tecno,16,256,7470,50,32,6.26,60,1,100,58,76000
Realme,16,256,5351,64,16,6.53,120,1,80,65,77000
Realme,16,256,6242,48,50,6.63,120,0,45,34,74500
iQOO,8,512,5540,200,20,6.33,90,1,80,57,92000
Infinix,8,256,5268,200,12,6.97,120,1,100,44,75500
Honor,4,256,7266,16,16,6.96,120,1,67,77,86000
OnePlus,6,128,6112,50,16,6.48,60,1,80,31,49000
Vivo,8,128,6688,108,16,6.16,120,1,10,40,63500
Infinix,6,128,5843,48,12,6.4,90,0,100,28,50500
Honor,6,128,5464,32,16,6.56,120,1,120,64,65000
Nothing,12,256,7192,64,50,6.31,120,0,18,89,86500
OnePlus,8,256,4200,50,32,6.5,120,1,240,58,74500
Redmi,6,512,7302,64,20,6.52,120,1,67,96,96500
Redmi,16,64,4407,32,12,6.69,120,1,10,72,77500
Tecno,8,64,7070,32,20,6.81,120,0,45,61,62000
Poco,24,256,6496,50,8,6.13,120,0,25,26,66500
Redmi,8,512,5610,50,12,6.35,144,1,10,83,92000
Vivo,8,128,7280,50,16,6.7,90,1,150,99,85500
Tecno,12,128,6146,108,12,6.25,120,1,80,31,61000
Poco,6,128,4716,50,32,6.88,144,1,100,99,81500
Xiaomi,6,256,5963,50,16,6.31,165,1,67,78,80500
Xiaomi,4,128,4653,48,16,6.17,60,1,10,46,48500
Poco,12,128,4695,48,12,6.15,120,0,150,49,60000
Motorola,6,64,5564,48,16,6.43,120,1,100,71,66500
iQOO,6,128,4113,50,32,7.0,120,1,18,95,79000
Poco,6,128,4026,50,12,6.15,120,1,80,77,65000
iQOO,12,256,5442,48,32,6.37,60,0,100,39,68500
Samsung,4,128,6077,12,16,6.87,144,1,150,65,75000
Apple,12,256,6611,50,20,6.38,120,1,80,65,99500
Realme,8,512,4731,16,12,6.64,90,1,67,92,93500
Tecno,12,256,6151,64,16,6.93,120,1,25,77,82500
Oppo,8,512,6853,200,50,6.15,144,0,18,43,76000
Nothing,12,256,5240,64,16,6.51,120,1,18,100,100500
OnePlus,4,256,6909,50,20,6.79,120,0,150,64,73500
iQOO,16,256,4482,108,32,6.48,90,1,150,78,92500
Redmi,12,256,4674,64,16,6.4,60,1,150,61,70000
Samsung,4,1024,4347,48,16,6.96,120,1,25,81,102000
Apple,12,128,4510,48,16,6.58,60,0,150,61,87000
Xiaomi,12,512,6201,48,16,6.35,90,1,25,34,69000
Xiaomi,16,256,6643,16,20,6.66,60,1,150,80,87000
Realme,6,512,4023,108,12,6.55,120,1,45,37,67000
Tecno,8,128,4308,200,16,6.95,90,1,240,94,90500
Google,8,512,5160,50,12,6.59,120,0,18,81,87500
Apple,6,256,7447,50,32,6.93,90,1,120,44,93500
Nothing,4,128,4343,48,32,6.12,144,1,150,98,91000
Samsung,12,256,6635,50,16,6.71,90,0,10,97,90500
Honor,8,1024,6151,50,8,6.43,90,1,33,99,119500
Infinix,6,256,5813,48,50,6.53,120,1,240,90,90000
Vivo,24,256,7119,108,20,6.52,120,1,10,51,88000
Realme,12,128,6407,108,16,6.74,144,1,67,70,82500
Redmi,4,256,6552,200,16,6.17,120,1,10,80,82000
Motorola,12,256,6965,50,12,6.55,120,1,100,62,75500
Poco,16,256,5461,50,16,6.34,120,1,25,87,87000
Infinix,6,512,7490,50,12,6.22,90,1,10,52,73500
Tecno,4,256,4598,48,16,6.8,60,1,33,56,52500
Apple,4,128,6541,64,8,6.6,60,0,10,77,75500
Tecno,8,128,4530,48,8,6.4,144,0,18,99,78500
Samsung,8,64,7282,50,16,6.8,90,1,67,71,80500
Google,24,256,5584,64,16,6.78,144,1,18,28,82500
Google,8,256,7083,48,8,6.55,90,1,45,81,83000
Motorola,8,1024,5287,48,16,6.16,165,0,18,78,100000
Poco,8,512,6219,50,16,6.5,120,1,240,98,103500
Poco,8,512,5233,48,8,6.76,90,1,240,60,87000
Xiaomi,12,128,5816,12,16,6.58,144,1,100,34,60500
Realme,12,256,6670,48,12,6.57,60,1,67,83,86000
iQOO,16,128,4349,50,20,6.18,144,1,120,74,88000
OnePlus,8,256,5849,50,16,6.37,144,1,10,27,59500
Redmi,6,128,5944,50,12,6.8,120,0,120,34,51000
Tecno,24,256,7074,64,32,6.16,120,1,150,91,111500
Motorola,4,1024,5568,12,32,6.77,120,1,25,54,92000
Vivo,8,512,4599,48,16,6.78,60,0,240,100,100500
Motorola,8,128,5714,50,20,6.19,120,1,10,99,72000
Samsung,8,128,4750,64,8,6.78,120,1,33,34,63500
Lava,8,256,6723,50,16,6.45,120,1,100,67,70000
Infinix,12,256,6540,50,20,6.12,120,1,45,98,87500
iQOO,8,256,7455,50,12,6.16,90,1,240,34,58500
Samsung,6,256,6956,108,16,6.6,144,0,45,61,78500
Lava,16,256,4919,64,50,6.95,120,1,45,56,76000
Tecno,4,128,6887,108,12,6.52,60,1,33,74,63000
Xiaomi,12,256,7490,64,20,6.77,90,1,150,32,72000
Google,8,256,4657,50,12,6.56,90,1,25,82,86000
iQOO,6,512,5668,16,50,6.22,120,1,80,48,77500
Poco,8,128,6534,50,16,6.86,90,1,100,36,55000
Honor,8,128,5348,50,8,6.43,120,1,150,56,76500
Oppo,6,256,6372,108,16,6.79,120,0,240,61,86500
Lava,16,1024,6616,48,8,6.23,120,1,67,38,89500
Lava,8,512,6227,50,16,6.92,60,1,67,77,76500
Tecno,6,1024,7414,48,32,6.2,120,1,33,73,104000
Vivo,8,128,6765,50,12,6.2,165,1,240,29,66000
Xiaomi,6,256,6400,48,12,6.29,120,1,10,86,78500
Poco,24,512,5095,32,8,6.13,120,1,240,62,95000
Redmi,16,256,4894,48,20,6.39,120,0,45,80,83500
Realme,8,512,5511,50,16,6.41,120,1,120,50,85000
Oppo,6,256,7470,50,12,6.52,120,1,240,31,63500
Lava,8,64,7497,32,32,6.38,165,1,18,93,80500
Poco,8,256,4738,48,12,6.26,120,1,25,91,82500
Apple,8,128,4189,200,32,6.51,60,1,25,35,78000
Oppo,4,128,6064,50,20,6.14,120,1,10,67,65000
Redmi,8,256,6388,48,32,6.92,60,1,80,53,71000
Motorola,6,64,7372,108,8,6.2,90,0,45,31,46500
Tecno,16,128,6604,48,50,6.31,120,0,10,56,62500
Oppo,8,128,5911,64,32,6.31,120,0,18,85,76000
Infinix,16,256,5317,200,16,6.17,144,1,240,63,92500
iQOO,12,128,6333,48,32,6.54,120,1,120,41,67500
Oppo,6,256,5938,50,16,6.18,120,1,120,86,84000
Lava,8,256,5591,48,12,6.16,120,1,45,52,52500
iQOO,8,128,5858,50,16,6.46,120,1,33,70,65500
Honor,16,128,5868,32,32,6.52,60,1,10,85,76000
Honor,6,256,4809,50,20,6.21,90,1,100,42,63500
Samsung,16,128,7052,64,32,6.34,90,1,240,59,89500
Realme,12,256,7241,50,32,6.28,120,1,25,80,94500
Vivo,4,1024,6011,48,16,6.43,144,1,67,86,114000
Google,8,512,6200,50,32,6.37,144,0,33,59,85500
iQOO,24,256,5804,50,16,6.15,165,1,67,90,97500
Apple,24,64,5720,48,32,6.99,90,1,67,49,106000
iQOO,12,512,5636,108,32,6.18,120,1,67,92,107500
Apple,6,128,4729,108,32,6.18,120,1,33,85,95500
Realme,16,256,6398,48,50,6.15,120,0,67,57,73000
OnePlus,16,256,4846,64,16,6.99,120,1,45,52,83500
Nothing,16,512,4286,48,16,6.83,120,1,240,49,86500
Poco,16,1024,4881,48,16,6.77,165,1,45,49,93000
Xiaomi,8,256,6763,48,16,6.59,120,0,67,39,59000
Infinix,12,256,6985,64,8,6.84,120,1,25,72,77000
Honor,16,128,6552,50,20,6.9,60,1,33,75,82500
Motorola,16,256,5577,50,32,6.64,90,1,25,71,87500
Motorola,4,256,7448,32,12,6.65,120,0,45,46,54000
Vivo,12,128,6249,12,16,6.23,120,1,45,43,63500
Poco,12,256,6832,50,16,6.66,120,1,100,98,93000
Oppo,4,256,5326,50,16,6.22,90,1,45,52,58500
Google,6,256,5279,32,32,6.54,60,0,100,95,86000
Oppo,8,256,4101,50,16,6.95,144,1,25,43,57000
Lava,8,1024,5602,50,20,6.12,120,1,10,40,83000
Motorola,12,256,4787,50,16,6.64,60,0,120,88,85000
Tecno,6,128,4340,64,32,6.83,144,1,67,61,69000
Tecno,8,256,4124,64,16,6.69,90,1,80,54,63000
Oppo,16,1024,6751,108,12,6.74,144,0,33,71,116000
Redmi,8,512,5266,48,20,6.73,120,1,80,87,93500
Redmi,12,256,5013,12,16,6.7,120,1,33,72,75000
Infinix,6,64,5109,48,12,6.24,120,1,25,75,66000
Lava,8,512,5832,50,8,6.63,120,1,33,88,81000
Tecno,8,512,4120,48,12,6.45,90,1,18,78,80500
Apple,6,256,6805,64,12,6.92,90,1,80,61,91000
Realme,8,256,6531,48,50,6.75,120,1,67,51,70500
Tecno,8,512,5339,108,32,6.41,165,1,100,46,72500
iQOO,12,256,5173,50,20,6.5,144,1,10,28,73000
Motorola,4,1024,4340,50,32,6.77,120,1,120,63,91000
Google,8,256,4937,200,16,6.54,90,1,33,85,96500
OnePlus,8,128,7437,50,12,6.27,120,1,25,72,71000
Motorola,6,256,7179,48,16,6.45,120,1,120,89,99000
Realme,8,1024,6286,50,16,6.7,144,1,100,91,111500
Xiaomi,16,512,5982,200,12,6.92,144,1,240,31,97500
OnePlus,6,256,6770,64,16,6.6,60,0,100,76,78500
OnePlus,12,256,4988,50,12,6.88,120,0,150,77,91500
Apple,8,128,5383,50,16,6.5,60,1,80,28,66500
Samsung,8,64,4979,50,32,6.12,90,1,120,49,66000
Lava,4,256,6272,48,12,6.18,120,1,25,95,82500
Tecno,8,128,6491,64,32,6.55,60,1,80,57,69000
Apple,24,512,6276,50,16,6.98,144,0,18,67,117000
Poco,6,128,4878,50,12,6.31,120,1,18,73,63500
Samsung,12,128,7375,50,50,6.76,144,1,240,78,109000
iQOO,6,1024,6565,50,32,6.15,60,1,18,44,90000
Samsung,6,256,5840,64,32,6.74,120,1,240,61,84500
Samsung,12,128,5639,50,16,6.58,120,0,33,61,64500
Samsung,8,512,6811,48,50,6.85,120,1,33,74,99000
Honor,12,256,4073,50,16,6.59,120,0,18,25,57500
Vivo,12,128,5094,48,16,6.95,144,1,67,31,57500
Lava,12,256,7226,108,16,6.59,120,1,100,35,75000
Realme,6,512,5818,64,50,6.4,90,1,45,29,62000
Infinix,6,64,6835,50,12,6.48,144,1,120,89,82500
OnePlus,12,128,5611,50,12,6.18,165,1,25,28,67500
Nothing,24,512,5426,48,16,6.17,120,1,80,82,108000
Honor,8,64,6724,50,12,6.48,60,1,45,66,63500
Lava,6,512,6366,50,8,6.12,120,1,25,64,74500
Tecno,4,512,5355,50,32,6.32,144,1,150,83,87500
Realme,4,128,5337,50,20,6.8,144,1,25,32,48500
Lava,16,256,4161,64,16,6.49,120,0,100,32,60500
iQOO,8,256,4536,50,12,6.96,120,1,45,53,69500
iQOO,8,256,5164,50,12,6.97,120,1,240,99,103000
Poco,6,128,4270,50,20,6.49,90,1,100,72,70000
iQOO,12,256,4284,48,16,6.14,90,1,150,92,88500
Lava,6,512,6293,108,16,6.55,120,0,67,57,77500
Nothing,8,256,4521,12,12,6.94,120,1,150,36,67000
Motorola,12,512,5069,50,20,6.38,90,1,67,33,69500
Apple,12,128,5505,64,16,6.93,120,1,150,40,85500
Infinix,8,256,6610,50,8,6.66,120,1,25,64,66000
Realme,6,128,7097,64,12,6.37,60,1,120,36,58500
Oppo,4,512,5243,50,16,6.6,90,1,150,43,65500
Vivo,8,256,7275,50,16,6.94,120,0,45,38,77000
Oppo,16,512,6943,50,16,6.96,90,1,120,47,93000
Nothing,16,128,4054,50,8,6.54,60,1,18,91,81000
Infinix,6,256,5659,48,16,6.36,90,1,120,35,53000
Honor,8,512,6057,50,16,6.57,144,1,10,100,91500
Tecno,6,512,5065,16,16,6.73,90,0,25,74,79500
iQOO,6,256,7451,50,8,6.45,144,1,67,29,66000
Honor,6,128,7361,12,20,6.42,120,0,240,57,63500
Infinix,8,128,7031,50,32,6.68,165,0,33,45,54500
OnePlus,16,256,7044,48,8,6.74,120,1,67,41,70500
Apple,6,256,6029,50,12,6.25,165,1,80,98,102500
Google,12,128,5944,48,32,6.11,165,1,100,96,99000
Poco,8,256,7026,32,20,6.41,120,1,80,67,76000
Xiaomi,8,256,6485,48,50,6.42,90,1,240,86,94000
Apple,8,256,5397,64,32,6.7,120,0,100,63,98000
iQOO,8,128,6010,12,8,6.72,120,1,45,75,71000
Apple,4,256,4477,200,16,6.37,144,1,67,27,76000
Redmi,8,64,4015,50,16,6.99,120,1,45,26,46500
Oppo,16,128,5139,50,16,6.35,120,1,240,30,75000
Vivo,8,64,6164,16,50,6.59,120,1,67,34,52500
Infinix,8,128,7343,50,12,6.83,120,1,33,89,78500
Nothing,8,256,5925,50,8,6.17,120,1,25,47,74000
OnePlus,6,128,7172,64,12,6.23,60,1,18,97,74000
Honor,12,256,6559,50,16,6.51,120,0,240,77,90500
Redmi,12,256,4951,48,8,6.19,120,1,120,29,69500
Tecno,12,128,6344,108,8,6.3,60,0,240,60,73000
Honor,12,256,5158,50,12,6.25,60,1,18,78,73000
Realme,4,256,4054,50,32,6.77,60,0,67,92,74500
Nothing,16,128,5482,50,8,6.4,90,1,33,54,74000
Lava,8,128,4566,50,16,6.47,60,1,240,54,68500
Oppo,8,512,5149,48,16,7.0,120,1,33,93,96500
Tecno,4,512,5172,64,16,6.94,90,1,80,70,68000
Tecno,8,512,4235,12,8,6.75,120,1,45,49,72500
Samsung,4,256,6299,50,16,6.52,60,1,80,68,74000
Nothing,8,256,7441,64,20,6.66,120,1,240,95,101000
Tecno,16,256,5494,32,16,6.24,90,1,120,56,76000
Lava,12,128,5451,50,12,6.72,120,1,33,38,60000
Motorola,4,1024,5062,50,16,6.87,90,1,150,44,76500
Oppo,8,128,6917,64,32,6.22,90,1,80,93,84000
Redmi,12,256,4174,48,16,6.44,90,0,67,86,72500
Infinix,12,128,6031,50,12,6.24,90,1,10,77,71500
Xiaomi,8,256,4341,48,8,6.45,120,1,100,72,70000
Lava,16,256,6023,16,16,6.43,120,1,80,70,80000
Vivo,8,128,5531,50,16,6.79,90,1,10,34,49000
Nothing,8,256,6438,108,32,6.51,90,1,150,36,69000
Tecno,4,128,6370,64,50,6.32,120,1,240,56,68000
Apple,12,256,5908,50,32,6.37,120,1,120,52,103000
Redmi,4,1024,7372,64,8,6.88,120,1,80,48,86500
Motorola,24,1024,7356,50,16,6.86,120,1,150,39,113500
Redmi,24,256,5851,64,12,6.98,60,1,240,54,96500
Motorola,12,64,6569,108,16,6.55,120,1,80,62,73000
Motorola,24,128,5097,50,16,6.11,90,1,33,99,87500
Motorola,8,128,7185,50,16,6.82,90,1,100,96,82500
Apple,16,256,7148,16,32,6.45,144,1,67,34,92000
Motorola,16,64,4496,64,16,6.51,120,1,67,90,87000
Google,8,256,6184,50,16,6.83,120,0,33,56,75500
Realme,8,128,5050,64,32,6.93,90,0,100,37,58000
Honor,12,512,7034,50,16,6.81,120,1,100,77,94000
Realme,8,512,7400,50,16,6.27,120,1,100,63,78000
Apple,8,128,4714,50,8,6.91,120,1,240,33,86000
OnePlus,12,256,4828,50,8,6.92,144,1,100,59,87500
Google,6,512,4612,50,12,6.78,90,1,100,91,92500
iQOO,8,256,7048,50,16,6.53,120,1,10,88,81000
Redmi,6,128,6766,50,16,6.9,165,0,67,46,60000
Nothing,6,256,6503,48,16,6.35,90,1,240,54,66500
Google,6,128,6106,50,32,6.6,60,1,100,51,74000
Motorola,8,256,4448,50,32,6.94,120,0,10,39,53500
Realme,16,256,5189,64,32,6.66,60,1,18,71,78500
Samsung,8,64,4903,108,16,6.65,120,1,25,40,65000
Honor,6,128,7186,48,20,6.66,120,1,80,79,67000
Lava,8,128,5462,64,8,6.57,90,1,25,77,74500
Poco,4,256,6345,50,16,6.24,90,1,18,82,68000
Vivo,16,512,6133,12,16,6.62,120,1,18,33,68500
OnePlus,16,64,5304,48,12,6.2,120,1,240,89,96000
Lava,8,128,5965,108,32,6.71,120,1,10,95,80500
iQOO,16,128,5372,48,12,6.56,120,0,18,61,73000
Infinix,12,256,4108,48,16,6.75,90,1,45,81,82000
Honor,8,64,4601,48,12,6.42,120,0,10,49,53500
Samsung,16,128,4708,32,16,6.56,120,1,25,84,89500
Xiaomi,8,128,5142,50,8,6.38,120,1,240,29,65000
Oppo,4,512,4885,50,16,6.84,144,0,120,50,71000
Apple,16,128,4103,50,50,6.95,144,1,120,57,95500
Honor,8,128,7214,50,8,6.11,144,1,150,67,70500
Motorola,8,128,7177,48,16,6.29,120,1,240,34,64000
Xiaomi,8,128,4283,64,12,6.31,120,1,10,43,55500
Google,6,256,5493,200,8,6.27,120,1,240,68,91000
Realme,8,256,6064,200,32,6.61,165,1,18,100,105500
iQOO,8,128,6966,50,32,6.79,120,1,150,100,96000
Vivo,8,512,7151,200,16,6.55,144,1,80,83,101500
Oppo,6,256,4555,64,8,6.55,144,1,150,76,85000
Redmi,16,256,4998,48,16,7.0,120,1,67,47,69500
Apple,12,1024,7396,64,8,6.35,120,1,33,31,109000
Apple,16,512,6168,200,32,6.16,120,1,25,65,115500
Realme,8,128,6105,48,32,6.38,120,1,150,40,64500
Lava,8,256,6931,16,16,6.45,60,1,33,60,66000
Google,12,512,4542,200,20,6.21,90,1,10,51,96000
Nothing,8,128,7065,32,20,6.65,120,1,25,31,56000
iQOO,6,1024,6555,32,16,6.84,120,1,67,53,95500
Infinix,8,512,7151,64,12,6.23,120,0,80,69,80500
iQOO,12,256,5040,50,16,6.66,120,1,100,51,73000
Tecno,6,512,5991,48,16,6.7,120,1,10,98,90500
Tecno,4,256,5477,50,16,6.62,60,1,45,25,44500
Vivo,12,512,4329,48,12,6.25,120,0,80,93,94500
OnePlus,12,256,5058,32,12,6.37,90,1,150,74,80000
iQOO,8,128,4056,50,16,6.6,144,1,100,100,87000
Oppo,8,512,5276,50,16,6.31,165,1,25,87,86000
Samsung,8,128,6639,48,16,6.73,144,1,80,100,101000
Apple,16,128,7299,48,16,6.12,120,1,67,89,114500
Nothing,12,512,5723,64,8,6.82,120,1,100,74,102500
Apple,8,256,4002,32,32,6.9,90,1,33,78,96000
Honor,12,256,5274,108,8,6.56,120,1,18,74,76000
Xiaomi,12,256,4786,64,16,6.17,120,1,33,96,88500
Xiaomi,6,256,4179,64,32,6.49,60,1,67,88,75500
Tecno,8,64,5031,12,50,6.87,60,1,33,86,80000
Realme,8,128,7240,50,12,6.25,144,1,45,72,79000
Honor,4,512,6654,16,12,6.63,120,1,100,64,72500
Samsung,8,1024,5293,48,16,6.49,120,1,67,95,116000
Infinix,8,512,5455,12,16,6.45,120,1,33,98,88000
Infinix,8,64,5785,50,16,6.75,120,0,150,49,64500
Xiaomi,6,256,5782,108,20,6.7,60,0,100,46,66000
iQOO,8,1024,6510,50,32,6.46,120,1,18,98,107500
Samsung,12,256,5198,48,16,6.39,120,1,10,41,77500
Infinix,8,128,6985,48,16,6.63,144,1,33,92,78500
Infinix,8,512,4169,50,20,6.13,90,1,10,58,70000
Oppo,6,256,7207,12,16,6.37,144,1,33,32,63500
Honor,6,256,5850,50,16,6.98,90,1,240,40,70000
Tecno,16,256,7084,50,8,6.95,120,1,150,38,75000
Lava,6,256,5784,50,12,6.93,60,1,240,77,69000
Redmi,6,64,6871,64,20,6.18,90,1,150,26,51000
Vivo,16,128,5833,50,12,6.18,60,1,120,91,93000
Infinix,6,128,5512,16,12,6.52,120,1,25,34,55000
Samsung,4,128,4970,32,12,6.74,90,1,18,94,73500
Redmi,4,256,4183,50,12,6.57,120,1,120,95,77000
Realme,8,256,7479,64,16,6.2,120,1,100,61,72500
Apple,12,256,6042,50,16,6.97,60,1,45,49,93000
Google,8,512,6281,50,32,6.12,120,1,240,28,75000
Poco,6,256,5039,50,32,6.2,90,1,80,62,63500
Oppo,12,256,4120,64,12,6.98,120,1,25,31,69500
Tecno,12,128,7350,50,16,6.72,165,0,18,52,56000
Apple,8,512,4064,48,12,6.92,90,1,45,73,112000
Google,6,1024,4420,50,12,6.54,120,1,100,73,108500
Xiaomi,12,128,6621,50,8,6.38,120,1,33,79,86000
Google,8,512,4011,12,20,6.23,90,1,45,63,74000
Lava,8,256,4506,12,12,6.7,60,1,25,27,51500
Tecno,8,512,6531,50,12,6.89,90,1,45,61,78000
Google,4,128,5444,50,16,6.63,120,0,150,30,50500
Google,12,64,7225,108,12,6.68,60,1,10,31,65500
Apple,8,256,6105,50,12,6.78,120,1,240,79,116500
Google,6,256,4016,48,8,6.8,60,1,240,40,70500
Redmi,8,256,5301,48,32,6.87,90,0,120,76,76500
Apple,12,128,7273,108,12,6.35,90,1,18,59,97500
Tecno,6,128,5190,50,20,6.85,60,1,67,72,62000
Google,8,512,5758,48,8,6.12,120,1,45,75,89500
Infinix,16,128,4991,64,16,6.31,90,1,18,38,61000
Realme,8,256,4597,32,16,6.77,120,1,240,86,85000
Realme,24,128,7490,32,32,6.54,120,1,45,96,99500
Vivo,12,128,4913,108,12,6.98,120,1,18,83,83500
OnePlus,6,1024,4501,50,20,6.31,90,1,18,46,90500
Oppo,8,256,6308,48,8,6.29,120,0,240,52,75000
Vivo,12,128,5311,16,8,6.82,120,1,45,88,82500
iQOO,8,128,4511,64,32,6.61,90,1,150,52,71000
Xiaomi,6,128,5243,64,16,6.64,120,1,25,35,47000
OnePlus,4,128,7195,32,16,6.44,144,0,240,83,85500
Redmi,8,128,7386,64,20,6.76,60,1,45,28,59500
Honor,8,256,5699,50,16,6.26,120,1,18,88,79500
Nothing,8,512,4646,64,20,6.2,60,0,33,96,87500
Xiaomi,8,256,6643,50,50,6.29,120,1,100,49,72000
Xiaomi,6,512,7401,50,32,6.14,120,1,25,36,65500
OnePlus,8,512,7129,64,12,6.84,120,1,45,49,86000
Poco,6,512,7071,50,32,6.78,144,1,45,73,79500
Nothing,6,256,6295,200,12,6.62,120,1,25,93,80500
Apple,24,256,5417,50,32,6.9,90,1,240,34,104500
Xiaomi,12,256,6092,200,20,6.42,120,0,120,56,85500
Samsung,8,512,6597,50,16,6.11,144,0,120,68,96000
Lava,8,128,6514,48,8,6.26,120,1,25,26,48500
Infinix,6,128,7096,50,20,6.45,90,1,67,83,65500
Poco,16,512,4980,50,32,6.61,120,0,240,72,98000
Lava,4,1024,5832,32,12,6.11,120,1,67,80,97500
Infinix,8,512,6488,64,16,6.16,90,1,25,47,74500
Redmi,16,128,4874,32,50,6.54,120,1,45,54,74000
Xiaomi,4,256,5382,200,12,6.5,60,1,80,95,85500
Oppo,8,256,5614,50,32,6.43,120,1,45,90,85000
Xiaomi,8,64,7205,64,20,6.5,120,0,150,74,72500
Apple,8,256,6097,48,12,6.31,120,1,25,89,112500
iQOO,8,256,5100,200,8,6.21,120,0,33,90,94000
Poco,8,128,5927,64,16,6.55,120,1,240,84,82500
Lava,6,256,5789,108,32,6.41,120,1,150,77,78000
Honor,8,128,5382,50,32,6.97,120,0,18,36,53000
Tecno,8,256,5552,50,32,6.47,144,1,80,78,77000
Nothing,8,512,6328,12,20,6.39,120,1,100,69,86500
Infinix,12,256,4255,48,12,6.47,120,1,80,69,78500
Honor,6,128,6610,48,16,6.54,165,1,240,52,70500
Lava,4,256,4889,50,8,6.79,60,0,120,96,71500
Poco,24,128,4201,50,16,6.34,120,1,240,73,92000
Xiaomi,16,256,6327,48,12,6.9,60,1,67,53,79500
Google,4,512,4044,48,12,6.3,144,1,10,34,67500
Motorola,6,512,7404,50,8,6.83,165,0,33,94,94500
Motorola,8,128,6832,48,20,6.28,60,1,33,42,50000
iQOO,8,256,5944,50,20,6.12,144,1,33,57,73000
Redmi,6,512,5057,48,12,6.9,60,1,120,50,68000
Xiaomi,6,256,6918,64,8,6.55,90,1,45,71,75000
OnePlus,8,512,5575,64,8,6.31,90,0,33,100,95500
Lava,8,128,4074,48,32,6.36,120,1,80,96,79500
Motorola,8,256,6232,48,32,6.22,144,1,80,48,70500
Samsung,8,256,4740,50,12,6.3,120,1,33,78,76500
Xiaomi,6,512,4800,48,12,6.65,120,1,240,84,86000
Nothing,12,64,6755,50,20,6.9,60,1,33,68,75000
Tecno,8,512,4732,12,20,6.34,144,1,100,37,70500
Samsung,12,128,4062,50,16,6.64,144,1,240,51,85000
Honor,6,256,6895,108,20,6.92,120,1,100,89,85000
Motorola,16,256,6512,50,12,6.68,120,1,45,80,84500
Realme,4,128,7370,50,16,6.21,120,1,67,27,51000
Realme,12,64,5093,50,32,6.88,144,1,150,84,85000
Nothing,16,256,7383,50,16,6.72,120,1,45,84,97500
Motorola,4,256,5601,50,32,6.35,144,1,10,92,82000
Google,8,512,6479,50,32,6.41,120,1,240,82,97000
Motorola,6,128,7205,48,8,6.58,144,1,10,74,76000
Tecno,8,128,5760,48,20,6.28,120,1,45,100,87500
Realme,8,1024,4964,50,12,6.61,90,1,120,99,106000
OnePlus,8,512,6726,50,16,6.29,120,0,45,83,94500
Realme,8,512,4281,48,8,6.43,90,1,45,91,90500
Lava,8,256,7032,12,12,6.74,120,0,100,78,67000
Nothing,8,256,6959,48,32,6.57,60,1,18,30,60000
Xiaomi,12,512,5494,108,12,6.62,120,1,18,47,80000
Poco,12,128,5896,50,16,6.49,120,1,45,74,81500
Oppo,12,128,4968,48,16,6.81,144,1,45,82,78000
Lava,8,128,4514,50,16,6.81,60,1,33,31,44000
Redmi,8,128,5649,200,8,6.15,90,1,100,66,76500
Apple,6,512,5157,50,16,6.75,120,1,18,67,98000
Tecno,12,256,7127,64,32,6.9,120,1,120,57,86000
Vivo,12,128,6739,16,32,6.42,90,1,120,82,90000
Vivo,8,512,6902,50,20,6.18,90,1,100,29,64500
Apple,24,128,7124,50,16,6.17,60,1,120,62,108500
Xiaomi,12,256,5968,50,32,6.92,144,1,240,40,69000
iQOO,8,128,5150,50,16,6.57,120,1,67,73,74500
Nothing,16,256,5009,50,32,6.84,120,1,33,34,73000
iQOO,8,128,4303,48,12,6.92,165,1,240,68,82000
Oppo,8,1024,6133,50,8,6.53,60,1,25,40,87500
Lava,4,128,7013,48,50,6.87,120,1,45,72,74000
Honor,8,128,7283,50,32,6.96,144,1,67,85,77000
Nothing,24,256,5074,48,32,6.15,120,1,10,54,84000
Redmi,8,256,4331,64,16,6.29,144,1,45,73,75500
Google,4,256,5249,48,16,6.79,90,0,33,40,58000
iQOO,12,64,4751,200,16,6.77,144,1,10,33,73500
Nothing,24,512,6351,48,16,6.16,120,1,10,28,95500
Samsung,8,512,7158,48,32,6.18,144,1,10,88,103500
Google,16,512,5571,48,16,6.48,120,1,45,88,109500
Samsung,16,128,7119,50,20,6.7,120,0,33,75,93000
Nothing,8,1024,5972,12,12,6.82,120,1,18,98,109000
Nothing,4,256,6605,108,32,6.25,120,0,33,43,70000
iQOO,12,256,6531,48,32,6.71,90,0,45,60,81500
Google,6,512,4421,50,16,6.79,120,1,10,63,84500
Tecno,24,64,5164,50,12,6.26,90,1,150,44,75500
Nothing,8,256,7424,50,12,6.81,165,1,100,75,87500
Samsung,16,256,5479,50,16,6.52,120,1,120,93,107500
OnePlus,12,128,4955,108,8,6.33,165,1,240,56,89000
Samsung,6,128,5144,64,20,6.19,90,1,150,38,54500
iQOO,12,256,6212,50,16,6.21,60,1,67,84,81000
Nothing,6,256,5783,32,32,6.55,60,1,80,81,81500
Redmi,8,128,4476,50,32,6.37,120,0,100,59,65500
Apple,8,256,6308,32,8,6.57,165,1,80,60,95000
iQOO,12,128,7336,50,32,6.67,120,1,25,32,58500
Honor,8,256,5349,32,12,6.15,120,1,150,65,74000
Tecno,12,64,5326,48,20,6.71,120,1,100,80,78000
Honor,8,512,4015,50,8,6.73,60,0,67,53,70000
Realme,8,256,4821,48,32,6.5,120,1,67,80,79500
Nothing,4,512,7228,48,16,6.91,90,1,25,44,75500
Redmi,8,128,7096,108,16,6.17,120,1,80,98,84500
Xiaomi,16,128,6312,48,32,6.53,120,1,10,76,84500
OnePlus,8,1024,6074,48,16,6.9,60,1,80,72,103500
Tecno,4,128,4995,64,12,6.53,90,1,33,25,45000
Redmi,8,1024,7247,50,12,6.81,120,1,150,58,101000
Nothing,8,256,6077,50,8,6.34,120,1,240,97,101500
Xiaomi,8,128,6045,48,16,6.65,120,1,33,27,56500
Oppo,8,256,5421,108,12,6.74,120,1,100,92,96000
Nothing,8,256,7084,50,12,6.21,120,1,120,81,80000
iQOO,12,1024,6367,50,32,6.1,60,1,120,50,102500
Vivo,8,1024,6491,108,16,6.92,144,1,25,53,105000
Vivo,8,256,4824,48,32,6.93,144,0,100,84,75500
iQOO,8,256,5124,50,16,6.17,120,0,25,87,78500
Infinix,8,64,6153,50,32,6.54,120,1,80,60,66000
Realme,12,256,4098,50,16,6.62,144,1,100,42,64000
Realme,8,512,7315,48,16,6.72,144,1,150,31,78500
Lava,8,256,4533,50,8,6.72,120,1,10,52,68000
Tecno,24,64,6961,48,12,6.35,120,1,45,50,76500
Apple,12,256,5262,32,12,6.89,120,1,25,34,84000
Honor,8,512,7172,50,12,6.72,120,1,80,70,84500
Redmi,12,64,4124,48,32,6.37,120,1,25,73,69500
Lava,12,128,7137,64,50,6.5,120,0,67,47,69000
iQOO,8,512,6678,50,16,6.9,120,1,45,26,66500
Google,8,256,6424,50,12,6.54,120,0,120,75,84500
Nothing,12,128,4901,50,50,6.21,60,1,18,71,78000
Xiaomi,4,256,7484,50,32,6.22,165,1,67,47,77000
OnePlus,8,256,6875,50,16,6.56,60,1,10,47,68000
Samsung,12,512,7172,108,12,6.74,120,0,25,88,111000
Honor,8,512,4292,48,16,6.76,165,0,33,58,75500
Apple,24,256,4718,50,12,6.7,90,1,80,34,94500
Vivo,6,128,6653,48,8,6.81,120,0,25,48,60500
Apple,8,512,4088,200,8,6.67,120,1,100,67,115500
Lava,4,128,6783,50,32,6.82,60,1,18,69,61000
Vivo,24,256,7327,108,16,6.74,60,1,80,68,93000
Motorola,8,256,5219,200,16,6.1,90,1,18,67,70000
Infinix,12,256,7411,48,32,6.27,120,1,67,40,66500
Tecno,12,128,4320,64,16,6.6,60,1,120,71,71500
Infinix,12,256,5996,200,16,6.51,120,0,120,100,91000
Poco,6,128,4013,200,16,6.24,120,1,10,39,59000
Oppo,12,128,5303,50,50,6.87,120,0,18,45,63500
iQOO,12,512,6967,48,16,6.69,90,1,240,52,93500
Realme,12,64,7409,12,16,6.56,90,1,18,80,87000
Vivo,8,256,4962,64,16,6.9,144,1,120,73,82000
Motorola,16,1024,7131,48,32,6.86,90,1,67,81,112500
OnePlus,8,512,4490,48,20,6.44,120,1,45,74,83500
Tecno,24,256,5665,50,12,6.63,120,1,67,57,86500
Infinix,8,512,5280,48,32,6.57,90,1,150,61,91000
Realme,8,128,4360,50,12,6.85,120,1,67,69,69500
Motorola,8,256,6058,200,12,6.87,120,0,150,72,92500
Apple,16,256,5692,50,20,6.41,165,1,240,38,106500
Google,16,128,5550,48,50,6.75,120,1,33,51,77500
Apple,12,128,6131,108,20,6.58,120,1,120,81,107500
Oppo,6,128,4283,12,12,6.7,90,1,25,92,87000
Lava,6,128,5898,50,16,6.11,144,1,240,65,65000
iQOO,6,128,5828,48,16,6.58,90,1,45,48,52500
Vivo,12,256,6442,64,16,6.26,90,1,100,69,81500
Samsung,6,256,7264,50,12,6.63,120,0,150,63,83000
Motorola,8,256,4814,108,20,6.39,165,1,67,38,65500
Realme,12,256,6470,32,50,6.57,90,1,25,97,89000
Vivo,12,64,7001,16,8,6.64,120,1,25,36,60500
Vivo,12,512,6138,48,8,6.26,90,1,100,57,83500
Lava,4,256,6807,32,20,6.21,120,1,100,85,77500
Samsung,8,256,4128,48,32,6.43,120,1,45,75,85500
Tecno,4,256,6669,48,50,6.65,120,1,18,36,50500
Samsung,12,512,4660,64,32,6.91,144,1,45,53,81000
Poco,8,64,4471,48,12,6.3,120,1,100,88,79000
Motorola,4,128,5014,50,8,6.97,165,1,67,42,57000
Realme,8,64,7116,32,12,6.32,165,1,80,54,61500
Redmi,12,128,7197,64,20,6.64,120,1,240,98,100500
Tecno,24,1024,6055,48,16,6.35,120,0,100,91,117000
Google,4,256,7312,48,16,6.52,120,1,240,81,101000
OnePlus,8,128,6557,32,32,6.16,120,1,240,54,76000
Motorola,8,256,4414,12,8,7.0,90,1,120,95,86500
Poco,12,1024,7049,48,12,6.28,144,0,240,48,95000
Lava,6,256,6154,50,16,6.69,120,1,18,28,61000
Nothing,8,256,6025,48,8,6.9,120,1,67,57,68000
Xiaomi,8,128,4235,108,16,6.39,90,0,25,58,70500
OnePlus,8,64,4076,48,32,6.15,120,1,25,76,73500
Samsung,16,256,5051,50,16,6.45,120,0,120,37,79000
Tecno,12,256,6177,48,32,6.27,120,1,80,44,62000
Oppo,8,256,7034,64,12,6.86,165,1,45,37,67000
Apple,6,256,7335,50,32,6.61,144,1,33,100,117500
Motorola,24,256,7276,48,20,6.38,90,1,45,49,87000
Tecno,6,256,6824,48,50,6.66,120,0,240,74,86000
Oppo,8,256,7321,50,32,6.63,120,0,33,79,83500
Poco,6,128,4532,48,8,6.7,120,1,150,53,60500
iQOO,8,64,7076,50,8,6.16,144,0,45,29,48000
Nothing,16,256,7312,12,16,6.56,144,0,100,78,91500
Realme,24,512,5735,48,16,6.43,120,1,100,48,95000
Oppo,24,256,6472,64,12,6.26,120,1,100,54,84500
Realme,12,1024,5889,12,16,6.68,90,1,120,57,100000
Apple,6,256,6174,64,32,6.51,90,1,67,78,96500
Samsung,4,256,7158,50,16,6.55,120,1,80,53,78500
Tecno,12,512,4087,108,8,6.32,90,1,25,99,99000
Honor,12,512,4644,64,16,6.9,60,1,120,25,69000
Tecno,12,64,4439,50,16,6.25,120,1,67,43,55500
Honor,8,256,7123,48,16,6.7,120,1,45,60,74000
Realme,16,128,6613,50,32,6.37,120,1,33,66,84500
Xiaomi,4,256,5228,50,16,6.62,90,0,100,45,49000
Motorola,16,512,4877,200,32,6.21,90,1,67,96,101500
Redmi,6,128,5830,48,20,6.94,120,1,100,28,54000
Xiaomi,6,256,6771,48,12,6.25,120,1,33,92,74500
iQOO,8,128,4247,50,16,6.91,120,1,67,48,63500
Poco,16,128,6199,50,16,6.47,60,1,120,43,64000
Google,12,256,6788,64,12,6.92,90,1,100,61,90500
Samsung,8,256,4032,50,12,6.85,90,0,45,50,61000
Xiaomi,12,128,5043,50,16,6.7,144,1,33,64,78500
Realme,6,256,6798,200,20,6.79,120,1,67,85,88500
Honor,4,512,5964,50,32,6.3,120,0,45,74,72000
Samsung,8,128,7408,108,20,6.34,60,1,120,76,85000
Redmi,12,256,5984,48,16,6.35,120,1,80,45,67000
Apple,8,512,6423,200,12,6.53,120,1,150,62,121500
Honor,6,128,4763,50,8,6.17,120,1,10,57,59500
Honor,8,128,4685,50,32,6.85,90,1,33,87,75000
OnePlus,8,512,7396,50,12,6.82,120,1,240,39,86500
Honor,8,512,4712,48,32,6.61,144,1,100,65,76000
Lava,12,256,6326,16,16,6.7,120,1,240,65,69000
Motorola,4,512,4483,50,32,6.1,120,1,80,81,80000
Poco,6,256,5583,50,8,6.4,144,1,18,47,58500
Apple,12,256,5583,50,12,6.69,120,1,67,35,91000
Realme,6,1024,5435,48,20,6.22,120,0,10,91,101500
Infinix,24,512,4796,50,16,6.49,90,1,240,63,99500
Nothing,16,128,4705,108,16,6.2,144,1,67,42,76500
Redmi,12,128,6744,200,12,6.39,120,1,33,87,85500
Xiaomi,12,256,4689,32,32,6.63,90,1,25,99,84500
Honor,6,256,4407,50,32,6.26,120,0,10,26,50000
Oppo,16,256,6232,16,12,6.5,60,1,240,89,95500
Nothing,6,64,5520,64,8,6.49,90,1,120,61,72000
Google,4,256,4617,64,20,6.35,120,1,67,39,63000
Nothing,6,512,6453,48,16,6.1,120,0,10,61,74500
Honor,16,64,5073,48,16,6.92,120,1,45,48,68000
Apple,4,128,4568,50,20,6.48,120,1,150,56,85000
OnePlus,4,512,5022,200,12,6.25,90,0,45,60,85500
Poco,6,128,4028,50,32,6.42,90,0,240,56,62000
OnePlus,6,512,5438,50,12,6.6,120,1,150,91,101000
Vivo,16,1024,4240,48,32,6.93,120,0,100,71,100000
Tecno,8,512,5287,50,8,6.85,90,1,120,80,95000
Google,16,128,7049,200,8,6.99,120,1,120,85,108500
Realme,6,128,6322,50,16,6.57,144,0,100,91,77500
Poco,24,128,5796,48,16,6.69,120,1,120,49,80000
Motorola,12,256,5805,50,16,6.72,120,1,80,96,94000
iQOO,8,64,6788,50,32,6.68,90,1,100,77,81500
Nothing,4,1024,6324,12,32,6.45,120,1,10,34,73000
iQOO,6,1024,5392,48,32,6.79,165,0,33,30,79500
Lava,6,256,4717,50,8,6.54,90,1,120,66,59000
Apple,16,256,4653,108,16,6.76,120,1,120,60,110000
Tecno,6,128,5328,64,32,6.86,120,0,120,80,77000
Vivo,8,64,6950,48,16,6.56,60,1,45,83,75500
Google,8,128,4217,50,16,6.94,120,0,120,80,79000
Motorola,4,512,5298,16,12,6.46,144,1,25,72,79000
Infinix,8,256,4105,200,12,6.11,90,1,33,66,76000
Xiaomi,16,512,6322,12,8,6.62,120,1,25,50,79500
iQOO,8,64,6425,32,32,6.2,120,1,67,76,67500
OnePlus,12,512,4051,48,16,6.28,120,1,67,91,102500
Infinix,16,512,4048,108,16,6.4,120,0,25,76,86000
Motorola,6,256,5360,48,20,6.86,120,1,150,84,90000
Xiaomi,12,256,4798,16,16,6.43,120,1,33,31,49000
Realme,12,512,6620,48,16,6.63,90,1,240,72,101000
Google,8,256,5739,12,16,6.22,90,0,33,75,76000
Apple,16,256,4261,50,32,6.5,60,0,45,98,112500
Motorola,6,256,6392,16,32,6.55,120,0,45,45,64000
Honor,16,256,5778,16,16,6.78,60,0,18,82,80500
Tecno,12,256,6991,64,8,6.75,120,1,100,26,66500
Apple,4,128,4543,200,50,6.83,165,1,240,95,122500
Poco,12,256,5888,50,32,6.56,60,0,67,33,54500
Oppo,6,256,5012,64,32,6.92,165,1,80,96,86500
Google,8,256,4504,50,32,6.38,120,1,45,81,91500
Poco,8,256,4944,16,20,6.49,120,0,150,91,76500
Apple,24,128,4009,48,16,6.98,120,1,33,31,99000
Realme,8,128,6739,50,16,6.37,60,1,10,44,59500
Apple,4,128,6978,50,50,6.68,120,0,10,90,98500
Tecno,8,512,4252,50,16,6.84,120,1,33,39,67500
Oppo,8,256,6201,50,32,6.97,90,1,18,59,66000
iQOO,16,128,4551,50,32,6.58,120,1,10,69,80000
Google,6,128,6339,50,32,6.6,165,0,120,47,74000
Realme,6,512,6834,50,32,6.4,144,1,80,75,86000
iQOO,8,128,7411,50,12,6.84,120,1,67,75,74500
Realme,8,512,4973,50,20,6.81,90,1,18,36,76000
Xiaomi,8,128,6745,48,16,6.48,144,1,120,43,65500
Poco,6,256,6056,64,16,6.7,120,1,150,97,83500
Honor,12,128,6754,50,16,6.14,60,1,25,27,47000
Oppo,8,128,5725,50,16,6.22,60,1,33,40,60000
Tecno,12,512,5089,48,12,6.71,144,1,100,50,79000
Infinix,4,256,4630,50,16,6.66,90,1,150,67,61500
Poco,6,1024,4219,50,32,6.8,90,1,10,72,93000
Poco,8,256,5517,50,20,6.47,144,1,67,73,76500
Xiaomi,6,512,7294,50,16,6.21,60,1,18,77,85500
OnePlus,16,512,4728,64,20,6.81,144,1,10,32,82000
Oppo,12,512,7192,108,20,6.85,165,1,240,68,109500
Oppo,8,256,6611,50,16,6.22,120,1,18,93,81500
Poco,12,128,6637,16,16,6.29,144,1,45,61,70500
Google,6,256,5865,200,50,6.53,120,1,33,89,97000
Nothing,24,512,4998,48,32,6.17,120,0,150,73,102000
Xiaomi,8,512,4997,50,16,6.84,144,1,120,40,72500
iQOO,16,512,6931,200,20,6.18,120,1,100,59,113000
Oppo,8,128,5635,50,8,6.87,120,1,33,80,81000
Google,8,512,5829,48,12,6.59,120,1,150,65,95000
Xiaomi,24,512,5368,48,20,6.99,144,0,10,84,101500
Tecno,6,128,4039,108,16,6.54,60,0,80,39,55500
Honor,8,256,6831,108,32,6.71,60,1,45,64,73000
iQOO,12,256,5767,12,16,6.78,90,1,25,46,71500
Lava,12,128,6506,50,8,6.14,120,1,18,28,44000
Nothing,4,128,5975,48,50,6.18,120,1,33,59,68000
Honor,16,512,7397,50,50,6.46,90,1,100,27,77000
Lava,12,128,6340,48,12,6.92,144,0,150,41,63500
Vivo,8,256,6781,50,12,6.12,120,1,120,99,93000
Poco,8,256,4241,50,50,6.71,120,1,240,99,99500
OnePlus,8,128,4816,16,16,6.84,120,1,25,48,73500
Google,8,128,6151,108,12,6.19,90,1,80,88,87000
OnePlus,6,64,4768,50,16,6.44,120,1,10,37,52500
Oppo,4,128,7237,200,32,6.11,120,1,120,91,88000
Vivo,12,1024,7069,200,12,6.65,90,1,80,81,123000
Redmi,8,128,6486,108,12,6.56,120,1,25,35,59000
iQOO,16,256,4046,64,16,6.32,120,1,100,73,82500
Infinix,8,256,5209,48,8,6.8,120,1,18,80,78000
Nothing,8,256,5849,50,16,6.22,120,0,18,72,65500
Google,16,512,6499,50,16,6.21,90,1,150,88,107500
Apple,6,256,4604,50,16,6.83,120,1,120,97,110500
Motorola,8,512,4160,50,32,6.16,165,1,18,48,67500
Google,8,128,5213,108,8,6.33,165,1,18,68,82000
Lava,12,256,6692,50,32,6.55,120,1,25,81,94000
Xiaomi,8,128,6523,50,8,6.63,120,1,240,33,60000
Vivo,6,128,4959,48,32,6.84,90,1,18,73,79500
Vivo,16,128,7178,48,16,6.71,165,1,150,63,94000
Poco,6,128,7278,64,16,6.78,90,1,100,84,72500
iQOO,8,128,4306,48,32,6.58,120,1,18,33,57000
Redmi,8,256,4026,50,16,6.16,90,1,240,85,78500
Lava,16,256,5588,48,32,6.71,120,1,150,36,71500
Redmi,12,256,5542,50,20,6.88,120,1,150,81,90000
Vivo,6,128,5296,50,16,6.9,120,1,150,76,80500
OnePlus,4,256,5327,50,12,6.82,90,0,25,78,77500
Google,24,256,5696,50,12,6.4,120,1,80,97,110000
Realme,8,256,6420,64,12,6.88,120,1,18,34,60000
Lava,16,512,6143,12,12,7.0,120,1,18,60,80500
Tecno,8,128,4067,12,32,6.67,120,1,80,72,68000
Nothing,8,512,5105,50,20,6.6,144,1,18,75,83500
Redmi,4,128,6057,48,20,6.35,120,1,33,35,51500
Motorola,12,512,6881,50,32,6.24,60,1,18,96,88500
Tecno,6,1024,4574,48,32,6.67,90,1,120,31,82000
Google,12,128,4547,200,50,6.49,60,1,10,34,59500
Motorola,8,64,5663,50,16,6.57,60,1,33,91,72500
Xiaomi,8,128,4764,50,16,6.7,90,1,45,84,80000
Oppo,16,128,4004,48,12,6.18,60,1,150,62,79000
OnePlus,6,256,7261,48,8,6.16,165,1,240,55,83500
Infinix,6,256,4730,48,32,6.39,90,1,18,39,59000
Google,8,128,6694,108,50,6.34,120,1,18,95,99500
Realme,16,128,4997,200,16,6.86,120,1,150,29,73500
Oppo,12,256,6750,50,20,6.33,90,1,120,50,77500
Realme,12,128,4084,50,12,6.31,120,1,80,27,57500
Realme,8,128,6387,50,16,6.12,90,0,18,87,72000
Samsung,6,512,4843,48,8,6.35,120,0,45,87,100000
Nothing,12,1024,7204,50,16,6.82,144,1,18,36,98500
Xiaomi,8,128,6020,50,12,6.45,165,0,25,26,47000
Motorola,12,512,5886,50,12,6.85,120,0,18,46,70000
Motorola,24,512,5357,50,16,6.47,90,1,100,85,108500
Nothing,8,512,6915,200,16,6.13,90,1,240,39,90000
Xiaomi,6,256,5489,108,12,6.66,90,1,80,48,77500
Google,8,256,4689,108,32,6.18,120,1,18,90,91500
Vivo,12,128,7313,50,16,6.13,90,1,67,39,65000
Infinix,6,128,6883,200,16,6.6,144,1,67,38,55500
Xiaomi,8,256,4675,48,16,6.24,120,1,240,42,60000
Poco,6,64,4765,50,12,6.82,120,1,10,60,60000
Redmi,12,256,6182,48,12,6.81,120,0,80,90,85000
Apple,8,128,7106,48,8,6.93,90,0,120,52,85000
Infinix,8,64,6085,200,50,6.58,120,0,18,73,78000
Oppo,8,128,4599,64,16,6.18,90,1,100,81,74500
Redmi,6,256,5449,64,16,6.54,120,1,150,74,71000
Infinix,8,256,4360,50,16,6.18,144,1,18,85,73500
Motorola,6,256,5898,64,8,6.68,120,1,25,33,63000
Redmi,8,64,4527,32,8,6.22,90,1,67,37,48000
iQOO,8,1024,6351,50,16,6.88,120,1,120,84,119500
Motorola,16,256,7042,32,16,6.35,120,1,150,36,82500
Lava,8,256,6032,48,12,6.93,120,1,80,25,56500
Realme,24,512,4067,48,16,6.71,90,1,240,33,81000
Apple,6,256,4991,50,12,6.42,90,1,100,71,93000
Redmi,6,256,5596,200,32,6.31,144,1,33,82,88000
Honor,6,128,5603,50,16,6.81,60,1,80,97,80500
Lava,8,128,7294,32,50,6.53,120,1,10,90,77500
Lava,16,512,6124,16,16,6.56,120,1,80,63,88000
Motorola,8,512,6003,50,12,6.55,120,1,240,95,99500
Nothing,8,1024,5756,48,12,6.97,120,1,67,39,86000
Vivo,8,128,4578,50,16,6.82,90,0,10,67,58500
Xiaomi,4,128,4833,50,20,6.78,120,1,67,42,50000
Oppo,6,128,4576,64,16,6.27,120,1,240,32,57000
Google,4,64,6332,48,50,6.69,120,1,33,54,73500
Vivo,8,128,4697,48,12,6.18,90,0,45,50,50500
Google,8,256,4377,108,32,6.49,144,1,100,74,85000
Oppo,8,256,5179,12,12,6.98,60,1,25,100,87500
OnePlus,8,256,6737,108,16,6.36,120,1,150,39,70000
Google,8,512,4069,16,20,6.57,120,0,100,76,91500
Apple,8,256,7222,64,32,6.35,90,1,80,37,84000
OnePlus,16,512,6949,50,20,6.22,144,1,67,57,95000
Samsung,24,256,7304,50,8,6.3,90,1,25,68,101500
Xiaomi,16,512,6534,48,12,6.31,144,0,33,83,92500
Nothing,8,256,5804,108,16,6.24,120,1,45,46,69500
Motorola,6,64,5352,50,12,6.51,120,0,80,68,55500
Oppo,8,128,7089,50,16,6.35,120,0,10,97,77500
iQOO,8,256,4778,48,12,6.25,120,1,18,39,53000
Xiaomi,6,256,5370,48,20,6.84,120,1,33,42,69000
Google,12,128,4767,50,16,6.22,60,1,25,30,63000
Google,4,256,7028,48,12,6.75,120,1,33,33,63500
Honor,12,64,5234,50,20,6.62,120,1,80,83,77000
Oppo,12,1024,6038,50,32,6.75,144,0,67,80,109500
OnePlus,6,128,4076,108,16,6.99,90,1,45,96,86000
Poco,4,256,6581,50,8,6.94,90,1,33,59,65000
Redmi,8,256,5929,48,16,6.8,90,1,80,28,60500
Poco,12,512,7440,50,8,6.32,144,1,100,50,77500
Google,8,512,4546,50,12,6.72,90,0,67,28,67500
Motorola,12,256,7413,16,20,6.88,120,1,240,69,81500
Xiaomi,12,128,7063,50,16,6.63,144,1,67,36,69000
Lava,12,256,4493,200,16,6.12,120,1,100,97,100500
Honor,8,256,6341,48,20,6.73,120,1,120,43,71500
Redmi,16,64,6590,50,8,6.57,60,1,33,94,89000
Realme,24,64,5687,12,16,6.3,144,0,240,79,88500
Samsung,8,256,6472,50,12,6.78,90,0,45,81,85000
Google,24,256,6540,48,32,6.9,90,0,240,44,90500
Vivo,8,512,5167,12,50,6.26,60,1,25,74,82000
Motorola,12,128,5797,50,12,6.17,120,1,100,74,76500
Apple,6,256,5619,48,16,6.81,90,1,33,65,94500
Google,16,128,5254,50,32,6.95,120,1,240,78,100500
Poco,6,256,7059,108,12,6.1,120,1,150,55,71000
Motorola,12,128,5886,108,16,6.22,120,1,45,84,80000
Motorola,8,128,4296,50,16,6.92,120,1,25,38,57500
OnePlus,8,256,6252,50,16,6.67,120,1,150,45,77000
Apple,8,512,5639,50,20,6.87,120,1,240,29,100000
Xiaomi,8,256,6793,64,20,6.73,120,1,10,36,70500
Samsung,8,256,4970,50,8,7.0,120,0,240,38,72500
Honor,6,1024,7196,50,16,6.58,120,1,10,77,92500
Infinix,12,128,7496,50,12,6.28,120,1,25,47,60500
Tecno,8,64,5978,48,16,6.17,144,1,80,31,56500
Realme,6,256,5056,50,16,6.91,120,1,10,77,74500
Vivo,12,256,5305,50,32,6.46,90,1,80,34,67500
Vivo,24,256,5057,50,8,6.33,120,1,10,86,102000
Motorola,6,256,5773,200,32,6.86,60,1,33,75,78000
Poco,6,128,7240,108,16,6.52,120,1,80,63,62500
Realme,8,256,6942,50,32,6.1,165,1,80,94,90500
Honor,8,128,5089,50,32,6.77,120,1,100,57,59500
Realme,8,512,5814,50,32,6.73,144,1,150,90,94500
Oppo,6,128,6014,48,32,6.79,60,1,10,98,78500
Google,8,1024,5346,48,8,6.61,90,1,120,77,105500
Oppo,4,512,5483,64,16,6.9,120,1,67,52,69500
Redmi,16,256,4086,16,12,6.2,144,1,67,77,82000
Infinix,8,256,6801,108,16,6.48,60,1,33,96,82500
Poco,8,128,4240,50,8,6.52,60,1,150,96,79500
Nothing,6,1024,6676,50,16,6.93,120,1,150,68,110500
Poco,6,128,5247,12,16,6.34,90,1,10,64,64500
Lava,24,128,5255,108,16,6.52,120,1,33,49,76500
Infinix,12,64,4910,50,50,6.4,120,1,18,56,70000
Infinix,12,256,6426,32,12,6.93,120,0,25,56,73000
Lava,8,256,4987,108,20,6.39,144,1,120,55,70000
Samsung,6,512,4603,48,32,6.23,144,1,120,74,99500
Honor,6,128,5305,50,32,6.2,120,1,67,63,65500
Lava,8,128,6187,48,16,6.77,90,1,80,26,49000
Honor,4,256,5068,50,32,6.88,120,1,240,53,73500
iQOO,8,512,6291,108,32,6.78,120,0,100,60,88000
Apple,4,256,6769,64,20,6.5,120,1,67,79,97000
Oppo,12,1024,5876,48,16,6.28,90,1,18,50,93500
Google,12,128,5432,50,32,6.7,90,1,240,98,97000
iQOO,6,256,6239,48,32,6.28,60,1,67,34,48500
Redmi,12,128,6183,200,12,6.55,165,0,45,86,93000
Motorola,12,256,5003,16,12,6.79,144,1,25,79,86500
Google,8,128,5852,200,16,6.56,120,1,80,45,75500
Realme,8,1024,5549,50,50,6.91,120,1,80,95,118500
iQOO,8,256,4377,48,16,6.65,60,1,80,62,66500
Google,8,128,4189,32,50,6.21,165,1,10,59,69500
Motorola,4,512,4659,64,16,6.57,90,1,67,91,87500
Motorola,8,256,5954,48,32,6.57,120,1,45,82,81500
Redmi,24,128,6136,12,16,6.21,120,1,45,27,71500
Motorola,6,512,4955,50,8,6.5,120,1,120,99,89500
Oppo,6,512,6668,48,20,6.75,165,0,100,55,79500
Tecno,6,512,4811,16,8,6.1,120,1,10,44,61000
Samsung,8,128,5479,48,16,6.56,165,0,45,35,64000
Nothing,8,512,5868,48,20,6.23,120,1,18,37,69000
Apple,6,64,7496,50,8,6.91,120,0,150,80,96500
Poco,24,512,5128,48,16,6.31,60,1,33,48,83500
Oppo,4,256,6986,50,12,6.32,144,1,10,72,78500
Poco,6,128,4421,108,12,6.12,90,1,240,97,83500
OnePlus,8,128,7209,64,20,6.74,120,1,100,81,83000
Oppo,16,128,6174,48,16,6.41,90,1,120,48,73000
Oppo,8,128,6124,108,12,6.3,120,1,25,36,58000
Samsung,12,512,6730,64,16,6.39,120,1,18,28,82000
Honor,6,128,5930,48,32,6.92,144,1,18,99,91500
Honor,12,256,6178,48,16,6.7,120,1,10,36,67000
Tecno,12,512,4847,48,16,6.21,120,1,45,58,81000
Vivo,8,256,6320,50,16,6.42,90,1,100,100,94000
Lava,6,128,6753,50,32,6.36,120,1,33,66,71500
Realme,8,1024,4012,48,16,6.45,165,1,150,69,96000
Google,12,128,6499,50,16,6.34,90,1,100,73,88500
Oppo,24,256,7234,48,32,6.74,120,1,67,43,89000
Realme,8,256,6693,50,20,6.56,120,1,10,81,86000
Oppo,6,256,6789,32,12,6.64,144,0,150,57,79000
iQOO,8,512,6815,50,16,6.91,90,1,67,54,65000
Xiaomi,12,64,6887,16,32,6.71,120,1,10,67,73500
Poco,12,128,6699,12,16,6.72,90,1,25,47,59000
OnePlus,6,128,6975,50,16,6.99,60,0,67,28,52000
Samsung,6,128,6855,108,16,6.93,120,1,33,29,71000
Xiaomi,6,128,7143,12,16,6.59,90,1,33,55,62500
Apple,6,128,5634,48,32,6.59,120,0,45,35,72000
Realme,8,128,7097,16,32,6.73,120,1,120,98,75000
Motorola,12,64,5697,48,12,6.45,165,1,80,27,72000
Realme,12,128,5802,48,32,6.29,120,1,80,27,53500
Honor,24,1024,5381,50,16,6.96,120,1,240,87,133000
Redmi,4,1024,7308,48,16,6.76,120,1,120,42,100500
Infinix,8,64,4078,50,16,6.87,120,1,240,74,71000
Poco,8,512,7483,50,16,6.44,90,1,10,63,72000
Honor,12,512,5835,32,16,6.72,120,1,10,97,92500
Google,8,128,4060,48,16,6.1,90,1,100,45,61500
Google,8,512,4443,50,16,6.48,120,0,18,93,101000
Oppo,6,256,6372,50,32,6.76,120,1,150,76,87000
Oppo,24,256,7339,108,16,6.67,120,1,120,65,95000
Redmi,6,64,5117,108,16,6.55,120,0,33,81,66000
Oppo,8,128,7318,200,16,6.32,90,1,240,65,85500
Vivo,24,128,7376,50,12,6.85,90,1,150,100,105000
iQOO,8,128,7063,64,16,6.61,60,1,100,25,53000
Infinix,8,64,7036,48,16,6.72,90,0,67,76,73000
Oppo,16,64,7263,50,50,6.81,90,1,120,97,103000
Vivo,8,128,6915,16,16,6.97,120,1,45,82,83500
iQOO,8,256,4872,50,16,6.64,90,1,67,36,54500
Lava,12,256,5786,50,32,6.37,144,1,80,84,93000
Apple,6,256,4763,48,12,6.35,60,1,18,86,91500
Redmi,6,512,5932,50,16,6.46,60,1,100,95,93500
Samsung,8,128,6636,12,20,6.6,90,1,120,33,68500
OnePlus,16,256,5804,16,8,6.26,144,1,18,42,79000
Honor,8,128,5627,50,32,6.22,120,1,45,84,79000
Poco,8,128,5902,64,20,6.36,165,1,18,64,76000
Infinix,8,512,4396,108,8,6.42,120,1,80,68,80000
Lava,8,128,5387,48,12,6.73,165,1,18,31,52500
Realme,6,1024,7157,200,32,6.29,90,1,25,46,98500
Realme,8,256,5079,48,8,6.5,165,1,240,41,72500
Lava,6,256,5436,50,16,6.9,120,1,240,42,63000
Poco,6,512,7382,50,32,6.1,120,1,10,35,65500
iQOO,12,256,4168,48,32,6.6,120,0,120,83,86500
OnePlus,16,256,7256,48,16,6.42,120,1,67,29,71000
Honor,12,128,4505,50,16,6.69,120,1,80,44,72500
Infinix,8,128,4967,50,8,6.28,165,1,80,27,52000
Realme,12,64,7496,200,8,6.45,120,0,240,63,86500
Oppo,6,512,7474,50,12,6.21,120,1,100,63,90000
iQOO,16,256,6882,32,16,6.57,120,1,45,73,86500
Redmi,6,512,6240,48,16,6.79,60,1,67,80,75000
Tecno,12,128,6813,48,20,6.54,120,0,45,32,58000
Lava,16,256,6682,200,16,6.89,144,1,80,59,83000
Nothing,8,256,5771,48,32,6.69,144,1,67,59,76500
Infinix,12,256,5981,64,32,6.26,144,1,33,98,92000
Vivo,6,256,5049,50,20,6.2,120,1,45,43,64500
Oppo,8,128,4837,32,20,6.84,90,1,80,62,66000
Apple,8,256,6001,48,8,6.53,165,1,18,27,78500
Apple,12,512,4172,32,16,6.38,165,1,10,38,95000
Tecno,4,512,7175,50,50,6.9,120,1,67,50,71500
Apple,8,128,7108,108,32,6.6,120,1,67,71,104000
Nothing,8,1024,4304,50,32,6.7,120,1,100,70,102000
Tecno,4,256,6014,48,20,6.36,120,1,80,66,72500
Realme,6,128,4907,48,16,6.7,90,1,45,43,47000
iQOO,8,256,4545,48,50,6.42,90,1,45,98,89000
OnePlus,12,256,4707,200,8,6.49,90,1,240,73,98000
Realme,12,512,7022,50,32,6.16,120,1,150,46,78000
Samsung,16,64,5993,50,12,6.97,120,1,45,39,77500
Google,12,256,6316,108,20,6.45,144,1,45,61,93000
Lava,12,256,4393,32,16,6.47,144,1,67,59,59500
Samsung,6,128,4094,108,16,6.89,120,1,120,44,69500
OnePlus,12,256,4684,200,32,6.58,60,1,120,28,69000
iQOO,8,256,6742,48,12,6.57,90,1,45,41,56000
Lava,8,512,7105,50,12,6.84,165,1,33,85,95500
Samsung,6,128,6300,16,16,6.37,60,1,10,88,81000
Poco,16,128,5066,200,16,6.33,120,1,25,64,84000
Apple,12,256,6831,48,32,6.78,120,0,67,25,80000
Lava,8,128,7096,48,16,6.44,90,0,67,38,52000
Tecno,8,128,7459,108,16,7.0,120,1,150,77,77500
Nothing,4,64,5233,16,16,6.68,120,1,120,39,59500
Infinix,6,256,6219,48,16,6.55,120,1,67,41,59000
Oppo,8,128,6631,48,16,6.52,120,0,10,90,78500
Redmi,8,64,5413,50,20,6.24,120,0,100,25,48000
iQOO,4,128,7477,48,32,6.66,120,1,100,26,62500
OnePlus,8,128,6353,50,8,6.47,120,1,33,40,67000
OnePlus,8,1024,6313,50,20,6.83,90,1,33,67,101500
Infinix,6,512,5471,32,16,6.28,120,1,67,65,72000
Xiaomi,6,128,5944,50,8,6.53,120,1,150,59,68500
Infinix,8,256,7038,48,32,6.91,120,1,33,33,62500
Honor,6,128,6385,200,50,6.48,120,1,67,96,90000
Oppo,8,128,7265,200,16,7.0,120,1,120,69,90500
Oppo,12,128,4379,50,12,6.81,60,1,18,27,58000
Samsung,12,64,5654,48,20,6.11,60,1,240,59,85000
Apple,8,256,5547,108,16,6.5,90,1,45,48,81000
Poco,4,256,6022,50,20,6.8,120,1,100,72,74000
Lava,6,512,5556,50,8,6.44,144,0,10,48,72000
Realme,24,256,5520,64,12,6.12,120,1,240,95,97000
Tecno,16,128,7471,48,16,6.4,90,0,25,69,62500
Tecno,16,1024,6397,50,16,6.12,120,1,33,99,121500
Vivo,8,256,5441,50,16,6.45,120,1,150,67,82000
Xiaomi,6,128,4263,32,16,6.83,120,1,25,68,68500
Tecno,8,256,5251,50,12,6.95,90,1,240,66,83000
Motorola,8,256,6098,48,8,6.8,60,1,33,75,73500
Samsung,24,128,5869,48,16,6.12,120,1,18,36,75500
Oppo,6,256,4810,50,50,6.94,144,1,18,85,83500
Lava,12,1024,6301,50,16,6.19,165,0,25,34,87000
Motorola,6,256,4541,48,20,6.93,90,1,33,97,81000
iQOO,16,256,4967,108,8,7.0,60,1,80,63,86500
Lava,4,256,7387,12,20,6.55,120,1,80,71,69500
Honor,12,512,4210,50,32,6.19,144,1,10,78,81000
Infinix,6,256,5467,48,16,6.68,120,1,240,48,67000
Honor,6,128,5575,64,32,6.6,165,1,80,97,86500
Apple,6,256,4715,16,20,6.2,90,1,100,87,97000
iQOO,6,256,4947,48,20,6.69,120,1,80,33,66500
Xiaomi,12,128,4517,50,16,6.77,144,1,33,72,75500
Vivo,24,128,4145,50,12,6.78,120,1,33,38,75000
Apple,4,512,4912,48,32,6.71,120,1,240,75,110500
OnePlus,8,128,5230,48,20,6.8,120,1,150,100,96500
Infinix,12,512,6649,50,32,6.85,120,1,80,76,85000
Xiaomi,12,256,5346,50,32,6.55,120,0,33,94,82500
Oppo,8,128,5046,108,8,6.15,60,0,10,84,72500
Vivo,8,256,5858,50,50,6.67,90,1,33,72,82500
Honor,6,128,7155,108,32,6.14,60,1,18,33,48000
Motorola,12,128,4635,50,50,6.75,165,1,25,100,91000
Oppo,24,512,4675,48,8,6.34,90,0,10,70,90000
Xiaomi,8,256,5760,108,20,6.15,60,1,67,35,59500
Honor,6,256,5858,50,12,6.17,120,0,100,38,61000
Honor,6,1024,7092,50,50,6.52,120,1,25,72,103500
iQOO,8,256,7267,48,32,6.4,120,1,45,100,88500
OnePlus,4,128,7499,64,8,6.7,144,1,18,30,59000
Apple,4,256,4847,108,12,6.31,120,1,67,34,85500
Realme,8,256,6515,50,12,6.5,120,1,100,71,74000
Xiaomi,4,256,5628,50,12,6.63,120,1,240,30,63500
Realme,8,512,7028,32,16,6.43,90,1,67,54,73000
Apple,12,128,4410,50,50,6.11,144,1,45,61,94500
Vivo,12,256,6137,50,12,6.56,165,1,10,37,71000
Vivo,12,256,4070,50,12,6.75,90,1,25,90,79000
iQOO,8,256,4136,48,8,6.93,90,1,45,92,84000
Apple,24,512,6324,12,8,6.84,120,1,150,70,129000
Poco,8,256,7332,32,8,6.17,90,1,67,51,60500
Honor,12,512,6132,108,8,6.73,120,1,45,71,95000
iQOO,8,256,5167,50,20,6.97,120,1,80,57,73500
Tecno,6,256,6410,64,32,6.96,90,1,120,82,75500
Samsung,12,512,6120,50,32,6.25,120,1,10,84,93500
Samsung,8,256,5457,200,12,6.44,60,1,33,83,98500
Realme,6,256,5081,50,8,6.45,60,1,25,73,56000
Xiaomi,4,1024,5968,50,16,6.22,120,1,18,59,88000
Tecno,6,128,4360,50,16,6.68,120,1,67,75,67000
Motorola,6,512,7118,200,16,6.13,120,1,100,26,75500
iQOO,8,256,6163,16,8,6.44,60,1,25,25,47500
Redmi,12,1024,5719,200,32,6.37,144,1,10,33,101500
OnePlus,8,128,6033,48,32,6.99,120,1,67,60,74500
Poco,8,256,6075,50,16,6.43,90,1,150,48,69000
Oppo,4,128,5741,64,12,6.81,60,0,10,43,50500
Apple,8,256,4360,50,16,6.58,60,0,45,57,88500
Vivo,6,128,6659,200,50,6.78,60,1,100,26,71500
iQOO,16,256,6235,64,16,6.17,120,0,150,73,81500
Realme,6,128,5333,50,20,6.86,120,1,100,38,55000
Motorola,8,64,5288,64,16,6.52,90,1,25,35,51000
Vivo,4,512,5030,50,20,6.42,144,1,45,52,79500
OnePlus,6,512,5193,48,16,6.95,120,1,45,60,78000
Samsung,24,128,6738,50,8,6.86,90,1,100,54,93000
OnePlus,12,512,4060,48,16,6.44,120,1,67,86,99500
Vivo,4,64,4482,12,16,6.23,120,1,100,70,59500
Motorola,6,256,6645,50,20,6.68,120,1,25,77,72000
Infinix,12,256,5097,48,16,6.27,120,0,150,31,67000
Oppo,8,512,6015,48,16,6.15,90,1,45,50,73500
Oppo,12,128,5143,50,20,6.36,120,1,100,46,67500
Lava,12,256,7101,50,8,6.64,90,1,120,54,73000
Motorola,24,256,6697,50,8,6.24,120,1,240,80,102000
Apple,12,128,5004,50,16,6.48,60,1,18,37,74000
Oppo,6,256,5642,48,8,6.51,165,1,45,94,90500
Nothing,12,512,6468,50,50,6.53,120,1,33,75,98000
Realme,6,128,4702,48,16,6.37,60,1,120,42,63500
Samsung,6,128,4720,200,16,6.2,60,1,10,66,76000
Redmi,8,128,6593,32,16,6.87,120,1,150,42,57000
Redmi,16,128,6108,64,32,6.29,120,1,120,93,96500
Poco,8,256,6661,200,32,6.35,90,1,33,59,77000
iQOO,12,128,5289,50,12,6.12,90,1,240,92,85500
Infinix,16,128,5607,50,16,6.98,60,1,45,55,57500
Redmi,16,256,4144,48,16,6.22,120,1,100,73,80500
Honor,24,128,4369,50,32,6.61,144,1,45,27,77000
Nothing,8,512,7150,50,12,6.73,120,0,120,69,86000
Motorola,12,256,6031,16,8,6.65,120,1,80,70,90000
iQOO,12,128,5791,200,12,6.47,120,1,10,71,81000
Lava,8,1024,6737,48,32,6.29,144,1,45,91,107000
Xiaomi,12,128,4164,200,12,6.52,120,0,18,80,82500
Vivo,6,128,6712,108,16,6.64,144,1,25,89,79000
Tecno,6,256,5288,64,32,6.21,120,0,67,66,73000
Redmi,12,512,4231,64,12,6.55,144,1,100,77,97000
Xiaomi,6,256,4314,48,20,6.89,90,1,10,89,71000
Redmi,12,128,4612,48,20,6.11,120,1,150,81,75000
OnePlus,12,128,6051,64,32,6.9,90,1,33,62,81000
Honor,24,128,5063,50,16,6.28,144,0,240,62,84500
Infinix,4,128,5287,48,16,6.58,120,1,150,83,68000
Redmi,8,128,6778,50,16,6.24,120,1,25,34,49000
Xiaomi,6,1024,4107,108,32,6.31,120,0,45,94,112000
Lava,6,256,4337,12,16,6.7,120,1,10,69,67000
OnePlus,24,256,5456,108,12,6.23,60,1,100,43,86500
Google,16,256,4172,50,20,6.2,120,0,120,37,75000
iQOO,12,256,4865,48,16,6.15,90,1,67,80,90500
Poco,4,512,6343,32,12,6.49,165,1,33,35,63500
Honor,6,256,5187,50,12,6.55,60,1,18,92,88500
Samsung,6,512,6226,50,16,6.91,120,1,67,35,80500
Samsung,8,256,4846,48,8,6.44,144,1,150,91,95500
Samsung,12,512,4086,50,16,6.6,90,1,18,38,83000
Infinix,8,128,5879,50,8,6.57,120,1,80,98,82500
Infinix,8,1024,6344,12,16,6.46,120,0,25,25,69500
Realme,6,128,5213,64,16,6.69,120,1,80,31,50500
Tecno,8,256,5264,64,16,6.98,90,1,120,38,57000
Poco,6,256,7315,50,12,6.75,120,1,100,78,81000
Apple,6,128,5202,50,12,6.6,120,1,240,46,86000
Lava,8,1024,4947,48,8,6.89,90,1,100,85,101000
Apple,12,256,4649,50,16,6.71,120,1,33,33,79500
Google,12,1024,5896,50,12,6.19,120,0,150,64,105000
Lava,12,256,6032,108,12,6.39,120,1,100,75,82000
Vivo,8,256,6473,108,8,6.99,90,1,240,84,88000
Nothing,4,1024,5353,108,16,6.91,120,1,240,77,113000
Poco,8,512,5854,50,32,6.92,90,1,45,96,91000
OnePlus,8,256,5959,50,32,6.36,144,1,150,35,71000
Samsung,8,512,6661,108,32,6.65,120,1,25,62,95500
Redmi,4,128,5298,200,16,6.64,120,1,25,71,71000
Motorola,6,128,4824,48,8,6.98,120,1,150,62,63000
Tecno,6,128,6066,64,16,6.2,90,1,120,96,75000
iQOO,4,128,6156,50,8,6.11,165,1,240,33,57000
Infinix,8,128,6501,48,32,6.15,60,0,33,70,63500
OnePlus,6,1024,5766,50,12,6.81,120,1,100,76,105000
Nothing,16,512,5279,200,12,6.89,120,1,240,48,97500
Nothing,8,128,6012,32,8,6.24,120,1,25,78,63500
Redmi,8,512,5503,12,16,6.52,144,1,150,60,80500
Lava,6,256,6971,200,16,6.45,120,1,67,85,83500
Poco,6,256,5131,48,12,6.21,120,1,240,63,68500
Xiaomi,8,256,4010,108,8,6.22,144,0,150,57,70000
OnePlus,6,64,7096,50,12,6.79,144,1,80,63,73000
OnePlus,16,256,6499,50,16,6.54,144,1,240,61,94500
Google,6,256,6708,50,8,6.6,120,1,80,28,62000
Motorola,12,1024,4804,200,16,6.12,120,1,33,29,81000
Nothing,8,128,5298,50,20,6.22,144,1,80,82,81000
Xiaomi,16,256,4875,64,32,6.16,120,1,33,52,71000
Lava,8,128,4517,50,16,6.81,120,1,100,81,82000
Redmi,16,512,7314,12,16,6.5,90,1,240,57,89500
Xiaomi,6,256,4837,50,32,6.51,120,1,240,80,85000
Vivo,8,256,4202,50,16,6.54,90,0,120,85,79000
OnePlus,8,256,5498,64,12,6.6,90,1,10,97,83500
Honor,4,128,5274,50,16,6.66,144,0,120,42,57500
Oppo,8,128,7379,50,32,6.8,90,0,240,51,74000
iQOO,6,128,6788,12,16,6.54,144,1,18,89,75500
Infinix,8,256,5350,48,32,6.67,90,1,150,100,86500
Infinix,16,256,4880,50,50,6.19,120,0,33,67,81500
Motorola,8,256,4530,64,16,6.69,120,0,33,88,81000
Xiaomi,6,1024,6218,200,8,6.81,120,1,150,35,89500
Apple,12,256,6131,64,32,6.42,120,0,100,58,101500
Realme,12,128,7332,64,32,6.92,60,1,67,97,93500
Tecno,24,512,5213,48,20,6.84,120,1,150,59,96000
Xiaomi,12,512,6980,50,32,6.65,120,1,33,85,96500
Xiaomi,8,512,5886,50,8,6.23,120,1,150,97,96000
Apple,4,128,5323,50,16,6.15,120,1,120,72,86500
iQOO,24,256,6456,50,32,6.28,120,1,18,64,91500
Apple,12,128,6136,48,16,6.36,120,1,67,91,115000
Realme,12,128,5459,200,32,6.32,120,1,45,45,74000
Nothing,12,512,4838,50,32,6.9,120,0,120,51,87500
Vivo,8,512,6665,200,32,6.89,60,0,18,74,94000
Motorola,4,256,4864,200,20,6.99,120,1,120,50,67500
Nothing,4,128,5150,50,20,6.6,90,1,67,81,73000
Poco,16,128,4451,48,12,6.83,90,1,150,96,90000
Google,12,128,7167,50,16,6.89,120,1,18,77,90000
Redmi,8,256,4544,48,16,6.72,120,1,120,49,57000
Poco,8,1024,5787,108,8,6.84,90,1,240,35,89500
Motorola,8,128,5969,48,20,6.65,60,1,25,46,56500
iQOO,6,128,6651,16,16,6.35,120,1,240,79,81500
Redmi,12,64,7228,108,8,6.97,90,0,33,37,51000
Samsung,16,256,6334,50,16,6.19,120,1,120,35,69000
Poco,4,256,6630,16,16,6.43,120,1,150,91,76500
Xiaomi,24,128,4441,50,16,6.69,120,1,25,73,84500
Redmi,6,128,4889,50,32,6.56,120,1,100,80,76500
Realme,8,512,6290,64,16,6.26,165,1,45,34,71000
Xiaomi,6,512,7468,48,16,6.21,165,1,120,71,94000
Tecno,8,128,5397,50,20,6.93,144,0,240,89,85500
Oppo,12,128,5181,50,12,6.54,165,1,10,79,84000
Xiaomi,24,128,4618,50,16,6.55,120,1,100,29,73000
Nothing,6,512,5088,48,32,6.67,144,0,33,27,51500
Nothing,6,256,6810,50,32,6.43,90,0,18,61,63500
Tecno,16,64,7329,50,32,6.12,144,1,120,50,75500
Tecno,12,128,5029,50,8,6.93,90,1,80,97,84500
Vivo,12,256,7154,50,12,6.3,120,1,33,41,80500
Motorola,8,128,4453,50,16,6.26,144,1,100,87,83500
Vivo,8,256,4042,64,12,6.91,90,1,67,48,72500
Redmi,8,512,6762,50,32,6.6,144,1,45,57,81000
Nothing,16,1024,5290,64,8,6.89,90,1,18,72,119500
Motorola,4,256,5499,50,16,6.97,120,1,67,41,60500
Tecno,12,128,6073,50,16,6.16,60,1,240,70,79500
Vivo,8,512,4510,50,32,6.84,90,1,150,33,72000
Oppo,6,128,6432,48,50,6.73,90,1,120,87,84000
Samsung,8,64,4635,50,16,6.23,120,1,100,37,60500
iQOO,16,512,6736,64,16,6.96,120,1,45,60,89500
Xiaomi,6,128,5073,108,8,6.57,60,1,80,49,66000
Oppo,6,128,5421,48,8,6.33,120,1,18,72,69500
Lava,8,128,4176,108,16,6.19,120,1,18,27,45000
OnePlus,12,512,5093,50,20,6.54,165,1,120,84,102000
Tecno,6,256,4830,50,16,6.13,144,1,120,89,80000
Google,12,256,4176,64,12,6.81,90,1,45,28,69000
Oppo,6,128,5837,64,12,6.78,120,1,45,29,51000
Infinix,4,128,4245,12,16,6.78,120,1,240,79,65500
Motorola,8,256,5411,200,16,6.74,120,1,80,25,63000
Nothing,12,128,5579,48,20,6.86,60,1,18,41,61500
Apple,6,128,4687,108,50,6.18,90,1,80,48,89000
Oppo,12,128,4925,48,16,6.69,120,1,67,91,85000
Poco,8,128,5310,50,20,6.28,120,1,18,88,70500
Poco,8,256,6975,50,8,6.62,90,0,25,73,75500
Motorola,8,256,4270,48,12,6.98,90,1,10,64,75000
Realme,4,256,6907,50,32,6.21,90,0,25,98,81000
Poco,6,256,5436,50,32,6.21,120,1,150,87,81500
Oppo,12,128,5693,48,12,6.78,120,1,18,43,67000
Lava,8,512,4965,50,12,6.57,144,1,67,96,88000
Tecno,24,128,6798,48,12,6.7,120,1,33,35,64500
Samsung,4,512,5430,50,12,6.92,120,1,45,79,89500
Samsung,16,256,5476,50,32,6.61,165,1,18,36,76000
Xiaomi,12,1024,6203,50,16,6.12,120,1,80,49,102500
Vivo,6,256,5732,50,12,6.73,165,0,67,77,79500
Motorola,16,512,6211,50,20,6.87,90,1,45,75,92500
Samsung,6,64,4797,32,20,6.65,144,0,100,70,69000
iQOO,6,128,4010,200,16,6.64,120,1,18,64,75000
Nothing,12,128,4859,50,16,6.44,90,1,25,90,84000
Honor,12,256,5595,50,32,6.91,120,1,67,93,91000
Vivo,16,256,4501,200,16,6.4,120,1,10,93,100500
Motorola,4,512,7376,48,12,6.54,144,1,18,98,88500
Apple,12,64,6862,50,32,6.71,90,1,80,96,106500
iQOO,12,64,4900,50,50,6.42,60,0,80,95,76000
Lava,12,64,5526,50,32,6.12,120,1,33,93,81000
Lava,4,128,4067,108,20,6.83,90,1,25,60,54500
Realme,6,512,4019,50,32,6.88,120,1,120,59,79000
Samsung,4,512,6423,50,16,6.89,60,1,33,42,70500
Realme,6,256,5805,16,8,6.74,90,1,45,92,82000
Poco,8,1024,5411,48,32,6.48,90,0,100,36,75000
Vivo,12,512,5577,50,16,6.86,90,0,45,84,98500
Lava,12,512,5604,48,16,6.7,60,1,67,25,69500
Oppo,8,512,5880,64,20,6.62,60,0,80,70,81500
Nothing,12,512,5678,48,16,6.81,90,0,240,83,92500
Tecno,8,256,7034,64,20,6.15,60,1,120,42,66000
Infinix,4,128,6995,50,12,6.11,90,1,240,87,72500
iQOO,4,128,5729,108,32,6.98,90,1,10,84,74500
Oppo,24,128,4124,50,16,6.73,120,1,33,40,73500
Honor,12,128,4769,48,12,6.93,120,0,10,25,49000
Infinix,12,128,5994,50,8,6.4,120,1,80,36,62500
Realme,6,1024,4777,64,32,6.5,90,1,25,92,100500
Honor,8,1024,4856,64,32,6.13,120,1,10,49,88500
Realme,8,256,6689,50,16,6.45,144,1,10,58,69000
Samsung,6,128,5171,50,16,6.74,90,1,80,95,92000
Samsung,16,256,5924,50,20,6.24,144,1,33,100,106500
Infinix,12,256,6033,12,32,6.22,90,1,67,69,76000
Infinix,8,64,7286,64,16,6.22,120,1,100,71,73000
iQOO,8,128,7361,50,8,6.76,120,1,150,53,73000
Oppo,12,256,4011,50,20,6.93,60,0,240,81,84000
Oppo,8,128,5065,108,16,6.21,60,1,67,69,71000
OnePlus,8,256,6748,50,16,6.27,90,1,25,31,62000
Vivo,8,512,6006,64,20,6.35,144,0,45,29,71500
Samsung,6,256,4366,64,16,6.96,90,0,150,81,81000
OnePlus,8,128,4468,108,12,6.2,90,1,150,63,74000
Tecno,4,256,5093,50,12,6.65,144,1,33,94,78000
Nothing,16,512,5838,48,16,6.93,144,1,80,52,95000
Vivo,8,256,7269,64,32,6.66,90,1,100,72,90000
OnePlus,8,128,5274,50,20,6.8,144,1,18,60,73500
Tecno,8,256,4738,50,20,6.4,90,1,45,44,56000
Xiaomi,8,512,5901,50,12,6.78,165,1,25,53,78000
Oppo,4,128,5082,32,12,6.56,165,1,150,33,54500
Poco,16,128,5383,108,32,6.7,90,0,240,69,88500
Poco,8,512,6296,50,32,6.72,144,1,25,80,94500
Vivo,6,256,5286,64,20,6.92,120,1,33,99,82000
iQOO,12,64,6799,32,16,6.79,60,1,120,100,85500
Google,6,1024,6502,50,32,6.53,120,1,33,74,111000
Xiaomi,12,128,4712,64,16,6.81,120,1,25,68,75500
Oppo,6,128,4264,64,8,6.2,120,1,67,56,54500
Poco,24,128,6230,48,16,6.56,120,1,10,38,71000
Oppo,12,256,4371,12,50,6.35,120,1,25,39,68500
Infinix,16,512,6057,50,12,6.23,90,0,18,78,83500
Poco,8,256,4567,50,12,6.46,144,1,100,100,84500
OnePlus,8,256,5090,50,32,6.97,120,1,45,57,79000
Xiaomi,6,512,5139,50,16,6.71,90,1,10,91,91000
Infinix,6,512,6876,64,20,6.4,120,1,33,52,74500
Infinix,6,128,7329,50,32,6.4,90,1,10,42,49500
Samsung,6,1024,6125,50,12,6.48,120,0,100,27,92500
Apple,4,256,7196,16,16,6.75,60,1,33,58,83500
Honor,12,256,4895,108,8,6.15,120,0,120,65,73000
Poco,8,128,7161,48,12,6.68,120,1,100,66,78000
Poco,8,512,6031,108,20,6.35,90,0,240,83,86500
Infinix,6,128,6362,64,8,6.93,120,1,10,36,54500
Google,6,256,6704,50,16,6.28,120,1,10,43,70000
Oppo,8,256,6664,108,16,6.28,60,1,150,56,82500
Nothing,6,512,6804,50,16,6.63,120,1,80,99,104000
Tecno,6,256,4229,64,8,6.84,120,1,240,97,83500
Vivo,6,128,6950,50,32,6.58,120,1,150,53,72000
Realme,8,512,6357,50,12,6.99,60,1,150,50,77000
Motorola,12,1024,4845,48,16,6.72,120,1,33,45,93500
Redmi,8,64,6546,50,32,6.31,90,1,80,80,67000
Nothing,6,128,4144,64,8,6.67,60,1,100,71,68000
Redmi,8,256,5151,200,12,6.44,60,1,18,87,79000
Apple,16,64,6241,50,8,6.2,60,1,33,91,101500
OnePlus,8,512,5615,200,16,6.34,120,1,120,85,105500
Motorola,8,64,4309,50,16,6.35,144,1,100,46,64500
Poco,12,256,5683,50,32,6.96,120,0,33,54,76500
Vivo,4,256,5439,64,32,6.17,90,1,45,64,64000
Google,8,128,6439,50,20,6.81,120,1,10,43,66500
Honor,6,256,5115,200,16,6.77,120,1,240,43,75000
Honor,8,128,7100,50,20,6.85,120,1,18,61,66000
Honor,4,128,4438,108,20,6.71,120,1,33,49,60000
Lava,8,64,7109,48,8,6.8,120,1,100,26,52500
Nothing,8,512,4557,50,16,6.74,120,1,100,48,79500
Apple,8,256,4024,48,50,6.46,144,1,120,100,111000
Infinix,8,128,5089,50,12,6.6,60,1,120,33,54500
Tecno,8,128,5894,50,8,6.78,60,1,33,62,60000
Honor,8,256,6610,50,12,6.69,120,1,45,86,87500
Vivo,16,256,4757,108,20,6.86,120,0,100,76,96500
Google,8,128,7195,64,20,6.57,90,0,45,44,68500
Realme,12,128,7448,48,8,6.8,120,1,120,56,73500
Infinix,6,512,7113,50,12,6.68,120,1,25,96,89500
Redmi,24,64,7254,12,16,6.12,120,1,100,60,75000
Honor,6,512,5320,48,20,6.23,120,1,33,77,81000
Samsung,16,256,6380,48,32,6.7,120,1,100,73,96500
Poco,12,128,4035,50,16,6.63,120,1,67,92,80000
Vivo,8,512,7202,64,20,6.26,144,1,80,73,94500
Xiaomi,8,256,6345,200,16,6.49,90,1,80,37,70500
Nothing,6,512,5494,48,12,6.43,120,1,18,100,95500
Samsung,16,1024,4903,64,32,6.99,120,1,100,43,107500
Redmi,8,256,5556,108,16,6.67,120,1,100,67,79500
Apple,12,256,5281,64,12,6.66,144,1,100,38,100500
Motorola,6,512,4999,108,16,6.7,120,1,150,27,62500
Poco,8,128,7046,108,12,6.99,120,1,120,58,76000
Xiaomi,16,128,4654,48,16,6.42,120,1,80,74,81000
Honor,4,128,7079,48,16,6.9,60,1,45,60,63500
Samsung,16,512,6197,108,16,6.67,144,1,67,54,97000
Realme,8,128,7390,50,12,6.47,120,1,25,59,65500
Xiaomi,16,256,6968,50,12,6.96,120,1,10,62,89000
Vivo,12,256,6197,50,16,6.4,144,1,240,43,77000
Oppo,12,128,4312,50,16,7.0,60,1,80,90,84500
Tecno,6,512,4149,50,16,6.57,60,1,18,86,78500
OnePlus,8,512,5421,48,12,6.92,120,1,120,27,71500
Honor,12,128,5362,50,16,6.99,90,1,33,72,70000
Oppo,12,256,5414,48,8,6.62,120,1,10,69,82000
OnePlus,6,512,6011,50,12,6.24,120,1,10,82,87000
Poco,8,256,6851,50,20,6.86,90,1,150,89,93000
Honor,12,128,6302,48,16,6.46,120,1,18,93,89500
iQOO,8,256,7271,48,16,6.18,120,1,150,61,70500
Realme,12,256,6360,48,16,6.95,165,1,240,32,73500
Infinix,12,512,5630,200,16,6.3,120,1,10,85,97500
Apple,12,256,5057,200,16,6.68,60,1,100,100,115500
iQOO,12,512,6961,64,16,6.77,165,1,100,37,83000
OnePlus,8,128,4175,108,16,6.78,120,1,10,78,85500
Google,6,256,5004,200,16,6.61,120,1,150,38,77500
Tecno,12,128,7263,200,20,6.43,60,1,18,44,66000
Tecno,4,128,6756,32,16,7.0,165,1,10,25,52000
Oppo,6,256,4438,108,16,6.49,60,1,33,53,64000
Motorola,8,64,5101,50,16,6.31,120,1,33,62,58000
Infinix,12,128,5598,50,12,6.8,90,1,100,63,71000
Infinix,12,128,4940,200,16,6.61,144,0,33,56,67000
Poco,16,128,6984,50,32,6.99,120,1,10,93,86500
Motorola,8,256,5908,48,16,6.41,120,1,25,75,74000
OnePlus,8,512,6881,50,32,6.35,120,1,240,25,74000
Realme,12,256,6914,50,32,6.32,120,1,240,51,73000
OnePlus,6,256,6899,50,12,6.3,144,1,80,77,88000
Nothing,8,1024,6944,108,20,6.69,120,1,100,94,122500
Nothing,8,128,4465,50,20,6.15,60,1,240,46,65000
Tecno,16,64,5065,64,12,6.36,120,1,150,79,82500
Motorola,12,64,6504,50,16,6.55,144,1,67,69,74000
Xiaomi,4,256,5736,108,16,6.22,90,1,33,93,84500
Tecno,8,128,5315,50,8,6.52,120,1,45,59,66000
Lava,16,128,4012,50,16,6.63,120,1,67,63,69500
Motorola,4,128,7189,50,32,6.51,120,1,150,74,74500
Redmi,16,128,4187,50,16,6.34,144,1,45,82,80500
OnePlus,12,512,4769,64,8,6.18,144,1,67,100,103000
Honor,16,64,4513,12,16,6.69,60,1,120,32,51500
Honor,8,1024,5662,64,50,6.68,144,1,45,78,109000
Realme,8,128,7182,48,16,6.51,90,1,67,79,81000
Xiaomi,16,512,6420,48,16,6.47,120,1,120,42,92500
Motorola,4,512,6863,48,16,6.25,90,1,150,51,71500
Oppo,8,256,6608,32,16,6.19,90,1,67,84,72500
Samsung,6,128,5929,50,12,6.93,60,1,67,99,84000
Apple,6,256,7451,50,16,6.18,120,1,25,52,87000
Tecno,12,512,4368,50,8,6.55,60,1,33,34,55000
OnePlus,4,512,6581,50,16,6.7,120,1,240,63,97000
Apple,8,256,4891,50,16,6.39,165,1,80,73,104000
Redmi,8,512,4181,48,32,6.15,120,1,240,74,84500
Tecno,16,256,4031,200,50,6.46,120,1,18,86,93500
Apple,4,64,5903,50,12,6.59,120,0,120,70,85000
Xiaomi,8,256,6487,64,12,6.74,144,1,120,32,66500
OnePlus,4,256,4127,50,32,6.94,120,1,120,76,79000
Motorola,8,128,4214,32,16,6.61,120,1,150,95,86000
Tecno,6,128,4876,64,8,6.11,144,1,120,74,66000
Apple,8,128,6615,50,50,6.62,120,1,45,38,80000
Honor,8,128,7087,48,16,6.77,120,1,100,31,62500
Google,12,512,4817,50,12,6.89,90,1,240,48,90500
Tecno,12,256,4499,50,20,6.34,120,1,33,56,72000
Realme,6,128,6691,64,16,6.4,60,0,45,77,73500
Poco,16,128,6607,50,12,6.32,120,1,10,98,97000
Infinix,12,256,6932,50,16,6.72,120,1,150,47,72500
Google,6,128,6272,50,8,6.97,90,1,120,80,82500
Apple,4,256,7021,48,12,6.76,120,1,18,27,75500
Tecno,12,64,6722,50,12,6.33,120,1,100,44,64000
Honor,12,512,7251,50,32,6.17,120,1,100,73,87000
OnePlus,8,256,7034,108,16,6.19,90,0,100,92,92000
Apple,12,256,6698,50,12,6.46,144,1,80,76,109500
Realme,12,128,5375,48,32,6.4,144,1,10,25,59500
Motorola,6,256,5241,200,16,6.78,60,1,18,32,63000
Samsung,8,256,4910,50,16,6.98,120,1,80,99,101000
Realme,6,256,5968,50,32,6.76,60,1,120,28,48000
Vivo,8,512,4805,48,16,6.87,144,1,100,56,79000
Samsung,24,128,6130,50,8,6.12,90,1,10,58,93500
Nothing,6,128,6314,50,8,7.0,60,1,18,98,77500
iQOO,12,256,6750,50,32,6.99,120,1,45,39,70500
Tecno,8,512,4010,48,16,6.19,144,0,150,72,77000
Xiaomi,8,64,4502,50,32,6.14,144,1,10,33,50000
Tecno,12,128,5672,48,32,7.0,120,1,25,91,91000
Nothing,4,1024,7325,50,8,6.44,90,0,150,87,106500
Poco,8,128,7110,50,16,6.73,144,1,80,29,54000
Redmi,16,256,5536,48,12,6.4,120,1,67,33,70500
Realme,12,128,5805,50,12,6.51,120,1,10,60,77000
Realme,8,128,4771,50,16,6.75,165,1,33,71,67500
Samsung,8,128,7004,50,32,6.49,120,0,25,33,67000
Tecno,6,256,5347,16,16,6.41,120,0,18,88,63500
Honor,12,256,4402,50,16,6.69,60,1,10,67,76000
Motorola,16,256,6063,50,16,6.75,120,0,10,39,71500
Apple,12,64,6827,108,16,6.51,60,1,33,35,76000
Apple,8,128,7301,50,16,6.31,90,1,100,51,86500
Vivo,6,128,6221,48,50,6.14,120,0,10,74,67000
Nothing,6,64,6483,108,16,6.54,120,1,100,89,83500
Nothing,8,256,7071,48,32,6.8,120,1,80,81,91500
Poco,8,128,4581,48,16,6.95,120,1,18,91,76000
Tecno,12,256,6969,108,16,6.31,60,1,120,73,79000
Tecno,6,128,5828,108,12,6.13,60,1,150,80,59000
Redmi,12,512,6076,64,12,6.97,90,1,120,78,88000
Apple,6,128,6442,64,32,6.3,60,1,120,38,82000
Google,8,256,6040,50,32,6.29,120,0,67,65,69500
Google,12,512,7446,48,16,6.94,90,1,100,71,97000
OnePlus,8,512,6309,48,16,6.81,120,1,100,73,94500
iQOO,8,64,5467,50,8,6.44,60,1,18,59,56000
Realme,8,256,7197,48,50,6.48,60,1,33,86,81500
Xiaomi,6,256,6925,108,12,6.92,60,1,80,92,78000
Lava,16,128,4842,64,12,6.65,120,1,45,38,62500
OnePlus,8,128,6988,48,20,6.2,120,0,240,75,82000
Oppo,6,64,6262,48,32,6.9,120,1,10,100,86000
OnePlus,24,256,4491,50,16,6.48,120,1,18,66,97500
Vivo,16,512,4528,50,8,6.94,120,1,150,51,80000
Redmi,6,512,7129,48,16,6.56,60,1,18,84,83500
Redmi,16,512,4887,48,12,6.43,90,0,240,55,81000
Redmi,12,256,6824,48,12,6.93,120,1,240,27,67500
Redmi,8,128,5416,50,8,6.72,120,1,18,66,62000
Motorola,6,256,5910,50,20,6.29,60,1,67,67,72000
Lava,8,256,7029,12,20,6.85,144,0,67,44,61000
Nothing,12,128,5622,50,20,6.91,120,0,25,33,60500
OnePlus,6,512,5769,64,8,6.82,120,1,25,45,73000
OnePlus,4,512,5262,200,16,6.73,120,1,33,71,89500
OnePlus,4,256,4507,64,32,6.71,120,1,80,29,65500
Motorola,6,256,7062,64,20,6.82,120,1,100,68,78500
OnePlus,16,256,5110,64,16,6.13,165,1,45,85,93500
OnePlus,8,256,4395,108,16,6.24,60,1,150,92,88000
OnePlus,6,256,6193,48,20,6.24,120,1,33,64,70500
Poco,8,128,5414,48,32,6.84,90,1,10,38,54000
Samsung,16,256,4432,48,16,6.6,120,1,67,65,87000
Realme,4,512,6511,48,12,6.32,165,1,18,74,80000
OnePlus,8,512,7099,50,20,6.57,90,1,100,45,84000
Redmi,12,512,5056,48,16,6.14,120,1,33,94,99000
Lava,8,256,5229,200,16,6.58,120,1,25,62,77000
Oppo,4,128,6431,200,32,6.33,90,1,18,90,83500
Redmi,8,128,4455,50,16,6.17,120,1,150,90,80500
iQOO,6,512,5665,50,8,6.82,60,1,10,94,75500
Nothing,8,128,6876,48,32,6.73,120,1,18,83,79500
Xiaomi,6,128,6203,48,16,6.91,60,1,10,60,63500
Realme,12,128,6813,50,20,6.16,165,1,120,66,78500
Infinix,6,128,4376,50,32,6.64,90,1,10,59,52500
Infinix,8,256,6970,50,12,6.27,120,1,45,72,63000
OnePlus,6,128,5807,200,16,6.6,144,1,150,85,99000
Samsung,8,256,4966,12,16,6.28,120,1,80,55,67000
iQOO,8,256,4636,50,50,6.57,120,1,10,55,64000
OnePlus,6,512,4502,48,12,6.39,120,1,45,57,74500
Infinix,6,64,4550,50,12,6.66,120,1,45,59,58000
Apple,6,256,6844,50,32,6.28,120,1,150,44,87000
Realme,8,256,5749,200,16,6.36,120,0,120,56,81500
Nothing,8,256,5915,64,8,6.16,60,1,150,58,71000
Redmi,6,256,5727,16,8,6.98,120,0,80,52,62000
Infinix,16,256,4594,50,12,6.44,120,1,25,47,64000
Honor,12,128,6399,64,20,6.49,90,1,100,63,71000
Honor,16,256,6989,200,8,6.94,144,1,150,87,118500
Xiaomi,8,128,6344,50,20,6.47,165,1,67,49,66500
iQOO,6,256,4757,50,12,6.98,120,1,100,76,76000
Redmi,8,128,4628,200,16,6.52,144,1,18,92,92000
Google,6,256,5246,64,8,6.17,90,1,150,49,70000
iQOO,6,256,4378,50,16,6.59,90,0,120,43,60000
Apple,4,512,4658,50,12,6.97,60,1,18,58,92500
Apple,12,128,4165,50,16,6.73,120,1,25,69,95000
Google,12,128,6995,50,8,6.62,60,1,80,32,69000
Google,8,512,5776,50,12,6.56,144,1,100,90,96500
Infinix,12,512,5990,50,16,6.51,120,1,25,69,84500
Lava,6,256,4153,48,20,6.42,90,1,240,96,80500
Tecno,6,128,7102,12,16,6.82,60,1,45,100,68500
Lava,16,128,6817,50,16,6.71,120,1,240,45,76500
Infinix,4,256,5223,48,16,6.96,144,0,150,72,72500
Honor,16,256,5411,108,32,6.35,120,1,150,75,95500
Xiaomi,8,256,4595,108,50,6.6,144,1,240,92,102000
Realme,6,128,4879,16,50,6.77,165,0,25,85,69500
Redmi,8,128,7391,48,12,6.5,120,1,18,57,65000
Honor,6,128,6272,64,32,6.57,144,1,120,71,70500
Xiaomi,4,256,4048,48,12,6.97,120,1,25,67,72500
Realme,4,256,5434,108,16,6.52,120,1,45,30,51500
Oppo,8,1024,4936,200,16,6.9,60,1,18,31,93000
Poco,8,128,4671,50,32,6.19,144,1,100,54,67500
Honor,8,512,5294,50,16,6.75,120,1,67,70,82500
Samsung,6,128,4028,50,16,6.14,144,1,120,44,64500
Xiaomi,24,64,5473,48,16,6.32,90,1,25,53,75000
OnePlus,6,128,6065,50,50,6.47,120,0,45,93,82000
Tecno,8,256,6120,32,32,6.28,120,1,100,94,91500
Poco,8,512,4187,50,8,6.65,165,1,120,47,80500
Poco,8,128,4910,32,12,6.12,120,0,120,73,54500
Samsung,16,128,4003,108,16,6.82,60,1,10,64,81500
Oppo,12,128,6782,50,12,6.89,144,0,67,28,60500
Nothing,8,512,6065,50,12,6.61,144,1,120,57,84500
Lava,8,256,5615,200,16,6.55,60,1,33,33,62000
Oppo,6,256,4852,64,32,6.41,90,1,80,98,87500
Motorola,8,256,6379,50,16,6.15,120,1,67,89,82000
Xiaomi,8,128,5375,48,32,6.57,120,1,45,90,72000
Redmi,6,128,7444,50,16,6.11,120,1,80,88,75500
Samsung,4,256,4074,50,12,6.9,90,1,18,59,64500
Nothing,16,256,4500,50,20,6.63,120,1,240,97,111000
Redmi,8,256,5515,16,16,6.28,120,1,240,99,85500
Tecno,12,256,6927,50,12,6.84,120,1,18,76,88000
Samsung,8,512,5986,108,16,6.76,90,1,150,64,91000
Lava,24,128,4006,50,20,6.74,120,0,240,98,94000
Nothing,8,256,5350,48,32,6.38,144,1,100,27,62000
Motorola,8,64,4740,48,12,6.37,120,1,240,83,77500
Tecno,4,256,7009,64,12,6.24,120,1,25,57,56000
Infinix,6,256,4544,200,8,6.88,144,1,67,52,70000
OnePlus,6,256,5877,50,8,6.47,120,1,33,27,59500
Vivo,8,256,6178,50,16,6.69,90,1,80,34,64000
Tecno,12,256,5461,50,8,6.83,90,1,45,58,70500
Redmi,12,512,5428,48,16,6.63,165,1,80,48,75000
Realme,12,128,7141,50,8,6.69,120,0,25,38,58500
Lava,6,512,6357,48,20,6.73,165,1,67,49,66000
Motorola,8,256,5911,48,8,6.98,144,1,120,97,85000
Xiaomi,12,256,6036,50,16,6.21,90,1,18,87,80000
Vivo,6,128,4828,200,16,6.64,120,0,150,26,61500
Poco,8,256,4929,64,50,6.69,144,1,100,77,76500
Infinix,8,256,4574,50,32,6.8,120,1,10,29,50500
Apple,8,256,4421,48,12,6.34,90,1,25,33,73500
iQOO,12,256,4431,12,32,6.55,144,1,33,56,69000
Poco,6,512,7276,50,16,6.62,120,1,150,90,104000
iQOO,6,128,5793,50,16,6.43,90,0,150,69,70500
Lava,12,128,5728,32,32,6.39,144,1,150,76,75500
Oppo,6,512,5810,50,16,6.51,165,1,33,92,93000
Vivo,12,256,4879,50,16,6.54,120,1,100,52,73500
Honor,8,512,6993,50,12,6.97,90,1,150,86,86000
Motorola,6,128,4611,50,16,6.6,120,1,45,77,87000
Lava,6,256,6611,48,8,6.86,120,1,80,34,58500
iQOO,12,512,6334,108,12,6.88,120,0,80,58,83500
Poco,24,64,5794,32,16,6.15,90,1,240,67,89000
Nothing,4,128,4656,32,20,6.36,120,0,45,87,72000
OnePlus,12,512,4985,64,16,6.55,120,1,67,68,80500
Apple,6,256,5796,50,20,6.29,120,1,67,74,100000
OnePlus,8,64,6115,50,8,6.75,144,1,240,35,65000
Honor,4,1024,5622,50,16,6.2,60,1,33,73,85500
Vivo,8,512,6566,50,50,6.92,165,1,150,86,105500
iQOO,24,512,4631,50,16,6.38,144,1,120,65,102000
Redmi,6,512,4939,200,12,6.3,144,1,80,49,84500
Apple,8,256,5962,64,16,6.42,120,1,150,70,92500
Google,8,64,6138,50,16,6.4,120,1,67,100,88500
Infinix,6,128,6842,48,32,6.74,144,1,10,68,68500
Poco,6,256,7445,50,32,6.2,90,1,10,91,78500
Motorola,6,256,5794,50,12,6.46,60,0,67,41,62500
Xiaomi,12,128,4543,48,32,6.95,60,1,45,93,74000
Xiaomi,12,256,4687,64,8,6.19,60,1,25,98,84000
Vivo,12,256,5305,48,50,6.49,120,1,45,34,66000
Realme,16,256,7133,200,12,6.69,120,1,18,67,83000
Redmi,6,64,4993,50,20,6.47,60,1,18,60,58000
Honor,8,128,5700,50,8,6.58,120,0,18,37,56500
Xiaomi,12,512,4398,12,50,6.92,120,1,240,45,82500
Redmi,8,64,4873,32,12,6.91,144,1,67,38,52000
Apple,6,64,5697,50,8,6.18,120,1,67,84,99000
Google,8,256,4199,50,20,6.34,120,1,45,40,65500
OnePlus,16,256,5865,50,16,6.61,90,1,18,26,62000
iQOO,8,64,4533,108,20,6.85,120,1,100,93,81000
Poco,12,256,6391,32,8,6.36,120,0,45,94,83000
iQOO,8,64,5474,50,20,6.38,144,1,150,92,88000
Xiaomi,8,128,4050,50,20,6.14,90,1,120,61,73000
Lava,4,256,6346,50,12,6.69,144,0,120,75,76000
Poco,8,256,4571,50,16,6.31,90,1,25,73,71500
Xiaomi,12,128,4916,32,16,6.53,165,1,10,89,77000
Infinix,6,128,6833,48,20,6.23,165,1,18,58,69000
Honor,8,128,4685,108,12,6.43,120,1,100,60,65500
Redmi,8,256,4274,50,50,6.7,144,1,45,46,70000
Motorola,12,512,6970,108,12,6.71,90,1,150,99,104500
Apple,8,256,7106,50,16,6.8,60,1,240,67,102000
Lava,4,512,5791,32,16,6.47,120,1,45,62,69500
Realme,12,512,5167,50,8,6.67,120,1,18,57,79000
Motorola,12,256,5833,50,8,6.52,120,1,45,31,63500
Motorola,6,128,4142,64,50,6.92,120,1,120,32,50500
Lava,12,128,4646,50,12,6.97,120,1,150,87,96500
Lava,12,256,5861,50,16,6.79,120,1,150,54,73500
Infinix,8,256,4919,32,16,6.21,90,1,45,63,64500
Vivo,12,128,6524,50,16,6.63,120,1,45,94,85000
Google,12,256,4121,108,32,6.41,60,0,240,56,80000
Google,6,256,5671,50,16,6.37,60,1,67,74,81500
iQOO,12,512,6695,64,32,6.37,144,1,10,48,76500
Vivo,8,64,7466,12,20,6.82,90,1,80,88,79500
Apple,16,256,7277,32,8,6.84,120,1,18,56,94000
Oppo,12,512,6922,200,12,6.16,120,0,120,51,95500
Nothing,6,256,5973,50,16,6.7,120,1,18,68,70000
OnePlus,8,1024,7140,48,8,6.94,144,1,120,54,98500
Samsung,6,256,5857,50,32,6.52,120,1,45,40,61500
OnePlus,6,256,6953,50,16,6.69,120,0,10,37,68500
Realme,8,256,7272,16,12,6.32,90,1,33,31,54500
Poco,8,512,5259,50,8,6.24,60,1,67,44,60000
Oppo,12,128,6020,50,32,6.75,165,1,80,69,86500
Honor,16,512,5071,48,16,6.58,120,1,80,82,100000
Google,24,512,6822,108,12,6.44,90,1,150,71,113000
iQOO,8,128,7356,50,12,6.68,90,1,67,81,76000
Redmi,12,128,6356,64,32,6.74,120,1,45,66,75500
Tecno,8,512,7309,50,50,6.94,120,1,120,78,91500
Motorola,4,512,4481,50,32,6.63,165,1,18,93,83500
Motorola,12,256,7355,48,16,6.97,60,1,240,33,74500
Poco,12,128,6883,50,16,6.71,120,1,67,75,78500
Samsung,4,1024,4075,200,32,6.27,120,1,18,77,110000
Infinix,16,256,6520,32,20,6.6,90,0,33,53,70000
Oppo,16,256,5518,48,20,6.16,165,1,25,32,69500
Realme,8,128,4924,50,12,6.92,90,1,10,25,50000
Honor,12,512,7354,64,16,6.35,90,1,18,63,89000
Nothing,8,256,5340,16,8,6.22,120,0,10,56,60000
Xiaomi,12,128,5064,48,16,6.66,120,1,80,74,78500
Motorola,16,128,6259,50,12,6.88,120,0,25,86,96500
Xiaomi,6,256,4605,50,32,6.66,60,1,150,61,64500
Apple,8,512,5590,16,12,6.97,120,0,45,50,89500
Oppo,6,128,5853,48,16,6.23,90,1,80,91,87500
OnePlus,6,256,5110,48,16,6.93,120,1,240,80,91500
Lava,16,256,4773,108,8,6.34,120,1,67,71,79500
Infinix,16,128,4433,200,32,6.18,120,1,18,39,66500
Tecno,6,128,6115,48,12,6.73,90,0,80,26,43500
Samsung,6,256,4802,64,16,6.79,90,1,100,72,79000
Xiaomi,6,512,5339,50,8,6.82,90,1,33,76,86500
OnePlus,8,256,4277,50,12,6.44,120,1,45,26,57500
Xiaomi,6,256,6623,50,12,6.66,60,1,120,48,67000
Oppo,8,256,7360,50,16,6.25,90,1,33,86,88000
Redmi,12,256,4442,48,8,6.94,120,1,240,33,71000
Xiaomi,8,256,5015,50,20,6.68,120,1,10,30,60000
Vivo,8,128,4738,200,12,6.61,120,1,150,80,94000
Infinix,8,128,5000,108,8,6.61,120,0,10,89,68000
Motorola,8,256,5515,50,16,6.8,120,1,10,46,66000
Poco,6,128,5235,200,32,7.0,120,1,120,73,77000
iQOO,8,128,6778,200,16,6.2,90,1,80,63,81500
iQOO,8,256,5337,108,20,6.87,144,1,45,69,79000
Redmi,6,256,6997,64,20,6.48,90,1,18,75,68000
Tecno,6,256,7439,50,12,6.66,144,1,240,36,65500
Realme,12,256,6514,64,32,6.49,144,1,67,98,103500
Lava,16,128,4319,50,32,6.19,120,1,120,100,83500
Realme,8,512,6907,48,16,6.9,90,1,150,47,81000
Vivo,16,512,7215,50,50,6.57,60,1,80,35,81000
Apple,12,256,6531,50,8,6.6,120,1,25,30,84500
Oppo,16,256,5604,50,16,6.73,120,1,33,98,102000
OnePlus,8,512,4394,48,50,6.71,120,1,120,99,108000
OnePlus,12,512,5015,108,32,6.16,144,1,10,89,104500
Redmi,6,512,7481,12,16,6.76,120,1,25,69,84000
Realme,4,256,6875,50,32,6.76,90,1,80,30,61000
OnePlus,6,512,4616,32,32,6.74,120,0,240,42,74500
OnePlus,4,128,5397,200,16,6.82,120,1,100,73,82000
Apple,6,256,6050,48,16,6.27,165,0,100,56,89000
Vivo,8,256,5452,50,20,6.5,120,1,67,33,66500
Oppo,6,256,4236,50,12,6.12,120,1,150,25,61500
Redmi,8,512,6020,50,16,6.57,165,0,10,69,79000
Poco,8,512,4826,48,32,6.99,60,0,45,85,83000
Infinix,4,256,6457,50,16,6.76,120,1,240,44,69000
Tecno,6,512,6297,48,12,6.81,90,1,120,37,66000
Motorola,8,512,5929,48,16,6.94,120,1,10,48,74500
Nothing,8,512,5037,50,16,6.56,120,1,10,83,93500
Google,24,256,5255,50,16,6.93,120,1,120,53,102000
Poco,8,256,5245,64,32,6.9,144,1,240,28,62500
Google,6,256,4192,50,16,6.72,120,0,33,72,74000
Vivo,6,512,4601,108,8,6.18,120,0,100,76,78500
Lava,8,512,5740,32,32,6.25,144,1,10,65,69500
Realme,6,128,6310,48,16,6.4,120,0,33,83,71500
Xiaomi,8,128,5535,64,20,6.15,165,1,10,84,69000
Nothing,8,256,4133,200,16,6.15,120,1,33,39,67000
Motorola,8,256,5007,48,12,6.91,165,1,25,99,92500
Oppo,4,64,4812,50,16,6.67,120,1,120,85,71000
Honor,8,512,7312,64,12,6.27,144,0,45,99,101500
Lava,6,128,6795,16,12,6.38,120,1,33,51,61000
Google,12,256,5239,108,16,6.68,60,1,120,76,93500
Infinix,16,512,6652,50,50,6.61,120,1,25,45,80000
Infinix,6,512,4487,16,8,6.12,120,1,100,70,72000
Lava,8,256,7010,50,16,6.45,120,1,10,58,73000
Apple,6,256,6150,50,16,6.25,120,1,25,29,76500
OnePlus,8,512,4403,50,12,6.31,144,1,150,61,86000
Poco,8,128,4220,48,8,6.45,120,1,10,49,54000
iQOO,8,128,5622,48,16,6.96,120,1,150,47,70500
Apple,8,512,4863,48,32,6.86,144,1,67,52,102000
Tecno,16,128,7152,16,16,6.61,90,1,120,39,65500
Motorola,6,512,5566,64,12,6.46,144,1,150,90,90500
Motorola,8,512,4389,50,20,6.22,120,1,240,40,74500
Lava,6,128,5764,48,8,6.54,120,1,10,45,56500
Oppo,4,256,4884,50,16,6.17,120,1,150,52,65500
Nothing,16,128,4181,64,50,6.39,60,1,240,56,79000
Samsung,6,64,5232,48,32,6.99,90,1,100,76,75000
Infinix,6,256,5596,108,32,6.13,144,1,100,81,81500
Apple,12,256,6770,16,16,6.59,144,1,150,88,113000
OnePlus,6,128,6366,108,16,6.81,60,1,45,83,90500
Infinix,8,128,4625,16,16,6.9,90,1,120,76,75500
Apple,4,128,6763,12,16,6.68,60,1,45,94,100500
Redmi,8,128,5115,50,32,6.19,90,1,33,51,51500
Infinix,8,1024,4505,12,16,6.75,120,1,80,91,102500
Redmi,8,256,4550,12,32,6.89,120,1,33,31,43000
Google,8,128,5154,48,20,6.76,60,1,33,64,67000
Google,6,256,6639,48,16,6.88,165,1,25,28,60000
Vivo,4,256,6863,50,8,6.66,120,1,100,49,63500
Google,12,256,6800,48,8,6.11,120,1,150,28,69000
Tecno,4,256,5414,200,32,6.39,144,1,240,100,97500
iQOO,8,128,6685,200,12,6.98,60,1,240,41,63500
Honor,12,128,6408,50,50,6.67,120,1,10,81,81500
Lava,12,128,7169,48,16,6.84,120,1,33,76,84000
Poco,16,256,7110,50,12,6.85,60,1,150,50,77000
Realme,16,512,5349,108,16,6.65,144,0,120,96,98000
Nothing,8,256,6983,200,16,6.58,90,1,67,62,77000
Samsung,8,128,4137,48,8,6.21,120,1,10,86,80500
Infinix,12,256,5661,48,8,6.74,120,1,100,95,79500
Xiaomi,8,128,5300,48,16,6.56,90,0,100,91,74500
Lava,6,128,4557,50,16,6.7,120,1,240,92,79500
Google,12,512,7362,50,16,6.21,120,1,45,78,96500
Infinix,12,512,4334,48,8,6.2,120,1,45,52,79000
Infinix,12,128,5246,50,20,6.33,120,1,18,72,61000
Motorola,6,128,5007,16,8,6.9,120,1,45,48,54000
Apple,12,256,5167,50,16,6.8,90,1,150,81,109000
Poco,8,64,4499,50,16,6.46,90,0,100,82,68500
Poco,8,128,4689,50,16,6.25,165,1,80,50,58000
Tecno,8,128,5781,50,50,6.26,60,1,25,57,58000
Apple,16,256,5774,48,12,6.43,144,1,67,70,115500
Motorola,12,256,7103,50,16,6.24,120,1,120,69,75500
Tecno,6,256,7413,50,32,6.79,120,1,240,61,86500
Motorola,8,512,6201,108,16,6.18,144,1,33,80,93000
iQOO,8,256,6734,50,8,6.2,120,1,120,63,73000
Apple,16,128,5927,50,20,6.91,120,1,80,84,114000
OnePlus,6,128,7444,200,16,6.38,120,1,10,98,86000
Xiaomi,6,128,6865,16,32,6.53,165,0,18,99,83500
iQOO,12,256,6152,32,8,6.83,120,1,33,44,77000
Lava,12,64,4591,50,16,6.86,120,1,150,80,79000
Lava,12,256,5058,50,20,6.83,120,1,25,94,92000
Nothing,12,128,4770,50,8,6.97,90,1,240,40,70500
Nothing,12,128,6914,48,16,6.62,90,1,18,51,66000
Realme,16,256,4115,50,16,6.63,165,1,150,83,97500
Samsung,12,512,5785,50,16,6.11,144,1,80,59,97500
OnePlus,6,256,4681,48,12,6.66,120,0,100,96,81500
Redmi,8,128,7430,12,32,6.13,120,1,100,67,75000
Vivo,24,128,4735,50,50,6.25,90,1,67,98,100500
Oppo,6,128,7255,50,16,6.17,60,1,18,48,65000
Tecno,8,256,5861,50,16,6.96,120,0,33,63,64500
Google,6,128,4125,108,16,6.67,120,0,80,45,71000
OnePlus,8,128,7354,48,12,6.32,60,0,100,62,70500
Motorola,4,256,5288,50,8,6.77,90,1,45,80,69500
Lava,8,512,5735,16,12,6.76,90,1,45,58,75500
Vivo,16,256,4343,64,16,6.89,120,1,25,32,70000
Google,4,256,5850,50,20,6.73,120,1,80,66,86000
Infinix,6,128,5526,108,16,6.91,120,0,18,43,52000
Xiaomi,12,128,4431,48,16,6.46,90,1,10,86,86500
Lava,8,256,4436,108,16,6.73,90,1,33,34,57500
Oppo,8,512,7116,48,16,6.55,120,1,240,94,113500
OnePlus,12,256,6910,48,16,6.55,120,0,240,42,70500
Lava,8,256,7205,50,32,6.89,120,1,10,81,85000
Motorola,6,1024,7475,50,16,6.26,120,1,18,66,93500
Nothing,6,256,4801,48,32,6.59,120,1,100,93,89500
Google,6,256,7122,48,32,6.72,120,1,33,76,82000
Xiaomi,12,512,6401,64,50,6.68,90,0,67,72,87500
Redmi,12,128,5834,16,32,6.92,120,0,150,31,46000
Apple,8,512,6099,16,20,6.3,120,1,80,87,114000
Realme,8,64,6357,50,16,6.43,120,1,100,84,83000
Realme,4,256,6428,50,16,6.12,120,1,18,89,79000
Vivo,16,256,4884,32,16,6.34,90,1,67,66,85500
Honor,6,256,5418,48,50,6.59,90,1,80,97,84000
Samsung,4,128,5047,16,16,6.24,120,0,80,61,67000
Vivo,6,128,4139,200,12,6.7,144,0,100,33,64000
Samsung,4,256,4045,48,16,6.62,120,1,33,81,74500
Realme,8,256,6586,200,16,6.46,120,1,33,65,77000
Poco,8,256,5010,48,32,6.75,90,1,10,83,68000
Nothing,8,256,5950,200,16,6.4,120,1,45,86,87500
Tecno,12,128,5312,50,8,6.81,120,1,80,98,88500
Motorola,16,512,5586,48,16,6.8,120,1,10,35,82000
iQOO,6,256,5919,12,12,6.43,90,1,240,95,96500
Xiaomi,8,128,5169,50,12,6.76,60,1,45,30,50000
iQOO,8,1024,4048,108,50,6.84,120,1,150,68,107000
Poco,8,512,4928,108,16,6.1,144,1,18,60,70500
Oppo,8,256,5053,12,16,6.55,90,1,18,35,55500
Redmi,16,1024,4098,50,16,6.97,60,1,100,47,95500
Motorola,8,256,6470,200,16,6.77,120,1,67,65,90500
iQOO,6,128,5897,50,12,6.28,120,1,120,99,79500
Infinix,8,512,4564,64,16,6.17,90,1,80,88,89500
Realme,4,128,5693,50,20,6.35,120,0,150,87,72000
Samsung,8,256,4083,48,32,6.33,120,1,100,67,82500
Xiaomi,8,512,6762,12,16,6.52,90,1,240,28,62000
Honor,12,128,6695,108,8,6.66,90,1,45,90,89000
Infinix,12,256,4854,64,12,6.6,165,1,10,85,93000
Infinix,8,256,4033,64,20,6.68,120,1,45,28,57000
Honor,8,512,5457,48,16,6.35,165,1,120,86,92000
Motorola,8,256,7083,48,16,6.27,60,1,33,83,76500
Google,12,256,4772,64,16,6.26,144,1,150,68,83500
Samsung,8,128,5099,48,32,6.73,60,1,25,57,66000
Lava,12,128,5956,50,8,6.67,144,0,33,34,55000
Redmi,8,256,5231,50,12,6.34,60,1,80,92,74000
Samsung,12,128,4895,200,16,6.46,165,1,10,96,102000
Apple,24,256,5913,200,32,6.33,120,1,120,70,118000
Tecno,8,512,5389,50,12,6.17,90,1,33,38,58000
Apple,8,1024,6251,50,16,6.65,120,1,100,41,108000
Samsung,4,256,4503,48,8,6.63,144,0,120,48,62000
Apple,4,256,6430,64,20,6.11,120,0,80,45,73000
Vivo,12,512,5737,64,16,6.65,144,1,67,82,91500
Oppo,8,256,6078,48,8,6.14,120,0,80,49,58500
Honor,12,512,6125,50,12,6.95,144,1,240,76,99500
Xiaomi,4,256,6818,108,16,6.57,144,1,80,66,74500
Xiaomi,6,512,4458,50,12,6.98,60,1,10,74,82500
Lava,6,256,7468,50,12,6.31,120,1,67,68,81000
Samsung,12,256,4560,50,16,6.76,60,0,18,87,86500
Realme,8,128,7011,108,16,6.49,120,1,45,42,60500
Samsung,12,128,5180,64,16,6.26,120,1,18,68,82500
Xiaomi,8,512,6556,50,32,6.75,144,0,120,58,75500
Vivo,12,512,5033,50,16,6.87,120,1,120,91,96500
Realme,8,512,6819,108,12,6.76,120,1,10,85,95500
Honor,6,256,6464,50,16,6.32,144,1,45,34,62500
Tecno,12,512,7334,50,12,6.18,90,1,45,100,97500
Lava,8,64,4056,48,32,6.28,90,1,33,32,43000
Vivo,12,256,7132,48,32,6.96,120,1,100,39,76500
Honor,8,128,4494,64,12,6.69,120,1,18,76,76000
Motorola,6,512,4709,108,16,6.18,144,1,150,44,73000
iQOO,4,128,4531,48,16,6.97,90,0,18,51,45000
Honor,6,256,4060,50,12,6.45,144,1,240,84,84500
Nothing,4,512,6538,108,20,6.44,90,0,10,25,53500
Nothing,4,1024,7478,48,12,6.56,120,1,150,77,103000
Nothing,4,256,4416,50,50,6.8,120,1,33,78,67500
Lava,4,128,6056,48,50,6.16,144,1,67,51,55000
Redmi,8,256,4484,16,20,6.57,144,0,120,26,52000
Redmi,12,256,4877,16,32,6.95,90,1,80,68,76500
Infinix,16,128,5966,108,16,6.45,120,1,18,45,66000
Google,16,512,5399,50,20,6.64,120,1,67,56,101500
Oppo,12,512,7096,48,32,6.74,90,1,120,38,82000
Vivo,6,1024,5782,48,16,6.56,120,1,33,30,81500
Oppo,12,1024,7026,32,32,6.15,120,1,10,96,111500
Motorola,24,256,5569,200,16,6.84,120,1,10,39,82500
Google,16,64,6950,50,32,6.74,120,1,33,30,67000
Apple,6,256,5616,108,20,6.25,60,0,25,79,93000
Lava,4,256,6733,50,12,6.24,120,1,18,82,68000
Poco,6,512,6673,48,16,6.77,120,1,67,96,90500
Samsung,6,256,4486,50,16,6.69,120,1,33,54,72000
Realme,8,128,5026,48,20,6.83,120,1,100,58,67000
Vivo,6,256,4508,48,32,6.46,90,1,18,74,77000
iQOO,6,512,4829,200,16,6.69,60,0,18,66,85500
Nothing,8,64,4999,108,16,6.36,60,1,33,85,78500
Poco,6,256,4383,50,16,6.96,120,1,150,33,55000
Lava,12,256,7087,50,12,6.67,60,1,120,39,68500
OnePlus,8,128,5123,32,16,6.33,120,1,150,71,85500
OnePlus,16,64,5498,50,32,6.2,120,1,18,82,79500
Realme,8,512,6796,48,20,6.44,144,1,150,76,89500
Realme,16,128,6652,50,8,6.47,90,1,240,83,75500
Tecno,4,128,5558,48,12,6.58,120,0,150,61,66000
OnePlus,16,256,6059,50,8,6.75,165,1,18,43,73500
Xiaomi,4,128,6841,50,16,6.57,90,1,33,35,52000
Poco,6,256,5386,50,16,6.11,60,1,10,83,70500
Apple,8,512,5430,200,12,6.77,120,1,10,69,113000
Oppo,6,256,6346,50,16,6.39,90,1,67,64,81000
Google,6,512,5618,50,8,6.59,120,1,25,86,94500
Tecno,8,512,5688,50,16,6.44,120,1,67,57,59500
Lava,8,512,6310,48,8,6.4,90,1,45,79,77500
Infinix,12,512,6648,32,12,6.6,120,1,10,51,78000
Motorola,8,64,5621,50,8,6.18,90,1,67,99,71000
Xiaomi,8,256,4786,48,8,6.71,120,1,150,31,54500
Vivo,8,256,5045,64,20,6.58,120,1,100,43,69500
Nothing,12,128,5297,50,20,6.87,120,1,100,27,72500
Realme,16,512,5663,16,20,6.77,144,0,10,50,73500
Oppo,12,128,7442,48,16,6.19,144,1,240,89,100500
Redmi,4,256,6357,200,32,6.92,90,1,80,58,77000
Tecno,6,256,4982,48,16,6.37,120,1,67,32,60000
iQOO,6,128,6567,50,8,6.14,60,1,120,33,57500
Infinix,8,512,5334,50,16,6.38,165,1,67,85,92000
Tecno,12,256,7088,50,50,6.33,165,1,120,88,91500
Nothing,8,128,4117,200,12,6.72,120,1,80,61,70500
Oppo,12,256,5066,16,12,6.3,90,1,67,39,61000
Xiaomi,6,256,5119,48,12,6.37,120,1,150,60,75500
Honor,6,256,5137,50,32,6.66,120,0,25,61,69500
Google,8,256,4654,200,20,6.48,165,1,45,51,78500
Vivo,12,512,4225,12,20,6.97,120,1,67,53,83000
Honor,8,256,5747,64,50,6.87,60,1,150,61,68500
Poco,8,256,4714,50,16,6.55,120,1,150,35,66000
Google,16,128,6139,32,8,6.77,120,1,25,55,75000
Motorola,8,1024,5764,48,20,6.16,60,1,18,54,88000
Vivo,6,512,7007,48,16,6.66,144,1,18,100,97500
Xiaomi,6,256,4995,48,20,6.13,120,0,10,26,52500
Xiaomi,6,256,6357,48,32,6.71,120,1,120,82,82000
Honor,8,256,4214,200,16,6.17,120,1,18,28,58000
Redmi,12,256,4022,64,20,6.25,90,1,100,52,66500
Realme,8,64,5568,50,32,6.27,90,0,45,41,47500
Infinix,6,512,6020,48,12,6.94,120,1,33,28,65500
Realme,16,256,7306,200,16,6.59,60,1,18,66,83500
Poco,8,512,5005,64,50,6.52,90,1,10,62,78000
Motorola,12,1024,6988,48,12,6.5,120,1,45,51,93500
OnePlus,6,256,7192,50,12,6.1,165,1,80,93,92500
Honor,12,256,4315,48,32,6.12,90,0,45,49,61000
OnePlus,8,512,4581,50,16,6.51,144,1,10,46,75500
Motorola,24,512,7191,50,12,6.47,120,1,10,29,76000
Poco,16,256,7319,108,12,6.9,144,1,80,72,90000
Motorola,12,256,6562,16,16,6.85,60,1,45,97,86500
Samsung,4,128,6338,32,12,6.36,90,1,120,46,61500
iQOO,12,256,4414,50,16,6.31,120,1,33,88,85500
Motorola,12,512,5361,50,16,6.74,120,1,33,74,90500
Xiaomi,4,512,6106,48,16,6.74,120,1,150,56,88500
Lava,6,128,7029,50,8,6.7,60,1,240,53,57500
Oppo,8,512,5311,48,12,6.91,60,1,25,80,85500
Motorola,12,1024,6811,50,8,6.43,60,1,33,47,86000
Poco,8,128,6426,48,12,6.15,120,1,240,71,73500
Oppo,8,256,7260,50,20,6.36,60,1,25,75,75500
Lava,12,128,6318,50,12,6.94,90,1,10,49,66500
Realme,6,128,4581,48,16,6.53,90,1,18,45,44000
Infinix,16,512,5047,16,8,6.49,90,1,25,96,90000
Nothing,4,128,4448,48,50,6.21,120,1,240,51,60500
Xiaomi,6,512,4162,50,16,6.42,90,1,67,38,61500
Honor,12,256,7444,50,16,6.83,144,1,25,78,87000
Infinix,8,64,5122,200,16,6.54,120,1,18,57,62000
Lava,12,256,6463,50,50,6.81,120,0,45,88,86500
Vivo,8,128,5173,64,20,6.13,60,1,45,83,74500
Redmi,12,256,4728,50,16,6.17,90,1,150,63,71500
OnePlus,16,1024,6357,50,16,6.7,120,0,240,96,129000
Realme,6,256,4853,32,16,6.77,120,1,67,62,72000
Apple,12,256,6952,50,20,6.71,120,1,120,64,102000
Motorola,8,128,7324,64,32,6.25,165,1,18,80,79000
Honor,16,256,5222,32,16,6.83,120,0,120,38,69500
Infinix,8,128,6022,50,16,6.73,60,0,67,83,72000
Infinix,4,256,7028,50,8,6.57,90,1,120,96,85500
Lava,12,256,5447,108,50,6.74,90,1,150,25,61000
Oppo,8,1024,5730,48,16,6.51,120,1,67,96,109500
Redmi,6,64,5527,108,8,6.63,120,1,10,88,82000
Honor,16,1024,5649,32,12,6.61,60,1,45,57,93500
Oppo,12,256,5268,50,16,6.23,120,1,18,88,89500
Apple,8,128,6093,108,8,6.92,120,1,240,86,109000
Apple,8,256,5739,16,12,6.62,90,1,33,99,93500
Realme,8,256,4704,32,20,6.24,90,0,45,60,56500
Xiaomi,16,128,6094,64,16,6.97,165,1,45,73,92500
Apple,12,256,4830,12,32,6.1,120,1,33,64,100500
Poco,16,512,6349,48,12,6.97,90,1,67,97,102500
Tecno,4,128,4206,64,8,6.43,120,1,80,45,53500
Honor,8,128,4517,32,16,6.36,120,1,120,50,62500
Motorola,6,256,5165,48,8,6.26,120,1,67,99,90500
Lava,12,128,5839,50,12,6.24,120,1,33,95,75000
Apple,8,1024,6673,50,20,6.25,120,1,67,53,120000
Apple,8,128,5133,48,32,6.56,120,1,33,52,88000
Redmi,16,256,7397,50,16,6.75,120,1,240,90,97500
OnePlus,6,128,5182,50,50,6.14,120,1,120,68,78500
OnePlus,16,256,6106,50,16,6.56,144,1,67,41,82000
Tecno,12,256,6914,48,8,6.42,120,1,120,34,67500
Honor,8,512,5085,50,8,6.87,144,1,80,30,69000
Tecno,8,256,6482,48,8,6.74,120,1,100,30,56000
Vivo,12,128,4821,48,32,6.15,120,1,67,62,72000
Motorola,8,128,5945,200,12,6.49,90,1,67,33,57000
Motorola,6,256,5627,200,50,7.0,120,0,67,26,68000
Infinix,6,128,6590,50,16,6.66,144,1,67,97,84500
Motorola,8,128,6451,48,12,6.76,60,1,100,32,52500
Poco,12,256,6778,108,32,6.33,120,1,240,47,81000
Oppo,6,256,4122,48,16,6.99,60,1,120,59,70500
Google,8,512,4115,48,20,6.21,144,0,45,73,80500
iQOO,12,128,4213,200,16,6.73,144,1,240,57,79500
Xiaomi,12,256,7164,50,20,6.79,144,1,45,100,98500
Google,6,128,6669,50,16,6.19,120,1,100,100,92000
Oppo,12,256,6811,12,16,6.73,120,0,10,90,87500
Motorola,12,256,5322,48,8,6.65,120,0,18,31,58000
Google,8,256,6089,48,16,6.27,90,1,150,91,90000
Lava,16,512,5375,50,12,6.58,120,0,120,94,92000
Lava,8,256,5437,32,16,6.15,144,1,120,45,57000
Honor,4,512,5417,48,16,6.42,90,0,25,75,73500
iQOO,6,128,4355,12,16,6.35,90,1,80,60,56500
OnePlus,6,512,5849,50,32,6.23,165,1,18,32,63000
Nothing,6,128,6047,48,32,6.55,165,1,80,75,74500
iQOO,6,512,5500,50,32,6.35,120,1,18,57,69000
Apple,4,256,6579,50,16,6.71,60,0,240,54,85000
Lava,6,1024,6218,50,20,6.43,120,1,150,50,88000
Oppo,16,512,6784,50,16,6.49,120,1,120,98,110000
Vivo,6,512,4516,50,16,6.14,144,1,45,46,72500
Vivo,6,1024,5863,50,12,6.45,120,1,150,94,118500
iQOO,12,64,5724,48,12,6.96,165,1,67,60,66500
Motorola,8,256,5592,64,32,6.91,165,0,240,97,96000
Tecno,4,64,6194,32,20,6.99,144,1,150,41,61000
Infinix,8,256,6717,12,16,6.55,144,1,18,33,53500
Lava,8,512,6518,50,16,6.65,144,1,10,67,75000
Vivo,4,512,7214,48,16,6.77,144,1,100,86,95500
Motorola,24,256,4054,50,8,6.69,90,1,10,85,97500
Redmi,4,512,7086,50,32,6.62,144,1,80,77,91500
Google,12,256,7410,12,20,6.43,60,1,18,71,75000
Tecno,24,64,5941,200,50,6.3,120,1,18,46,83000
iQOO,4,128,5332,48,12,6.83,90,1,80,61,65000
OnePlus,12,256,5714,108,8,6.78,120,1,18,54,77000
Xiaomi,24,512,4782,50,16,6.52,120,1,80,42,83000
Samsung,12,256,5637,50,16,6.41,120,1,120,45,83500
Samsung,16,128,6535,50,50,6.53,120,1,120,65,91500
Tecno,12,512,4159,108,16,6.17,120,1,18,99,98000
Samsung,16,512,4401,12,16,6.73,60,1,33,52,81000
Lava,8,128,5700,50,16,6.81,60,1,25,45,55500
Redmi,8,128,4172,108,20,6.2,120,1,45,74,71000
Poco,8,256,5649,50,12,6.26,144,1,33,73,71500
Google,8,64,5429,50,16,6.89,120,1,80,35,63000
Infinix,8,256,6808,50,20,6.34,120,1,150,72,75500
Apple,8,128,4585,108,12,6.26,60,1,80,43,70500
Xiaomi,6,256,6058,16,12,6.55,120,1,18,69,64000
Nothing,8,256,6496,108,12,6.97,120,1,45,90,90000
Nothing,24,256,5250,200,16,6.9,120,1,25,99,116000
Samsung,6,512,5883,64,16,6.8,120,0,80,63,87500
iQOO,12,128,5731,48,32,6.88,144,1,25,94,89500
Google,8,1024,5164,50,20,6.84,120,1,45,73,106500
Infinix,12,1024,5085,48,32,6.34,144,1,18,31,80500
Realme,8,512,4599,48,16,6.49,120,1,120,40,68000
Vivo,8,256,6921,48,12,6.16,120,1,10,71,72000
Google,12,256,5752,200,32,6.31,144,1,80,47,88000
Poco,12,128,7329,50,16,6.44,165,1,45,35,63000
iQOO,12,256,4601,50,32,6.5,144,1,120,83,92000
Poco,24,256,6716,50,16,6.43,165,1,120,59,98500
iQOO,4,512,4505,64,20,6.99,120,0,10,83,73500
OnePlus,6,512,6986,50,12,6.86,120,1,10,65,79500
Redmi,4,128,7257,50,8,6.49,120,0,18,34,46000
Xiaomi,4,128,5825,48,16,6.29,90,1,240,80,79500
Oppo,16,128,6631,50,8,6.98,120,1,25,80,90000
Vivo,16,128,6579,50,12,6.83,144,1,45,77,89500
Lava,6,256,7010,12,12,6.41,120,1,18,95,77000
Realme,6,128,6616,50,16,6.7,90,1,240,48,67000
Realme,6,512,5325,50,16,6.24,120,1,80,56,75500
Honor,16,128,4193,108,32,6.75,90,1,120,95,90000
Honor,6,256,5572,200,32,6.88,60,1,10,36,66500
Nothing,8,256,5161,200,8,6.75,120,1,150,48,76500
Apple,12,128,5137,32,16,6.35,90,1,18,60,89000
Realme,8,256,5742,108,16,6.97,165,1,150,40,84000
Lava,6,128,4980,50,20,6.79,120,1,240,45,61500
Redmi,8,256,4449,200,32,6.81,120,1,33,43,70500
Infinix,8,128,5088,50,12,6.67,120,1,100,51,58000
Samsung,24,512,5241,12,8,6.26,120,1,100,78,109500
OnePlus,12,256,4780,64,8,6.75,144,1,33,34,72500
Lava,6,128,6637,50,8,6.59,144,0,10,37,56000
Samsung,6,512,6659,32,16,6.22,165,1,45,26,71000
Realme,6,512,6308,50,16,6.37,120,1,120,50,78500
Redmi,4,512,6267,48,32,6.98,144,1,80,81,86000
Redmi,8,256,5549,48,8,6.71,120,0,100,42,50500
Google,6,128,4091,108,16,6.75,90,0,67,34,60000
Lava,6,128,7310,50,8,6.54,120,0,150,83,73500
Infinix,8,256,4752,200,12,6.67,90,1,18,42,65500
Lava,4,256,5811,50,20,6.47,90,1,25,32,55500
iQOO,16,256,6027,48,12,6.96,60,1,25,79,92000
Poco,6,512,6770,64,16,6.95,120,1,18,94,98000
Honor,8,256,7203,50,32,6.92,60,1,18,94,80000
Tecno,8,256,4364,108,16,6.7,144,1,100,31,67000
Oppo,12,256,5599,12,8,6.19,120,0,120,37,47500
Google,12,512,4909,64,20,6.14,165,1,80,48,89500
Oppo,24,256,4876,50,12,6.86,120,1,80,62,95500
Redmi,16,64,4790,16,16,6.23,120,1,80,83,79500
Infinix,4,128,7398,12,12,6.22,90,1,67,30,45000
Xiaomi,8,128,6267,200,16,6.94,120,1,33,73,81500
Redmi,6,128,6798,48,12,6.18,120,1,80,42,58500
Motorola,6,256,4210,50,20,6.31,120,1,18,54,51500
OnePlus,12,256,5582,48,16,6.48,90,1,80,78,86500
Google,16,1024,7203,50,20,6.91,120,1,240,68,128500
Poco,8,256,5259,50,20,6.18,120,1,80,74,72000
Apple,12,256,7239,64,16,6.72,90,0,100,67,93000
iQOO,12,64,7394,16,16,6.89,144,1,120,70,80500
Infinix,12,256,7031,50,16,6.39,120,1,100,95,96000
Google,12,512,6154,12,12,6.42,144,1,25,94,105500
Apple,12,256,6557,48,32,6.26,120,1,120,72,108500
iQOO,12,128,4283,32,12,6.88,60,1,80,86,79000
Realme,12,128,5007,64,16,6.74,120,1,120,63,73500
Realme,12,256,6006,50,16,6.45,120,1,45,69,78000
Infinix,6,256,5669,50,16,6.75,120,1,25,100,81000
Poco,8,128,5322,50,16,6.3,90,0,25,52,53000
Nothing,8,256,7254,48,16,6.95,120,1,100,53,71000
Samsung,8,128,5468,48,32,6.54,120,1,80,35,66000
Poco,8,256,7347,50,20,6.59,90,0,25,85,78500
Oppo,16,256,6441,48,16,6.64,144,1,240,83,105000
Xiaomi,24,256,4249,48,8,6.31,120,1,33,80,92500
Xiaomi,16,64,5679,48,12,6.65,120,1,10,94,81000
Xiaomi,12,256,7489,50,50,6.72,120,1,45,52,86000
iQOO,8,128,4770,12,16,6.36,120,1,33,79,68000
OnePlus,4,128,4496,50,32,6.38,120,1,100,47,62000
Motorola,12,128,6988,50,16,6.2,120,1,25,93,82500
Honor,8,256,6951,16,12,6.73,165,0,80,73,75000
Vivo,6,512,4227,50,32,6.92,90,1,45,65,85000
Google,8,256,6782,50,50,6.68,90,1,25,96,101500
Infinix,4,512,6353,50,8,6.78,60,1,100,48,59000
Honor,8,256,4787,48,12,6.68,90,1,45,79,78500
Realme,16,128,6194,50,20,6.44,144,1,10,29,61500
Vivo,4,512,6654,50,32,6.18,90,0,150,40,66500
Apple,8,256,4611,200,8,6.56,120,1,10,37,90000
Lava,16,64,4647,16,8,6.66,120,1,240,81,84000
Realme,6,128,4811,64,8,6.84,90,1,100,42,53000
Oppo,12,256,4569,16,16,6.53,120,1,10,31,61000
Motorola,12,512,4414,50,8,6.7,90,1,80,46,74500
Nothing,8,256,6884,48,8,6.65,120,1,10,75,81500
Tecno,8,128,4523,50,16,6.23,120,1,120,71,73500
Honor,8,256,4077,50,16,6.28,60,1,100,94,84000
Xiaomi,4,512,4739,50,16,6.33,90,1,120,93,88000
Xiaomi,24,256,4877,48,32,6.84,120,0,240,83,103000
Poco,12,512,7128,50,16,6.14,120,1,120,76,89500
Infinix,12,256,6859,64,50,6.15,60,1,80,59,84500
Oppo,12,64,4404,48,12,6.62,120,1,150,33,67500
Infinix,12,256,7382,64,8,6.66,165,1,45,46,79500
Realme,4,1024,4328,32,32,6.63,120,1,240,78,100000
Realme,6,128,6076,64,20,6.11,120,0,67,36,40000
Vivo,6,128,5237,32,16,6.33,120,1,25,85,73500
Motorola,8,512,7440,48,20,6.43,144,1,10,81,94000
Redmi,12,512,6689,48,12,6.71,60,1,100,63,77000
Nothing,6,256,7460,50,20,6.95,120,0,45,31,63000
Infinix,8,256,5062,50,8,6.64,120,1,67,97,80000
Apple,6,512,4440,50,16,6.28,120,1,100,100,108000
Google,12,256,4572,50,16,6.25,144,1,80,89,98000
Infinix,8,128,4516,50,50,6.22,144,1,18,70,61500
Lava,8,256,6081,200,12,6.16,165,1,25,46,72000
Poco,4,256,5136,16,16,6.61,120,1,240,38,66000
OnePlus,6,256,4576,50,20,6.8,60,0,18,88,77000
Apple,16,256,6205,48,16,6.36,90,1,33,88,114000
Redmi,6,256,6424,50,12,6.79,165,1,150,44,65000
Samsung,6,128,4517,64,8,6.53,120,1,45,90,89000
iQOO,24,256,4183,50,32,6.89,120,1,150,100,110000
Apple,4,128,4528,48,16,6.52,120,1,67,74,90000
Google,12,256,6612,64,12,6.34,165,1,80,46,80500
Oppo,8,256,4299,32,50,6.46,144,1,240,77,88000
Honor,16,512,5283,50,8,6.18,120,1,120,96,99000
Xiaomi,4,256,4744,48,20,6.78,120,0,10,26,40000
Google,8,256,6672,50,16,6.17,120,1,150,86,94500
Oppo,6,256,7014,48,32,6.9,90,1,120,32,70000
Honor,12,256,5086,32,8,6.22,120,1,18,57,68500
Lava,8,64,5651,32,8,6.6,144,1,10,90,77500
Poco,8,128,6577,48,20,6.79,60,0,33,59,61500
Realme,8,256,4611,200,8,6.23,120,1,67,37,59500
Honor,12,64,6597,48,16,6.81,120,0,25,48,66500
Nothing,8,512,5363,64,50,6.38,120,0,67,100,102500
Vivo,6,256,5201,50,16,6.25,120,1,18,69,71000
OnePlus,4,512,4356,50,32,6.57,120,1,10,29,59500
Honor,16,256,4352,200,8,6.95,144,1,10,90,96500
Google,8,128,4412,48,50,6.1,120,1,100,43,64000
Motorola,12,512,5188,12,32,6.16,120,1,10,61,69000
Xiaomi,8,512,5267,48,16,6.26,165,1,18,60,75500
Poco,8,256,4467,200,20,6.59,120,0,80,98,92500
Honor,4,256,7408,108,32,6.39,165,1,18,96,85000
Apple,12,256,5858,12,50,6.49,90,1,80,75,105500
OnePlus,12,256,5322,50,50,6.66,120,1,18,56,76000
Samsung,8,128,5275,50,16,6.21,60,1,33,61,64500
Redmi,24,128,4648,48,8,6.28,120,1,100,63,88000
Motorola,4,128,6896,50,50,6.74,60,1,18,97,73000
OnePlus,8,128,5190,50,32,6.45,120,0,100,55,66000
Google,16,256,6099,48,50,6.38,120,1,80,91,104000
Infinix,12,256,4561,32,16,6.53,165,1,80,58,74500
Samsung,4,256,6214,32,16,6.23,120,1,45,40,57500
Oppo,8,128,7118,50,32,6.31,120,1,45,40,61500
Poco,12,256,4158,48,20,6.69,90,1,10,61,54000
Redmi,8,512,4382,32,16,6.59,144,1,67,55,70000
Motorola,6,512,7044,50,20,6.32,144,0,67,56,80000
Infinix,8,256,6683,50,16,6.91,60,1,100,54,63500
Redmi,8,128,7398,108,32,6.28,90,0,100,81,82000
Samsung,12,256,5367,108,32,6.12,120,1,33,77,90500
Samsung,12,256,6898,50,12,6.41,60,0,18,56,76500
Redmi,6,256,7335,200,16,6.19,120,1,45,70,84000
Xiaomi,4,256,6792,48,16,6.34,120,1,10,31,63000
Redmi,8,256,6554,48,16,6.97,120,1,100,40,65500
Motorola,16,128,4598,50,16,6.53,144,1,100,51,82500
Motorola,8,512,6463,50,12,6.52,90,1,67,30,71000
Redmi,8,128,6038,200,16,6.88,144,1,18,26,63500
Poco,24,1024,6117,12,50,6.7,90,0,150,75,122000
Google,6,256,6269,48,8,6.96,120,1,120,30,76000
Vivo,12,256,4578,108,16,6.98,60,0,67,81,85000
OnePlus,8,256,5537,50,8,6.4,120,0,240,30,71000
Motorola,6,128,5437,50,12,6.23,165,1,80,51,58000
Oppo,12,256,5892,50,16,6.78,144,1,33,93,91500
Realme,4,512,7106,50,32,6.36,120,0,33,31,54000
Realme,12,128,4117,32,32,6.26,90,1,67,39,61000
Samsung,4,256,5324,50,32,6.77,90,1,240,89,96500
iQOO,4,256,7319,50,16,6.19,90,1,240,76,81500
iQOO,6,256,6381,48,12,6.31,120,1,100,34,64000
Apple,8,256,5926,32,32,6.72,120,1,10,70,99500
Nothing,12,256,4423,50,12,6.27,90,0,18,52,68000
Poco,4,128,4746,50,16,6.51,120,1,45,26,48500
Apple,8,256,4227,108,16,6.35,144,1,10,79,100500
Apple,6,1024,5330,64,32,6.74,144,1,45,38,108500
Google,8,128,6892,64,32,6.69,120,1,45,40,68000
Oppo,6,1024,4266,108,16,6.29,120,1,10,74,100000
Honor,4,256,5629,48,20,6.13,120,1,45,84,71000
Redmi,8,64,6973,50,50,6.57,144,1,150,59,74000
Realme,16,256,5978,108,16,6.93,60,1,80,40,80500
Nothing,12,512,7056,50,20,6.82,120,1,45,92,98000
Redmi,24,256,6987,50,20,6.2,90,1,10,28,68000
Apple,12,256,4990,64,16,6.14,60,1,100,29,82000
Google,4,256,6349,48,16,6.49,144,1,18,92,87500
Tecno,6,128,6736,50,8,6.53,120,1,240,39,65000
iQOO,6,512,5193,32,20,6.59,120,0,33,35,57500
OnePlus,6,128,6724,50,8,6.23,165,1,150,78,81000
Lava,12,256,5111,50,12,6.18,120,1,67,47,66500
iQOO,6,128,6529,50,12,6.52,90,0,80,98,83500
iQOO,6,128,4213,50,16,6.97,60,1,25,71,69000
Google,12,128,5257,48,16,6.29,120,1,67,84,85000
Google,12,64,7279,50,20,6.78,120,1,100,77,95500
Redmi,12,512,6978,50,16,6.26,120,0,150,60,83500
Apple,8,256,4810,32,20,6.2,144,1,33,95,105000
Vivo,8,512,5148,50,16,6.24,60,1,67,39,69500
Lava,8,512,6650,108,12,6.8,60,1,18,85,96500
Lava,16,128,6415,50,32,6.82,90,0,67,51,61500
Oppo,6,128,4857,50,8,6.94,120,1,10,49,63000
Motorola,8,128,6738,50,16,6.74,120,1,25,39,55500
Tecno,4,256,5213,50,8,6.65,120,1,240,87,82500
Honor,4,256,4739,50,12,6.41,144,1,10,85,78500
Oppo,12,256,5410,48,8,6.91,120,1,25,90,96500
Apple,8,512,4508,50,20,6.4,90,1,67,42,88000
Redmi,8,256,5737,50,32,6.78,120,1,18,37,60500
Poco,8,128,4235,50,12,6.95,90,0,100,36,47000
Xiaomi,8,128,6501,32,32,6.83,120,1,33,69,76500
Honor,12,128,4246,48,20,6.93,90,1,45,25,54000
iQOO,6,512,4289,108,32,6.55,120,1,100,86,94500
Samsung,12,64,4035,64,8,6.7,120,1,45,33,70500
Apple,16,64,5246,48,20,6.93,90,1,33,43,98500
Oppo,6,512,4638,50,16,6.15,60,1,80,94,88500
Infinix,6,512,4518,16,16,6.99,120,0,120,26,53000
Oppo,8,1024,7316,64,16,6.39,120,0,100,63,111000
Redmi,8,128,4802,16,32,6.74,90,1,80,43,61500
Redmi,12,128,5197,32,12,6.57,144,0,240,35,69000
Google,8,256,5007,50,32,6.16,120,1,25,91,88000
Infinix,16,128,4204,200,16,6.73,60,1,80,41,73000
Vivo,6,256,6878,12,16,6.64,120,1,45,94,86500
Realme,8,512,6584,64,8,6.8,120,0,100,81,87000
Apple,8,512,4108,50,20,6.19,120,0,10,84,95000
Motorola,8,256,4277,50,16,6.34,120,1,45,69,75000
Nothing,6,256,7031,50,12,6.39,120,0,10,98,90500
Motorola,6,256,4273,50,16,6.52,120,0,240,55,66000
Lava,16,256,6429,50,50,6.24,60,1,120,89,88500
Realme,12,256,5396,48,16,6.56,144,1,45,78,91000
Samsung,12,1024,4071,32,12,6.39,90,1,150,26,91000
OnePlus,16,512,5743,48,16,6.16,120,1,45,31,86000
Poco,16,128,5255,48,50,6.89,120,1,150,90,89000
Lava,16,256,6960,50,12,6.62,120,1,150,49,76500
Poco,12,256,5571,50,16,6.76,120,1,240,32,77500
Redmi,8,256,6078,50,50,6.91,90,1,10,31,61500
Xiaomi,8,256,4092,32,32,6.34,120,1,120,65,63500
Xiaomi,8,512,6232,48,16,6.26,90,1,67,55,77500
Poco,12,1024,7406,50,20,6.32,120,1,18,86,107500
Lava,8,256,5537,64,32,6.12,120,1,33,98,86500
Lava,4,128,4245,50,32,6.41,144,1,18,91,67500
iQOO,12,256,4097,108,50,6.96,120,1,18,77,91000
Oppo,4,256,6475,32,20,6.22,120,1,80,84,80000
Apple,12,128,5167,48,12,6.4,90,1,80,61,88000
Realme,4,512,4839,64,8,6.68,90,1,240,89,83000
Samsung,6,256,4801,12,12,6.13,120,1,25,70,72000
Google,16,128,7154,108,20,6.64,120,1,120,99,102500
Apple,8,64,5499,64,12,6.75,144,1,18,85,97000
Honor,8,256,6582,50,8,6.26,120,1,33,43,59500
Infinix,16,256,7023,50,16,6.36,120,1,45,65,75500
Realme,8,128,4586,32,32,6.89,120,1,25,58,63500
Samsung,8,128,4189,64,16,6.83,120,1,100,94,81500
Lava,8,128,4231,12,16,6.33,144,1,80,63,68000
Poco,6,256,6553,200,32,6.91,144,1,18,44,71500
Xiaomi,8,256,7039,200,8,6.1,90,1,18,57,70000
Tecno,8,64,7369,108,16,6.33,120,1,150,31,51000
OnePlus,12,256,7126,48,16,6.21,120,1,240,59,89000
Motorola,8,1024,6898,50,32,6.37,120,0,18,37,89500
Infinix,12,512,4209,48,16,6.96,144,1,33,46,69500
Vivo,8,512,4709,12,12,6.33,144,1,33,32,64000
Apple,8,64,6030,50,8,6.79,90,1,80,41,76000
iQOO,8,512,6884,108,16,6.54,120,1,80,81,96500
Redmi,6,512,5253,50,12,6.33,120,1,67,44,65500
Honor,16,256,6913,48,12,6.51,60,1,80,27,63000
Vivo,8,128,6204,64,16,6.67,90,1,18,78,80000
Realme,8,256,5232,48,16,6.73,120,1,45,86,87000
Honor,8,256,6756,64,20,6.39,120,1,18,67,87000
Honor,6,256,6116,200,20,6.38,60,0,18,58,66000
Lava,24,256,6142,50,16,6.38,144,1,150,27,78000
iQOO,4,512,7192,50,12,6.9,120,1,150,51,77500
Poco,6,1024,6867,108,20,6.54,120,1,100,57,88500
Oppo,8,128,7198,50,16,6.25,120,1,240,46,71500
OnePlus,8,256,4223,50,8,6.45,90,1,67,36,56000
Nothing,8,128,6694,200,8,6.7,90,0,120,64,75500
iQOO,16,256,7052,50,16,6.4,144,0,150,67,88500
Nothing,4,512,6745,200,16,6.88,120,1,150,33,79500
OnePlus,8,128,4373,50,20,6.94,90,1,25,78,81000
Samsung,24,1024,4418,50,16,6.24,120,1,33,94,130000
Apple,4,128,6470,108,16,6.58,120,1,100,68,92000
Motorola,6,256,4613,48,32,6.99,120,1,45,47,65500
iQOO,8,256,5248,50,16,6.23,144,1,80,55,74000
Apple,8,128,7447,32,32,6.22,90,0,120,90,102000
Oppo,12,256,4131,200,16,6.59,120,1,120,44,83500
Redmi,12,512,5830,48,12,6.73,120,1,100,71,82500
Redmi,8,256,5531,200,20,6.93,120,1,18,83,79000
iQOO,6,512,4488,12,16,6.89,144,1,150,68,88000
Realme,8,256,4010,50,32,6.31,144,1,25,84,69000
Infinix,16,128,7414,108,12,6.92,90,0,25,60,77500
Realme,8,128,4891,108,16,6.68,60,1,80,98,84000
Vivo,8,256,7444,50,16,6.62,120,1,25,74,87000
Realme,12,256,6656,12,20,6.32,165,1,10,88,81500
Google,8,256,7338,50,16,6.14,120,1,10,60,82000
Vivo,6,512,5675,50,12,6.81,120,1,150,34,63000
iQOO,8,128,6908,50,20,6.67,120,1,240,91,92000
iQOO,12,128,5559,64,20,6.33,120,1,67,44,71000
Nothing,6,512,5491,200,16,6.9,144,0,45,77,101000
Xiaomi,4,512,5669,50,32,7.0,120,1,45,83,85500
Apple,4,256,4335,64,16,6.42,120,1,240,83,100500
Oppo,8,256,6763,50,12,6.87,60,1,240,74,92500
Vivo,16,256,7404,50,32,6.83,120,1,18,93,104000
iQOO,12,256,5108,50,16,6.46,120,1,18,42,71500
Samsung,8,128,7233,48,12,6.15,60,1,45,51,63500
Vivo,8,256,6622,48,16,6.3,60,1,25,40,63500
OnePlus,4,256,6952,50,8,6.74,120,1,10,54,72000
Samsung,8,1024,4827,48,20,6.47,120,1,120,71,106500
Google,4,128,6384,50,16,6.47,120,1,33,53,71500
Motorola,6,128,5847,64,16,6.65,165,1,100,84,84500
Infinix,12,256,5061,50,12,6.66,90,1,240,37,68000
Realme,4,256,6969,50,12,6.33,90,1,80,44,57500
Xiaomi,8,512,4348,50,16,6.48,60,1,18,67,68000
OnePlus,12,64,5054,50,12,6.47,60,1,67,28,61000
Nothing,6,256,7154,48,20,6.98,120,0,150,84,86500
Tecno,12,128,6377,50,20,6.84,120,1,25,74,78500
Apple,8,64,4433,48,20,6.52,144,1,25,34,69000
Infinix,6,256,4740,50,16,6.25,165,1,25,69,68500
Realme,4,512,7173,108,16,6.95,144,1,33,63,80000
Poco,12,256,4962,32,32,6.13,120,1,67,57,69500
Tecno,6,512,5990,50,16,6.25,144,1,150,31,69500
Apple,8,128,6470,108,50,6.71,120,1,25,38,94000
Poco,16,512,5675,50,16,6.97,120,0,45,67,83500
Apple,16,256,6133,48,32,6.78,90,1,240,56,110500
iQOO,4,1024,4757,48,16,6.97,120,0,150,32,76500
Redmi,8,256,4390,48,32,6.45,60,1,18,69,70500
Motorola,8,128,5011,50,16,6.71,90,1,25,92,75500
Xiaomi,6,256,6915,50,20,6.77,120,1,67,90,94000
Honor,8,256,6785,50,16,6.17,120,1,33,77,68000
OnePlus,8,128,6800,32,32,6.86,120,1,10,94,87000
Motorola,8,512,4472,50,12,6.24,120,1,10,37,62500
Nothing,12,128,7407,48,16,6.85,90,1,67,72,87500
Samsung,12,256,5428,48,20,6.96,144,1,240,56,99500
Poco,4,256,7467,12,8,6.86,120,1,120,60,72500
Poco,16,512,6614,48,12,6.18,90,1,80,42,80000
Realme,8,128,6567,32,20,6.46,144,1,33,31,52000
Motorola,6,128,7309,64,32,6.53,120,1,33,55,67500
Xiaomi,12,128,5296,108,20,6.8,120,1,33,79,80500
Apple,6,128,5429,48,20,6.14,90,1,100,82,91000
Samsung,12,256,4870,64,16,6.26,120,0,100,88,84500
Realme,8,256,4625,108,16,6.47,120,0,120,87,83000
Lava,6,256,5892,48,16,6.74,165,1,100,43,56500
Honor,4,256,4084,108,16,6.95,90,0,100,82,74000
Tecno,8,512,5513,108,8,6.13,90,1,33,60,82500
Realme,4,1024,6637,50,12,6.29,120,1,120,52,85000
Nothing,12,256,7075,48,16,6.53,120,1,120,72,86500
Lava,12,256,5776,50,8,6.27,120,1,100,46,62500
Samsung,6,128,5603,50,16,6.15,165,1,80,38,67500
OnePlus,4,128,6625,50,12,6.41,120,1,240,37,55500
Poco,16,128,4169,50,20,6.2,120,1,67,62,66500
Honor,4,512,7134,48,16,6.79,144,1,67,71,88000
iQOO,12,128,4920,32,16,6.75,165,1,18,93,96000
Samsung,6,512,5963,50,12,6.14,60,1,100,70,90000
Xiaomi,8,128,5903,50,16,6.19,120,1,67,95,83500
Vivo,12,256,6876,50,12,6.64,120,1,120,80,89500
Poco,12,128,4285,50,12,6.17,120,1,18,79,66500
Redmi,6,64,7342,64,16,6.76,165,1,80,95,91500
Xiaomi,12,256,5890,50,8,6.66,60,1,120,81,83000
Tecno,12,256,5276,50,20,6.32,60,1,67,65,65500
Vivo,12,256,5890,50,16,6.67,120,1,45,25,66000
Poco,24,512,6763,200,16,6.45,90,1,240,79,115500
Redmi,8,256,5320,108,32,6.51,90,1,100,47,69500
Lava,24,128,4465,48,12,6.17,144,1,45,80,89000
Poco,8,128,6699,64,8,6.7,120,1,100,47,66500
Tecno,12,512,4663,48,8,6.77,120,1,25,71,83500
Samsung,8,256,6912,48,16,6.89,90,1,18,68,84000
Infinix,24,256,5361,50,16,6.81,165,1,10,83,96000
Samsung,8,128,4071,50,16,6.19,120,1,240,49,74500
Apple,8,128,6400,50,12,6.14,165,1,67,36,76500
Oppo,4,128,7303,64,32,6.54,120,1,10,93,90500
Infinix,12,256,5882,50,16,6.58,120,1,67,36,63000
iQOO,8,128,7300,48,8,6.75,120,1,120,58,66500
Poco,8,128,4993,64,16,6.24,120,0,25,97,76500
Motorola,8,256,6355,48,16,6.3,120,1,100,100,79000
Motorola,6,256,4069,48,32,6.7,144,1,10,42,55500
Xiaomi,6,512,5447,50,16,6.58,120,1,80,42,67000
iQOO,6,1024,7099,64,8,6.65,144,1,33,30,85500
Xiaomi,24,128,7231,108,12,6.99,90,1,10,29,78000
Apple,16,128,7449,50,16,6.85,165,0,25,40,90000
Google,4,256,6606,50,20,6.21,120,1,80,79,82500
Nothing,8,128,6811,50,8,6.2,144,1,33,62,77500
OnePlus,24,1024,4680,48,20,6.65,144,1,67,91,132500
OnePlus,8,256,4473,50,16,6.13,120,1,33,61,72500
Nothing,6,256,4921,50,32,6.58,144,1,80,59,60000
Poco,12,256,6707,50,16,6.23,60,1,67,59,65500
Honor,16,128,5122,48,20,6.72,60,0,67,97,86000
Nothing,8,256,6004,50,20,6.23,90,1,18,75,77500
OnePlus,6,128,4768,48,8,6.77,120,1,45,32,52500
Infinix,8,512,4125,64,32,6.47,90,0,80,78,83500
Poco,16,256,4000,64,16,6.11,144,1,10,76,78000
OnePlus,4,256,4739,108,12,6.64,120,1,67,42,62000
Oppo,8,512,5008,48,32,6.85,144,1,80,69,86000
Lava,8,256,5736,16,32,6.74,60,1,10,59,63000
OnePlus,8,256,5200,64,16,6.28,120,1,80,66,78500
Infinix,4,256,5072,108,12,6.31,120,1,33,42,54000
Honor,6,128,4062,64,12,6.15,120,1,120,34,55500
Motorola,8,512,5349,108,8,6.65,165,1,25,55,75500
Vivo,8,128,6450,48,32,6.3,144,0,150,93,94000
Motorola,12,256,6611,12,32,6.6,120,0,10,70,80000
Lava,4,256,4907,48,16,6.16,90,1,25,61,60500
Realme,6,512,6379,12,32,6.69,120,1,100,33,70500
Lava,6,128,4935,48,8,6.7,90,1,240,42,59000
Nothing,8,256,4233,32,20,6.18,165,1,240,35,62000
Nothing,12,256,6132,64,12,6.39,90,1,150,73,87500
Realme,12,1024,7270,50,16,6.83,90,0,240,60,108500
Tecno,12,64,6351,50,16,6.11,144,1,100,39,59500
Lava,6,128,5560,50,20,6.89,120,0,45,50,52000
Lava,4,256,4558,200,50,6.56,60,1,45,63,60500
Honor,4,256,5557,50,50,6.67,120,0,25,38,57000
Motorola,12,512,4023,108,8,6.21,120,1,240,55,85000
Xiaomi,6,128,4950,64,16,6.68,120,1,240,95,90500
OnePlus,6,256,5454,50,8,6.17,60,1,33,63,69000
OnePlus,16,128,5729,108,50,6.74,120,1,100,53,83000
Poco,24,128,7308,64,8,6.13,60,1,100,40,67000
Google,8,64,6987,48,16,6.87,120,1,240,90,97000
iQOO,16,256,6327,48,12,6.36,60,0,80,81,80500
iQOO,12,256,4113,64,32,6.27,90,0,33,85,75500
OnePlus,8,256,4330,50,32,6.8,90,1,33,30,58000
Google,12,256,5376,32,16,6.94,90,1,10,63,82000
Lava,8,256,7298,200,8,6.18,120,1,18,33,64000
Apple,16,256,4137,48,12,6.61,90,1,18,37,89500
Oppo,12,256,7421,50,16,6.93,165,1,25,26,73500
Xiaomi,12,128,7424,64,32,6.23,60,1,240,60,81500
Honor,12,256,7158,50,8,6.35,165,0,10,86,85500
iQOO,24,512,4300,108,20,6.65,90,1,150,40,87000
Oppo,4,512,4230,108,50,6.68,120,1,25,68,80500
Oppo,6,256,4818,32,16,6.3,120,1,10,57,59500
Samsung,6,256,5065,64,8,6.63,120,0,240,26,66000
Realme,16,128,6470,48,16,6.29,120,1,150,81,82500
Apple,12,256,7051,50,12,6.42,120,1,150,79,104500
Redmi,8,128,6906,64,16,6.36,60,0,33,33,51500
Redmi,16,256,7182,108,12,6.53,144,1,10,76,91000
Samsung,16,512,4185,12,16,6.61,120,1,18,71,93500
Xiaomi,8,128,6798,64,12,6.22,120,1,150,62,78500
Motorola,12,64,4856,50,16,6.27,90,0,240,58,63500
Oppo,8,256,5045,48,8,6.47,120,1,33,48,68000
Oppo,8,256,4839,48,32,6.82,90,1,240,86,88000
Tecno,16,256,4881,48,20,6.23,120,1,33,85,87500
Poco,8,64,5346,108,16,6.18,120,1,100,26,56500
Realme,12,128,7405,12,12,6.96,90,1,120,42,66000
Poco,6,256,7408,32,12,6.64,144,1,33,43,60500
Nothing,4,256,5752,50,16,6.72,90,1,10,87,80500
Samsung,8,256,4889,48,12,6.73,90,1,33,55,69000
Honor,6,256,5838,108,16,6.24,90,1,45,62,77500
Vivo,12,128,4070,50,12,6.41,90,1,25,85,84500
Oppo,4,128,5088,50,12,6.23,120,1,150,84,75500
Apple,8,128,4795,64,12,6.35,120,1,80,76,101500
Poco,12,256,6168,64,8,6.11,120,1,25,69,73000
Poco,6,512,4821,50,16,6.47,120,1,240,72,84500
Nothing,16,256,5096,48,16,6.16,120,1,120,43,80000
Vivo,4,512,7016,12,16,6.85,144,1,67,93,100000
Vivo,8,256,5466,48,16,6.12,165,1,45,94,83500
Oppo,24,256,6810,32,20,6.13,120,1,10,59,86500
Redmi,8,1024,5076,50,20,6.43,120,1,120,74,103000
iQOO,6,256,5817,64,16,6.15,144,0,10,62,68000
Infinix,6,256,4451,50,16,6.69,120,1,45,45,57500
OnePlus,6,512,6552,108,16,6.28,144,1,18,76,89000
Poco,4,256,5055,50,8,6.86,120,0,33,30,45500
Infinix,24,256,4825,50,8,6.54,120,1,120,59,85000
Poco,6,256,6287,50,8,6.42,90,0,18,36,46500
Tecno,8,128,5339,50,8,6.37,120,1,10,83,68000
Lava,6,128,5917,48,8,6.37,90,1,100,56,59500
Apple,12,128,5637,48,12,6.4,144,1,10,99,107500
Vivo,12,256,5935,50,12,6.91,120,0,80,38,65500
Apple,6,512,5718,50,8,6.96,120,1,80,28,92000
Poco,12,256,4661,48,8,6.75,90,0,45,49,63500
Apple,8,512,5133,64,20,6.6,144,1,80,93,116500
Redmi,8,128,6730,50,20,6.58,120,0,100,63,62000
Google,12,256,4651,48,16,6.52,120,1,25,49,68500
Redmi,8,256,7254,32,16,6.77,144,1,80,62,72000
Apple,4,128,7344,48,16,6.62,120,1,67,66,90500
Realme,8,256,5435,50,16,6.91,120,1,67,80,85500
Xiaomi,8,256,4790,50,12,6.27,60,1,18,80,70000
Vivo,8,256,6188,48,16,6.11,120,1,120,84,79500
Nothing,16,128,5319,108,16,6.15,120,1,67,44,87000
Honor,16,128,5202,50,20,6.75,120,1,100,71,85000
iQOO,4,256,4654,50,12,6.69,60,1,18,83,79000
Xiaomi,4,256,6107,32,12,6.24,120,1,33,74,73000
Poco,8,64,4239,50,20,6.18,120,0,10,86,66500
Honor,8,256,6399,64,16,6.95,60,1,100,86,84500
Xiaomi,6,128,5378,50,16,6.91,120,1,100,54,71000
Poco,8,128,4185,64,16,6.18,90,0,33,87,73500
Vivo,16,256,5604,16,12,6.69,144,1,33,74,84500
Google,8,256,7134,48,20,6.24,144,1,100,34,67000
Motorola,6,256,6132,64,16,6.55,120,1,33,76,78500
Honor,6,64,6314,48,16,6.37,60,1,45,82,77500
Lava,8,256,5239,200,16,6.27,120,1,240,78,95500
Infinix,6,256,6561,50,20,6.63,120,1,45,52,60000
iQOO,6,128,4765,64,32,6.68,90,1,100,100,89500
Motorola,4,128,6799,48,16,7.0,90,1,120,80,74500
Tecno,16,128,7336,50,20,6.92,120,1,33,42,81000
Infinix,8,128,5941,16,8,6.12,90,1,120,57,56000
Redmi,8,256,6199,48,8,6.51,120,1,10,78,75500
Nothing,8,128,6704,50,32,6.26,120,1,67,76,73500
Oppo,8,256,6855,64,16,6.88,120,1,18,31,50500
iQOO,6,256,6087,50,12,6.52,120,1,10,33,63000
Redmi,16,256,7122,50,32,6.86,120,0,67,33,66000
Samsung,8,128,5397,50,32,6.89,120,0,100,75,83500
Vivo,4,512,6028,50,20,6.19,90,1,25,35,59000
Nothing,8,256,6766,16,12,6.87,60,1,100,88,83500
Apple,24,256,6064,108,16,6.29,120,1,18,87,122000
Poco,16,1024,6435,50,20,6.37,144,1,33,99,116000
Poco,16,128,5688,50,20,6.45,60,1,25,51,71500
Infinix,12,128,6702,50,8,6.65,120,1,25,43,62500
Realme,6,256,4490,50,16,6.95,144,1,33,57,66500
Honor,8,256,4502,64,20,6.57,165,1,18,89,80500
Lava,6,512,4715,48,50,6.13,120,0,25,90,77500
Vivo,4,512,6985,48,20,6.19,120,1,33,58,75000
Poco,4,256,4391,64,16,6.59,120,1,240,71,75000
Apple,8,128,7087,50,16,6.27,120,1,240,36,89000
Vivo,6,256,5698,16,12,6.87,90,1,67,78,76500
Infinix,4,512,6500,50,12,6.86,90,0,33,95,84500
Motorola,12,128,5790,200,16,6.86,120,1,33,61,83500
Vivo,6,256,5506,48,16,6.31,90,1,120,31,52000
Motorola,4,128,6699,48,32,6.86,120,1,100,32,46000
Poco,12,128,6609,108,8,6.54,120,1,150,100,92000
Tecno,8,128,7324,50,16,6.9,60,1,67,73,65000
Redmi,8,256,6524,48,12,6.34,120,0,120,46,59000
Lava,8,128,4989,64,16,6.34,120,1,80,30,54500
Tecno,8,64,6695,16,8,6.91,120,1,150,42,62500
Lava,8,512,7488,50,16,6.92,90,1,25,93,97000
OnePlus,6,256,4417,32,16,6.25,90,1,33,41,55000
Vivo,4,64,5131,50,12,6.5,90,0,67,49,54500
Apple,6,64,4247,50,12,6.25,120,1,25,83,87500
Xiaomi,8,128,5101,50,8,6.59,90,1,33,73,70500
Google,8,64,5167,50,32,6.62,120,1,80,38,58000
iQOO,4,128,6775,50,16,6.42,90,1,67,91,78000
Redmi,24,256,6253,50,16,6.64,120,0,25,59,87000
Tecno,12,256,5671,64,8,6.81,60,1,33,89,74000
Samsung,4,128,7412,16,20,6.92,120,1,10,90,77500
Realme,8,512,6326,50,16,6.52,144,1,100,76,92000
Oppo,8,512,7128,50,32,6.74,120,0,25,78,87000
Realme,16,256,5538,48,12,6.45,120,1,10,59,76000
Apple,24,256,4972,108,20,6.22,120,1,240,29,107000
Google,12,64,6937,50,20,6.98,60,1,240,70,81000
Nothing,8,128,6019,32,16,6.24,120,1,18,93,81500
Oppo,12,512,6941,50,16,6.87,90,1,45,94,96000
Infinix,6,256,4461,50,16,6.11,90,1,80,28,44500
Lava,8,128,5317,48,12,6.65,120,1,80,54,64500
Google,8,256,6616,64,32,6.2,144,1,25,78,91500
Apple,24,64,5783,48,16,6.73,90,1,100,47,108500
Realme,6,128,5609,50,8,6.93,120,1,33,31,47000
OnePlus,12,512,6627,108,12,6.24,120,1,25,70,100000
Tecno,12,256,7438,200,50,6.65,120,1,120,100,95000
Lava,12,512,5888,48,12,6.92,120,1,18,30,62500
Vivo,4,256,6731,50,20,6.82,120,1,120,93,90500
Tecno,24,128,5694,64,12,6.29,120,1,150,87,93500
Google,8,256,4781,50,16,6.72,120,1,45,37,66500
Lava,8,128,6068,32,12,6.17,90,1,100,87,68000
Motorola,8,128,5490,200,16,6.34,120,1,240,45,69500
Motorola,8,1024,4861,50,20,6.76,90,1,150,89,104000
Nothing,8,128,6004,50,8,6.63,120,1,100,82,76500
Redmi,16,128,4506,64,50,6.3,120,0,120,40,64500
Oppo,8,256,6995,200,12,6.76,90,1,25,48,80500
Oppo,8,128,4816,64,32,6.14,120,1,25,47,64500
Oppo,12,256,6412,50,32,6.81,120,1,45,66,82000
Lava,8,256,7015,50,12,6.9,90,1,10,49,63000
Apple,6,256,6988,50,16,6.77,90,1,10,28,80500
Poco,8,256,5005,12,32,6.24,90,1,150,96,83000
Samsung,12,128,5038,50,16,6.95,120,1,100,43,79500
Redmi,8,256,7355,108,16,6.67,120,1,25,40,66500
Apple,4,64,5556,108,16,6.61,165,1,240,67,99500
Google,6,512,5385,32,16,6.96,60,0,67,98,91500
Nothing,8,512,5115,32,16,6.11,120,1,10,31,62000
Poco,16,256,7195,64,8,6.11,120,1,100,84,86500
Apple,6,128,6016,50,20,6.4,120,1,150,55,89000
Honor,12,128,5601,50,32,6.75,120,1,120,63,72500
Xiaomi,16,256,6758,50,16,7.0,120,1,80,51,74000
Lava,6,256,6057,48,16,6.72,120,0,33,73,67500
Apple,16,512,4301,108,16,6.14,60,1,240,68,109000
Oppo,6,256,6404,48,12,6.2,120,0,100,96,90500
Nothing,8,256,6077,50,32,6.79,90,1,240,62,72500
Google,8,1024,6976,108,12,6.26,90,1,67,68,108000
Google,8,256,4064,50,16,6.51,120,1,67,96,85500
Apple,16,512,5938,32,16,6.96,165,1,67,95,124500
Oppo,24,128,6224,64,20,6.53,165,1,67,55,81000
Realme,6,512,6703,48,16,6.21,60,1,25,34,63500
Honor,8,128,6676,50,32,6.36,90,0,120,85,75500
Redmi,8,128,4921,50,12,6.8,144,1,33,60,67000
Tecno,6,256,7240,108,32,6.86,60,1,18,42,60000
Poco,12,256,6059,48,8,6.94,120,1,18,42,70500
Apple,6,256,5123,50,8,6.22,144,1,33,87,96000
Realme,8,256,4042,16,16,6.14,90,1,45,73,66500
Vivo,4,512,5129,200,32,6.51,120,0,33,77,83000
Motorola,4,128,6663,50,32,7.0,90,1,25,87,70000
iQOO,12,256,7495,48,12,6.44,120,1,240,70,92500
Samsung,12,256,6316,50,32,6.19,120,1,33,78,95500
Poco,6,256,7416,50,8,6.52,90,1,33,67,73000
Redmi,8,256,6174,16,12,6.32,90,1,150,61,69000
Vivo,16,128,5140,200,20,6.2,90,0,18,66,78000
Apple,16,256,5706,50,16,7.0,90,1,45,96,112500
Lava,24,512,7394,200,16,6.96,90,1,80,37,104500
Samsung,6,512,4580,48,50,6.98,120,1,240,88,102500
OnePlus,6,512,5289,48,12,6.82,120,1,18,67,91500
Samsung,6,256,6850,48,32,6.63,165,1,100,50,67500
Honor,12,256,6019,200,32,6.69,165,1,120,26,68500
Google,4,256,5892,64,32,6.71,90,1,33,39,67500
Xiaomi,12,256,5235,64,32,6.1,120,0,25,58,71000
Infinix,6,512,7106,50,16,6.35,144,1,10,37,62500
Redmi,8,256,7130,108,12,6.59,120,1,100,62,77000
Lava,6,128,5443,50,32,6.76,120,1,120,86,76500
Redmi,6,512,4794,48,16,6.67,120,1,120,79,83000
Apple,16,128,6472,32,50,6.73,144,1,45,69,104500
Lava,6,256,6907,48,16,6.25,165,1,120,83,78500
Google,12,256,7350,32,12,6.43,120,1,150,94,102500
Motorola,6,1024,4326,50,16,6.51,60,1,25,51,89000
Samsung,12,128,6756,64,20,6.51,165,1,150,58,91500
Realme,8,256,4444,64,32,6.14,165,0,45,62,74000
Lava,6,128,6032,50,20,6.85,120,1,67,71,72000
Vivo,8,512,7020,64,20,6.82,120,1,33,76,85500
iQOO,8,256,6853,200,20,6.54,120,1,100,66,89500
Redmi,8,256,5197,48,8,6.62,120,1,100,29,60000
Vivo,12,256,4848,48,32,6.6,120,1,10,66,71500
Samsung,8,512,4237,108,8,6.22,144,1,67,89,92500
Vivo,6,512,5046,50,20,6.12,60,0,33,62,77500
Nothing,16,512,4811,50,20,6.64,120,1,67,25,76000
OnePlus,12,128,6935,64,20,6.28,120,1,18,79,88500
Oppo,24,256,5495,48,16,6.73,120,1,67,48,86500
Samsung,8,256,4365,108,16,6.35,60,1,33,37,55500
Redmi,12,128,6513,50,16,6.1,120,1,80,44,66000
Tecno,8,128,4650,200,20,6.75,90,0,45,81,70500
Lava,12,256,7164,48,16,6.57,120,1,45,58,70000
Oppo,8,256,6427,64,12,6.65,144,0,120,58,68500
Tecno,8,512,5012,64,16,6.63,120,1,80,86,94500
Samsung,8,512,6009,48,8,6.73,120,0,100,71,85000
Samsung,24,256,4097,48,8,6.69,120,1,100,60,95000
Nothing,24,256,7021,50,16,6.75,120,0,67,36,87500
Poco,16,512,4484,48,16,6.6,90,1,100,46,78000
Motorola,8,256,6485,50,12,6.43,144,1,33,70,86000
OnePlus,4,128,5109,50,32,6.46,90,1,100,97,80000
Lava,12,256,5631,50,16,6.42,144,1,120,44,61500
Lava,12,1024,7241,200,12,6.78,120,1,18,55,106000
Lava,4,256,4696,50,16,6.8,120,1,150,57,65000
Motorola,12,256,4894,16,20,6.92,120,1,25,56,71500
Tecno,12,256,4833,48,16,6.39,90,1,45,55,53500
OnePlus,12,512,5380,48,16,6.82,120,0,100,99,98500
Lava,24,256,5251,50,16,6.73,120,0,25,49,78000
Apple,16,128,4138,12,32,6.26,120,1,150,98,113500
Apple,12,512,6863,50,20,6.52,90,1,120,66,113500
Honor,6,128,5793,48,12,6.73,120,1,120,41,62500
Vivo,6,512,5812,50,16,6.77,120,1,240,48,83500
Samsung,16,256,5234,50,12,6.78,120,1,67,39,79000
Vivo,8,256,5538,64,12,6.42,120,0,18,69,73500
Honor,8,128,7160,50,16,6.96,90,1,240,68,79500
Redmi,24,512,6099,50,16,6.83,90,1,45,84,103500
iQOO,6,256,6469,50,20,6.12,120,1,18,69,70000
Poco,8,256,6473,50,50,6.13,144,1,240,29,60500
Honor,8,128,4948,50,16,6.98,90,1,150,55,68000
Google,6,256,4255,32,16,6.44,60,1,150,94,84500
Xiaomi,12,256,4017,50,32,6.31,120,0,18,92,89500
Vivo,4,256,4069,50,16,6.51,120,1,25,72,74000
iQOO,12,512,6876,16,16,6.76,120,1,33,58,86500
Google,6,64,6953,50,8,6.65,144,0,100,94,85500
Xiaomi,6,1024,6681,50,32,6.72,120,0,25,85,99500
Redmi,4,64,5069,200,16,6.67,120,1,120,51,65000
Oppo,4,256,5146,50,16,6.57,60,1,10,45,60000
Honor,24,256,5632,48,32,6.7,120,1,45,97,100000
Oppo,4,256,7214,48,32,6.38,120,1,33,56,67000
Infinix,6,256,7051,50,16,6.6,90,1,100,52,68000
Lava,16,128,5793,200,16,6.9,90,0,80,30,70000
Vivo,16,256,7314,108,16,6.88,60,1,240,97,112500
Realme,6,128,4209,108,16,6.76,60,1,10,48,54500
Nothing,6,256,6395,48,16,6.57,120,1,18,80,80000
Motorola,8,256,6781,64,16,6.8,120,1,120,31,68500
Poco,4,128,7017,50,12,6.82,144,1,120,59,66500
Infinix,8,256,6757,50,50,6.92,120,1,10,30,49000
Poco,8,64,7049,50,12,6.21,120,0,67,35,51000
Oppo,8,128,5874,50,8,6.42,90,1,100,28,57500
Tecno,12,512,7446,48,32,6.64,90,1,150,29,75500
Nothing,8,512,5175,50,8,6.56,120,1,25,54,74500
Motorola,16,128,5190,16,16,6.14,120,1,80,29,52500
iQOO,8,512,7445,48,32,6.47,120,1,33,85,93500
Lava,6,256,6436,48,16,6.22,120,1,33,55,64000
